transactionAmount,paymentType,transactionVelocity,ipRisk,deviceRisk,geoDistance,impossibleTravel,hourOfDay,repeatedFailures,newDeviceFlag,fraudLabel
1110.99,1,1,10.46,4.51,53.58,0,13,5,0,0
5077.81,0,1,75.97,1.49,91.29,0,6,0,0,0
1706.96,1,0,4.0,5.94,44.28,0,2,0,0,0
602.41,1,1,11.25,2.7,49.04,0,20,0,0,0
2350.84,0,0,15.76,1.38,93.11,0,21,0,0,0
11786.82,1,12,22.32,2.59,2805.65,1,11,0,0,1
4967.85,1,0,42.39,8.94,705.16,0,15,1,0,1
23571.87,1,1,2.3,66.43,571.5,0,4,5,0,1
3741.46,0,2,34.7,5.92,163.1,0,7,1,0,0
36235.8,0,0,54.62,9.14,71.25,0,6,0,1,1
3742.55,0,0,3.0,16.59,3790.63,1,9,6,0,1
3205.04,1,1,33.11,3.17,27.62,0,3,0,0,0
871.84,1,0,20.98,26.39,73.5,0,5,0,0,0
9514.41,1,2,12.23,23.21,39.86,0,15,0,0,0
1896.71,0,1,37.79,2.79,13.58,0,5,1,0,0
80718.19,0,1,1.25,6.09,235.94,0,23,0,0,0
11285.01,0,5,29.77,13.16,407.71,0,14,1,0,1
9978.85,0,3,3.39,48.81,284.57,0,23,0,0,1
9721.07,1,0,13.8,13.72,42.41,0,22,0,0,0
2181.59,1,0,17.73,36.17,238.65,0,8,0,0,0
2978.05,1,4,12.39,71.23,40.34,0,22,0,0,0
2951.73,0,0,4.56,14.2,1.43,0,16,0,0,0
6853.52,1,1,9.28,4.5,3285.54,1,14,0,0,1
136486.83,1,0,19.66,29.31,148.32,0,21,0,1,1
4528.5,1,3,29.36,12.31,162.12,0,16,0,0,0
22581.61,0,1,5.1,17.67,105.57,0,11,1,0,0
7686.3,0,2,5.14,28.58,26.26,0,8,1,0,0
2477.98,0,3,54.63,22.77,115.04,0,3,1,1,1
7177.54,0,0,5.5,1.81,36.34,0,17,0,0,0
17256.43,1,2,6.06,6.53,124.92,0,22,0,0,0
99311.81,1,0,2.57,8.13,107.85,0,10,1,0,0
10269.07,1,0,27.59,30.6,98.2,0,8,2,0,0
3215.3,0,3,37.24,22.59,66.61,0,3,0,0,0
2523.26,0,0,11.35,16.02,80.42,0,6,0,1,0
5575.12,0,2,25.91,1.87,77.53,0,20,0,0,0
16713.54,0,1,78.8,16.29,113.74,1,3,0,1,1
4835.64,0,0,25.59,98.44,116.74,0,10,0,0,0
4937.09,0,1,86.16,66.29,4.42,0,22,0,0,0
96690.27,0,0,11.13,27.85,8.89,0,12,0,0,0
2257.72,1,1,71.57,22.04,78.81,0,17,0,0,1
2664.75,0,4,11.75,6.79,80.13,0,23,0,0,0
3588.27,1,1,3.2,9.7,158.28,0,6,0,0,0
17467.55,1,0,3.37,5.55,164.65,1,6,0,0,0
2465.84,0,1,64.4,18.42,50.09,0,18,0,1,0
3303.08,1,1,23.11,11.16,1.17,0,22,0,0,0
1318.99,1,1,18.16,22.04,235.8,0,19,0,1,0
6416.52,0,1,12.38,25.05,58.24,0,10,0,0,0
12291.7,0,2,20.44,23.64,79.23,0,23,0,0,1
15906.73,1,1,33.76,31.43,96.25,0,19,0,0,0
3840.53,0,4,65.28,56.52,63.21,0,5,1,0,0
5565.57,0,0,10.46,12.1,252.98,0,8,0,0,0
2687.72,0,1,21.26,0.49,22.94,0,9,0,0,0
5313.57,1,2,6.22,27.63,229.31,0,4,1,0,1
4289.67,1,0,34.33,71.33,82.7,0,1,0,0,1
3321.81,1,2,4.07,0.9,287.85,0,14,2,0,0
3596.63,1,1,2.52,27.53,72.01,0,7,0,0,0
4924.23,0,1,15.0,7.21,376.98,0,16,0,1,0
2335.19,0,1,13.77,4.49,209.78,0,5,0,0,0
2458.98,0,0,12.64,59.34,178.46,0,10,0,0,0
17280.98,0,3,18.96,2.09,206.12,0,6,0,0,0
47124.43,1,2,19.3,21.06,51.25,0,21,0,0,0
939.77,0,1,8.04,11.54,185.06,0,9,0,0,0
889.38,0,2,10.44,0.31,87.22,0,18,5,1,1
1203.33,1,0,6.26,8.56,393.39,0,16,0,1,0
2826.27,1,1,7.44,32.93,41.13,0,2,0,0,0
7675.44,0,4,86.62,22.0,57.68,0,14,0,0,0
5660.42,0,0,34.21,5.71,98.67,0,5,1,1,1
3722.05,0,1,33.84,4.59,24.17,0,10,0,0,0
5318.44,0,0,34.69,6.53,145.0,0,1,1,1,0
1568.56,0,0,3.61,23.92,17.09,1,9,4,1,0
2454.99,0,1,9.97,14.15,30.22,0,7,6,0,0
3071.45,0,2,4.86,9.74,120.41,0,5,0,0,0
642.77,1,1,5.55,46.91,267.8,0,17,0,0,0
981.12,0,0,9.29,17.89,20.22,0,2,0,0,1
77476.03,0,1,7.0,36.63,79.35,0,21,6,0,1
6728.5,0,2,25.46,29.57,33.53,0,14,0,0,0
4005.22,0,0,13.19,39.74,37.91,0,3,0,0,0
5773.66,1,2,13.64,19.35,25.34,0,20,0,0,1
497.87,0,1,52.81,13.53,1102.33,1,5,0,0,0
710.83,1,0,12.2,1.02,75.7,0,15,0,1,0
6082.77,1,0,82.65,9.9,186.62,0,20,0,0,0
194.67,0,0,18.72,1.09,7.46,0,21,0,0,1
10664.01,1,5,14.91,5.73,46.24,0,10,1,0,0
506.07,0,3,21.55,11.79,87.56,0,14,0,0,0
7283.34,0,0,4.74,2.03,1231.32,1,6,0,0,0
1288.73,0,1,10.72,74.43,60.33,0,7,2,0,0
8945.48,1,0,31.73,8.22,146.97,0,13,7,0,0
77509.9,0,2,50.19,25.91,213.67,0,22,1,1,1
322.73,0,1,1.66,5.6,171.05,0,15,0,0,0
6281.58,0,10,10.79,19.55,275.35,0,1,0,1,1
513.8,0,2,8.13,27.74,136.03,0,14,0,0,0
4801.91,1,0,1.42,18.64,41.93,0,19,0,0,0
2548.42,0,2,8.14,34.46,184.44,0,0,0,0,0
3568.08,0,2,5.79,21.14,142.72,0,15,0,1,0
73462.68,0,2,39.22,34.23,26.75,0,1,1,0,1
6839.99,1,1,8.62,16.06,519.69,0,17,0,0,0
736.3,0,2,35.66,7.43,222.36,0,14,0,1,0
10846.93,0,1,15.05,17.72,57.5,0,5,1,0,0
2081.3,0,6,10.93,12.98,64.53,0,3,1,0,1
770.71,1,1,21.2,41.58,160.25,0,19,0,0,0
15443.4,1,1,6.52,19.21,322.3,0,23,0,0,0
2929.71,1,2,19.86,10.18,91.47,0,3,0,1,1
21112.83,0,10,31.17,7.53,138.96,0,15,0,0,0
10629.16,1,3,21.5,30.38,276.31,0,21,1,1,0
1410.72,1,1,21.65,29.76,156.28,0,4,0,0,0
2878.46,1,0,29.46,26.53,7.89,1,16,1,0,0
3537.01,0,3,45.9,25.91,4187.32,1,9,5,0,1
14419.02,0,0,11.32,14.92,42.97,0,22,0,1,0
4853.8,0,1,7.65,37.75,277.2,0,16,0,1,0
3737.95,1,1,5.14,19.28,282.18,1,13,0,0,1
2566.04,0,0,25.7,13.37,87.72,0,16,0,1,0
2979.3,0,1,5.83,18.33,71.91,0,3,1,0,0
11551.75,0,1,15.58,76.37,125.37,0,14,0,0,0
3145.43,0,0,10.42,4.58,63.11,0,5,0,0,0
2111.18,0,1,41.56,23.8,158.96,0,11,0,0,0
1782.0,1,1,69.59,21.08,485.87,0,12,0,0,0
1801.25,1,1,40.59,10.84,90.27,0,13,0,0,0
771.17,1,0,41.11,87.45,3191.37,1,13,0,1,1
1479.74,0,0,23.7,5.16,21.43,0,10,0,0,0
14022.53,1,0,0.5,9.93,29.64,0,19,1,0,0
2548.86,0,0,29.78,48.06,113.14,0,22,0,0,0
6338.59,1,0,23.65,15.24,2329.41,1,21,0,0,1
262.76,0,2,4.78,37.13,87.56,0,7,0,0,0
5532.04,0,6,14.69,76.33,370.22,0,17,0,0,0
2666.83,0,0,23.51,27.0,2.11,0,16,1,0,1
1936.35,0,3,23.06,32.74,64.46,0,5,0,0,1
3755.44,0,0,17.26,63.97,248.37,0,15,1,0,0
1908.69,0,1,76.65,3.99,4.53,0,0,0,1,0
374.7,0,0,0.61,59.47,332.88,0,19,0,1,1
7881.3,0,0,28.59,27.74,12.58,0,10,0,0,0
3995.87,0,0,21.12,5.98,34.91,0,6,0,0,0
2289.43,1,3,6.7,18.52,83.91,0,1,0,0,0
69723.7,0,3,84.14,14.55,56.25,0,5,1,1,1
720.64,0,1,30.38,12.16,114.84,0,14,0,0,0
3920.18,0,4,13.59,11.39,11.89,0,23,0,0,1
15731.82,0,1,18.93,10.02,468.36,0,21,0,1,0
3839.77,1,1,4.48,49.74,16.81,0,15,0,0,1
70533.32,0,3,32.96,11.29,185.37,0,12,1,0,0
155992.62,1,0,27.8,3.47,45.31,0,17,0,0,0
2971.01,0,1,34.47,23.22,3302.37,1,9,0,0,1
7435.67,0,0,32.56,1.92,45.43,0,16,5,0,0
5748.72,0,2,8.63,21.4,46.72,0,15,0,0,0
158.25,1,1,32.71,5.87,37.95,0,23,0,0,0
5405.88,0,1,23.49,25.7,213.64,0,17,0,0,0
29769.48,0,0,44.59,14.99,2668.84,1,3,0,0,0
756.17,0,2,16.77,3.48,68.9,0,20,0,0,0
2595.48,0,6,9.46,6.69,80.07,0,8,0,0,0
4726.65,0,0,33.36,18.58,96.56,0,5,0,0,0
607.45,0,4,24.5,10.0,154.34,0,20,0,1,0
6339.63,0,2,1.89,67.99,1524.94,1,10,0,0,0
6723.33,1,1,22.57,22.14,362.61,0,17,0,0,0
3284.52,1,5,14.91,45.15,173.63,0,9,0,1,0
62485.67,0,1,24.04,1.57,265.29,0,12,0,0,0
1176.88,0,2,27.49,3.85,28.1,0,8,1,1,0
8742.33,0,0,4.49,37.04,4.78,0,18,0,0,0
691.44,1,2,93.36,92.97,128.2,0,5,3,0,1
9085.82,0,2,15.67,0.1,53.99,0,3,0,0,0
2656.6,1,2,17.47,50.18,89.02,0,18,1,1,0
2847.41,1,2,5.44,65.74,7.78,0,4,0,0,1
567.88,1,1,15.02,29.35,147.04,0,2,0,0,0
2706.15,0,1,41.09,12.35,27.46,0,14,0,0,1
5788.25,1,2,15.07,38.98,66.71,0,13,0,0,0
823.52,0,1,50.83,4.55,19.77,0,0,0,0,0
5159.71,0,1,12.81,9.15,51.01,0,8,2,1,0
3425.53,0,2,3.26,20.93,7.45,0,6,0,0,0
1646.23,0,0,20.04,8.03,164.55,0,0,0,0,0
7366.32,1,1,18.96,23.82,20.95,0,0,0,0,1
346.45,1,2,39.43,9.54,86.99,0,6,6,0,0
4432.33,0,3,1.57,11.56,98.65,0,16,0,1,0
15826.41,1,0,4.02,9.49,346.61,0,4,0,0,0
13226.04,0,2,19.05,4.42,74.2,0,3,0,0,0
4627.66,0,4,10.66,10.18,317.4,0,0,0,0,0
2317.67,0,4,16.58,17.57,3282.48,1,17,0,0,0
1659.38,1,1,4.45,17.93,424.6,0,21,0,0,0
2314.79,0,3,72.35,9.12,46.53,0,7,0,0,0
5398.13,0,1,20.91,17.46,235.64,0,0,1,0,0
1397.94,0,2,19.39,18.62,61.69,0,17,1,0,0
6683.68,1,2,12.27,21.99,57.73,0,0,1,0,1
26453.94,1,0,31.45,15.26,15.21,0,22,0,0,0
2945.74,1,1,13.75,23.66,645.31,0,9,0,0,0
816.97,1,7,7.64,18.32,7.87,0,17,7,1,1
816.69,1,0,11.82,9.87,13.26,0,10,0,0,1
6812.85,0,1,25.43,31.47,160.08,0,2,3,0,0
2952.05,0,1,15.82,13.65,113.57,0,22,0,0,0
7531.36,1,1,19.84,68.03,2835.4,1,8,0,0,1
1837.88,1,0,29.28,57.5,113.55,0,14,0,0,0
7191.27,0,2,1.39,8.77,120.01,0,13,0,0,0
2674.99,0,3,10.49,44.87,4.11,0,4,4,0,0
1506.43,1,1,78.47,5.99,17.44,0,1,1,0,1
2098.55,0,2,11.48,10.62,100.3,0,15,2,0,0
946.67,1,0,56.74,12.75,378.2,0,6,0,0,0
22910.71,0,1,6.64,7.43,235.75,0,8,0,0,0
2845.85,0,1,20.21,18.08,142.64,0,11,0,0,0
5970.07,1,3,4.91,7.83,145.22,0,9,1,1,0
1831.94,0,2,18.82,11.98,177.68,0,23,0,0,1
1094.52,0,2,21.61,21.61,102.92,0,9,0,1,0
2480.26,0,2,55.07,100.0,51.96,0,14,0,0,0
134967.1,1,0,25.4,2.73,4369.58,1,21,0,0,1
1861.74,0,1,15.63,5.78,316.94,0,1,5,0,0
1312.21,0,0,11.79,5.62,10.99,0,17,0,0,0
3660.9,1,2,3.78,23.09,3312.66,1,1,1,0,1
5161.71,1,2,24.43,12.57,14.69,0,4,0,0,0
16201.32,0,1,6.9,23.46,101.61,0,9,0,0,0
4463.78,0,0,31.64,4.17,63.85,0,6,0,0,0
5966.96,0,0,3.21,72.62,62.4,0,17,0,0,0
6433.51,0,1,14.12,28.75,207.83,0,4,0,0,0
989.29,0,0,9.61,41.33,134.34,0,16,0,0,0
1195.92,1,3,28.13,47.26,91.18,0,16,0,1,1
1060.08,0,2,15.33,3.61,96.07,0,21,0,1,0
827.04,0,1,4.51,99.69,188.27,0,12,1,0,1
6942.8,1,4,6.85,13.86,2031.35,1,17,1,0,1
4188.3,0,1,19.0,25.48,138.89,0,21,0,0,0
31122.8,0,0,6.25,13.16,156.29,0,22,3,0,0
234.46,1,0,10.54,11.08,69.49,0,6,0,0,0
24476.7,1,1,6.89,22.16,34.66,0,23,0,0,0
42425.62,1,1,10.64,13.07,14.91,0,21,0,1,0
24387.18,0,0,12.65,3.68,155.7,0,14,0,0,0
735.65,0,1,5.54,56.08,2180.19,1,3,0,0,0
1390.75,1,0,45.56,23.03,9.84,0,0,4,0,0
346.25,0,2,19.02,15.05,428.89,0,0,0,0,0
49186.83,0,1,1.87,20.6,360.22,0,23,0,1,1
1041.84,0,1,74.56,7.17,23.72,0,0,0,0,0
1071.7,1,0,26.37,6.44,17.91,0,17,0,0,1
794.32,1,0,19.89,11.9,67.39,0,21,1,0,0
6818.23,0,1,31.4,18.06,11.56,0,14,1,0,0
6383.45,1,0,19.47,11.75,1.53,0,23,0,0,0
19187.88,0,1,4.35,30.72,116.02,0,7,0,0,0
1578.6,0,1,34.66,86.48,72.79,0,9,0,0,0
3900.34,1,12,13.35,15.8,197.16,0,22,0,0,0
863.22,0,1,41.07,8.1,16.91,0,4,1,0,0
2241.64,0,1,81.18,22.77,111.55,0,2,0,0,1
1865.26,0,1,40.38,31.79,197.69,0,10,0,0,0
4986.3,1,1,19.54,12.94,279.12,0,3,0,0,0
8664.78,0,0,9.05,12.76,56.01,0,12,0,0,0
8442.78,1,1,5.61,14.67,137.76,0,11,0,0,0
1349.09,1,1,3.85,14.64,119.25,0,7,0,0,0
8505.5,0,5,41.15,45.55,238.3,0,11,0,1,0
2998.64,1,2,25.93,6.71,42.99,0,13,0,1,1
2265.17,0,13,10.55,21.84,20.77,0,21,0,0,1
1543.01,0,0,7.45,32.62,47.83,0,16,0,0,0
1790.17,1,1,52.03,24.11,292.32,0,19,0,0,0
17895.67,1,1,17.08,22.94,12.52,0,16,0,0,0
4261.65,0,1,25.85,31.2,100.89,0,6,0,0,0
3731.67,0,1,3.6,8.53,20.34,0,10,0,0,0
2410.89,0,1,5.18,28.78,2.5,0,10,0,0,0
36169.76,1,4,1.54,25.44,83.81,0,6,0,0,0
11556.58,0,0,34.41,20.82,32.62,0,3,0,0,0
1523.76,0,0,32.41,20.5,261.73,0,5,0,0,0
2383.64,0,1,24.3,32.06,253.79,0,13,0,0,0
2529.45,0,3,11.32,47.94,38.98,0,11,0,0,0
3625.95,1,12,29.71,7.69,54.91,0,15,0,1,0
1554.29,1,1,6.61,15.67,134.51,0,21,0,0,0
4860.11,0,3,8.2,18.7,74.87,0,7,0,0,0
13387.65,0,0,28.78,16.55,77.75,0,5,0,0,0
842.5,0,0,33.07,6.45,21.23,0,10,0,0,0
1014.2,1,1,9.79,22.39,5.12,0,22,0,0,1
1933.03,1,2,4.25,33.75,133.64,0,22,1,1,0
2024.76,0,1,18.55,14.59,86.43,0,21,1,0,0
23120.29,0,1,12.82,55.29,104.69,0,12,1,0,0
8533.11,0,2,8.95,4.87,124.96,0,12,0,0,0
61169.63,0,0,3.54,18.59,255.98,0,14,1,0,1
2405.79,1,1,11.31,82.6,298.6,0,16,0,0,0
2353.57,0,4,10.05,22.76,35.65,0,2,0,0,0
733.84,0,8,15.29,7.5,58.5,0,8,0,0,0
6848.19,1,3,32.84,21.95,61.5,0,5,0,0,0
5120.74,0,1,20.68,37.4,116.07,0,3,0,1,1
11338.93,0,1,0.95,56.8,190.43,0,5,2,0,0
2538.1,0,0,24.38,31.5,56.51,0,13,1,0,0
2719.55,0,1,16.0,3.24,404.76,0,18,0,0,0
30920.76,0,0,10.68,15.88,31.66,0,9,0,0,0
7645.69,0,8,100.0,5.27,159.51,0,21,0,0,0
93221.14,0,11,15.12,13.52,50.41,0,18,0,0,1
6542.38,0,2,7.08,8.53,207.68,0,20,0,0,0
3070.22,0,1,25.93,72.56,282.07,0,8,1,0,0
1087.2,1,2,9.71,8.69,71.0,0,21,1,0,0
389.71,0,1,4.47,18.88,2703.78,1,13,0,0,0
2734.01,0,1,14.07,7.34,148.48,0,18,0,0,0
13329.21,0,2,27.98,28.62,75.51,0,11,0,0,0
16725.41,1,1,36.01,11.29,80.59,0,17,0,0,1
4471.04,1,1,48.28,23.37,100.28,0,1,0,0,1
22292.5,0,0,49.82,1.81,50.5,0,15,0,0,0
3002.07,0,0,37.07,3.7,325.42,0,16,0,0,0
8129.9,0,0,17.22,34.31,21.57,0,13,0,0,0
1995.74,0,2,23.27,8.31,15.94,0,17,4,1,0
96992.31,0,0,17.53,8.65,95.13,0,18,0,0,0
1591.59,0,1,13.43,22.99,394.23,0,1,0,1,1
399.2,0,1,26.24,15.04,4182.98,1,3,0,1,0
11351.35,0,0,16.54,8.54,40.78,1,9,0,1,0
1649.73,0,1,20.74,9.22,40.03,0,11,1,1,0
105946.89,0,2,7.78,7.28,52.83,0,6,1,0,1
962.98,1,2,12.11,42.2,16.21,0,4,0,0,0
2554.57,0,0,32.46,17.19,146.54,0,8,1,0,0
18278.71,1,1,56.77,10.05,1.44,0,2,0,0,0
25432.39,0,0,1.98,10.56,13.44,0,6,0,0,0
595.34,1,0,25.38,62.9,329.0,0,20,1,0,0
2198.55,1,5,33.84,12.56,1.46,0,7,0,0,0
1113.92,1,0,37.81,18.35,93.17,0,21,0,0,0
8419.77,1,2,4.41,14.16,83.09,0,7,1,0,0
4173.85,1,1,9.34,6.91,336.68,0,3,0,0,0
1658.11,1,1,23.23,25.89,31.71,0,11,0,0,0
3369.68,1,2,27.55,28.65,75.05,0,11,0,0,0
1944.15,0,0,0.39,14.38,45.97,0,22,0,1,0
15744.5,0,12,21.87,18.21,4.64,0,10,0,0,1
5415.17,0,10,39.01,11.29,104.14,0,18,0,0,1
6123.1,1,1,79.08,6.78,2.91,0,3,0,0,0
217.69,0,6,8.97,26.13,15.75,0,5,0,0,0
2931.33,0,1,8.48,9.79,393.4,0,15,0,0,0
25165.04,1,1,36.66,59.76,66.7,0,8,0,0,0
11803.24,0,0,1.8,9.0,126.85,0,10,0,0,0
494.19,0,2,13.97,18.2,19.26,0,23,0,0,0
2290.61,0,0,30.77,34.31,173.12,0,8,0,0,0
942.45,0,0,17.99,14.23,102.82,0,21,1,0,0
17345.73,0,1,22.27,4.93,174.61,0,23,1,0,0
4000.91,0,1,20.31,20.28,100.28,0,4,0,0,0
1454.19,0,1,16.32,8.28,7.79,0,14,0,0,0
3242.69,0,1,15.24,15.59,62.66,0,10,0,0,0
231.05,0,2,89.08,12.75,146.85,0,12,0,0,1
1058.96,1,0,22.77,9.87,31.2,0,12,3,0,0
3250.11,0,1,6.85,29.93,919.33,1,11,0,0,1
7300.33,1,2,5.42,74.44,346.07,0,15,0,0,0
449.75,1,0,24.96,1.54,2735.72,1,6,0,0,0
2140.61,0,0,18.12,23.74,411.85,0,11,1,0,0
8601.45,0,1,22.07,8.53,48.73,0,1,1,0,0
734.03,0,0,20.89,94.83,73.21,0,3,1,0,0
3940.97,1,1,10.74,4.07,25.65,0,0,0,0,0
3347.52,1,0,8.1,15.5,307.02,0,22,0,0,0
17402.69,1,1,65.53,40.5,46.78,0,20,1,0,0
2489.57,0,2,40.05,9.61,249.71,0,6,0,0,1
2639.64,1,1,27.14,13.93,161.2,0,4,0,0,1
7368.43,0,2,44.8,45.44,146.47,0,8,0,0,0
831.85,1,2,85.77,8.68,357.1,0,5,1,0,0
2512.71,0,1,10.52,28.66,185.98,0,12,1,0,1
1986.79,1,2,12.06,38.1,199.66,0,21,0,0,0
2727.36,1,2,9.0,25.84,213.14,0,0,2,0,0
129466.96,0,1,13.7,7.02,288.15,0,19,4,0,1
5454.31,0,1,42.38,44.04,134.02,0,11,0,0,0
1482.25,0,1,73.1,33.36,68.61,0,11,0,0,0
3592.84,1,2,12.02,2.21,3213.88,1,12,0,0,0
13911.09,0,1,20.47,14.28,311.7,0,23,0,0,0
1364.62,1,0,18.42,37.1,22.13,0,11,0,0,0
3623.4,0,0,46.55,72.06,39.2,0,19,0,0,1
2583.34,1,0,25.81,6.9,6.1,0,9,0,0,0
2942.44,1,0,66.88,6.64,140.33,0,10,1,0,0
613.6,0,2,11.52,5.53,28.5,0,21,0,1,0
12845.68,1,2,8.24,38.22,40.94,0,13,0,0,0
1444.69,1,2,18.11,39.34,251.34,0,10,2,0,0
8743.55,1,2,16.84,25.99,29.32,0,14,0,1,1
1683.49,0,2,7.44,12.88,1041.94,1,8,1,0,0
1676.55,0,2,8.56,14.17,375.75,0,14,2,0,0
10542.01,0,0,2.72,23.61,47.79,0,19,0,0,0
8466.6,0,0,63.39,3.29,466.76,0,19,5,0,0
3860.94,0,3,8.86,22.71,268.83,0,17,1,0,0
6708.63,0,1,4.4,35.08,12.0,0,13,1,1,0
2348.3,0,3,41.47,31.62,59.35,0,7,0,0,0
3107.68,0,0,9.53,13.42,40.91,0,20,1,0,0
1617.08,0,0,12.02,45.0,6.58,0,13,0,1,0
7739.29,1,1,34.72,74.31,67.28,0,16,1,0,0
1566.48,1,1,30.53,14.42,34.35,0,9,1,0,0
13837.76,0,1,29.82,22.22,229.81,0,22,0,0,0
2285.1,0,0,50.84,12.37,69.22,0,13,0,0,1
3198.73,1,1,8.23,20.11,185.54,0,9,0,0,0
6692.4,0,1,19.68,20.74,95.21,0,1,0,0,0
3209.48,0,1,12.81,8.31,76.68,0,18,0,0,0
2326.43,0,1,18.58,9.2,163.87,0,19,0,0,0
3041.11,1,6,28.54,7.77,179.78,0,18,2,0,0
7660.39,0,0,78.67,12.16,15.59,0,8,0,0,0
1615.09,1,0,17.43,23.49,270.4,0,13,0,0,0
2762.15,1,1,5.38,14.36,12.94,0,1,0,0,0
3166.2,0,2,48.05,12.8,43.77,0,13,0,1,0
7439.7,1,1,11.76,14.59,149.44,0,0,0,0,0
2836.01,1,0,19.67,3.75,182.5,0,15,0,0,0
19116.35,0,2,12.96,42.08,141.53,0,17,0,1,0
2679.7,0,15,8.52,13.08,70.28,0,17,0,1,0
2470.85,0,3,26.23,22.0,15.32,0,14,0,0,0
2641.15,0,0,16.07,9.57,145.11,0,13,0,0,0
839.96,0,0,25.45,20.93,248.6,0,17,1,0,1
1111.29,1,1,5.04,20.16,0.48,0,3,0,0,1
1843.34,0,0,5.09,13.18,272.96,0,17,0,1,0
159460.11,0,2,3.57,6.79,35.48,1,22,0,0,1
3031.69,1,5,4.91,63.0,244.03,0,2,0,0,1
1930.16,0,2,11.58,14.8,1617.69,1,0,0,0,0
10684.34,1,2,4.01,1.7,7.01,0,12,0,0,0
14782.17,1,1,28.95,16.57,101.7,0,3,0,0,0
10997.05,0,0,9.8,97.22,22.95,0,21,0,0,0
1335.3,0,0,39.73,12.91,134.98,0,6,0,0,0
1909.8,1,1,5.96,8.29,237.38,0,19,2,0,1
19220.56,1,2,46.75,8.46,89.1,0,7,0,0,1
3988.38,1,0,21.76,17.44,67.26,0,7,0,0,0
2397.96,0,2,4.27,28.82,20.08,1,10,1,0,1
6427.55,1,1,22.55,2.23,103.96,0,13,1,0,0
8580.94,1,2,45.21,87.32,27.05,0,12,1,1,1
35882.77,0,2,61.32,28.29,314.48,0,11,0,0,0
3902.76,0,2,3.76,11.33,8.05,0,2,0,0,0
7915.36,1,2,3.03,14.54,75.68,0,19,0,0,0
982.12,0,3,19.28,37.5,104.5,0,19,0,0,0
3172.72,0,0,21.69,24.45,463.83,0,22,0,1,0
1028.25,1,0,28.39,71.97,7.27,1,20,2,0,1
1171.94,0,2,1.06,22.54,19.04,0,14,0,0,0
1784.51,0,0,3.92,21.48,26.17,0,17,0,0,0
5049.88,0,0,4.9,29.32,186.11,0,8,1,0,0
2271.0,0,0,71.73,15.21,3.81,0,11,0,1,0
1638.57,1,1,1.68,19.42,15.75,0,7,1,0,1
3299.59,1,0,9.82,27.22,100.03,0,19,0,0,0
995.29,0,4,15.17,15.81,2227.5,1,6,7,1,1
4811.69,1,1,4.99,60.55,5.18,0,10,0,0,0
9714.62,1,0,7.82,48.06,33.37,0,6,0,0,1
2895.16,0,3,2.06,24.05,133.03,0,6,1,0,0
2558.95,1,0,34.54,12.99,86.88,0,10,0,0,0
4552.54,0,1,36.58,23.42,130.92,0,11,4,0,0
412.21,1,0,4.62,31.91,68.8,0,0,0,0,0
144978.68,1,2,98.98,10.38,11.44,0,21,0,0,0
69695.14,1,8,43.13,7.82,85.91,0,11,6,0,1
2772.0,0,3,67.46,12.78,134.7,0,11,0,0,0
2781.86,1,1,10.15,48.88,221.69,0,3,0,0,0
6591.97,0,3,50.93,10.75,15.72,0,23,0,0,0
16241.62,0,0,23.24,14.39,24.18,0,6,0,0,0
8307.95,0,1,32.91,33.66,142.0,0,23,3,0,1
363.0,1,2,15.49,12.58,104.89,0,20,0,1,1
5504.93,0,2,28.31,10.53,19.48,0,9,0,0,0
66877.69,1,0,10.85,10.1,131.95,1,11,1,1,1
5839.74,1,0,11.74,6.49,219.76,0,11,0,0,0
987.72,0,9,0.61,13.7,120.6,0,13,1,0,0
4154.01,0,0,6.83,34.85,6.71,0,19,0,0,0
870.71,0,1,5.73,19.19,54.65,0,18,0,1,0
145246.11,0,0,7.57,67.21,52.44,0,0,0,0,1
1204.86,1,1,22.4,8.23,27.05,0,8,0,0,0
3375.31,0,2,20.24,7.65,1880.99,1,9,0,1,0
1329.05,1,2,6.95,4.4,420.65,0,2,0,0,0
1814.48,0,0,36.75,5.41,240.57,0,12,0,0,0
13851.53,1,0,39.71,16.87,351.65,0,5,1,0,1
3475.37,1,1,6.34,40.76,37.79,0,2,3,0,0
1791.48,1,1,25.26,11.12,2.86,0,9,0,1,0
997.02,1,0,100.0,35.63,17.01,0,12,0,1,1
37083.93,1,2,46.78,9.65,30.19,0,9,0,0,1
896.7,0,0,16.18,21.25,1573.03,1,1,0,1,1
3505.05,0,2,36.08,18.85,181.0,0,3,0,1,1
8351.81,0,0,12.9,4.34,152.42,0,4,0,0,0
1789.42,0,1,32.03,23.63,70.32,1,20,0,1,1
15071.24,1,6,40.76,43.69,112.75,0,10,0,1,1
1529.2,1,1,43.27,3.9,27.47,0,20,1,0,0
2470.04,1,1,7.98,11.56,99.6,0,14,0,0,0
1064.67,0,1,2.54,15.99,91.15,0,2,0,0,0
8440.2,1,0,5.46,4.65,115.3,0,22,0,0,0
25527.48,0,2,33.61,7.28,156.28,0,10,3,0,0
538.17,0,0,12.1,20.57,32.78,0,8,0,1,0
2216.84,1,7,38.54,15.35,2123.17,1,4,0,0,1
11100.88,1,0,35.03,71.19,355.49,1,16,0,0,1
737.34,0,1,50.45,12.06,69.43,0,4,0,0,0
5523.04,0,0,91.82,39.61,23.83,0,1,1,0,1
10630.39,0,9,39.51,13.5,319.94,0,23,0,0,1
3388.79,0,1,5.55,27.99,197.59,0,1,0,1,0
5433.09,1,3,2.94,84.24,154.38,0,4,1,0,0
67821.19,1,1,27.8,19.64,0.86,0,22,0,0,1
21991.84,0,8,92.52,35.55,1.71,0,9,0,0,1
2945.5,0,0,41.54,9.35,11.09,0,16,0,0,1
1840.19,0,0,15.85,23.01,43.6,0,19,0,0,0
1248.9,1,1,25.02,10.73,50.04,0,4,1,0,0
8324.55,0,3,14.32,8.6,43.28,0,1,0,0,0
794.91,1,1,23.42,29.49,35.48,0,20,3,0,0
2434.33,1,2,19.64,10.18,37.48,0,15,0,1,1
3472.71,0,0,7.99,10.92,3991.63,1,0,1,0,0
1895.04,0,1,12.22,7.65,336.38,0,16,0,1,0
4145.67,1,0,4.98,22.94,18.91,0,10,0,0,0
40721.57,0,0,5.57,18.8,0.8,0,19,7,1,0
2774.99,0,0,3.21,11.69,54.95,0,19,0,0,0
2027.57,1,4,24.08,11.93,231.82,0,8,4,0,1
8650.15,1,0,37.76,1.94,218.9,0,14,0,1,0
3982.18,1,1,34.72,9.17,58.7,1,13,0,0,0
13218.01,0,1,5.18,4.78,364.67,0,1,0,0,0
3694.82,0,1,28.67,19.61,37.55,0,13,0,0,0
2444.45,0,5,34.14,20.94,5.45,0,9,0,0,0
526.51,0,15,17.75,47.69,18.03,0,15,0,1,1
620.34,0,1,24.6,12.06,23.22,0,17,1,0,1
499.85,0,2,18.69,4.49,1.32,0,15,0,0,0
4579.47,0,0,10.66,30.17,143.49,0,0,1,0,0
135405.93,0,9,19.61,26.86,32.28,0,18,1,0,1
10999.19,0,0,4.14,10.96,2172.44,1,1,0,1,0
3230.03,0,0,4.85,31.76,15.88,0,2,2,0,0
2454.83,1,1,27.61,11.75,2462.96,1,7,1,0,1
1347.69,0,1,14.5,65.91,42.29,0,2,0,0,0
84413.75,0,0,27.73,6.92,292.61,0,6,1,0,0
1401.79,0,0,9.1,16.08,84.49,0,6,0,0,0
1169.84,0,0,41.11,16.62,35.68,0,14,1,0,0
10284.06,0,4,38.05,21.89,176.1,0,19,0,0,0
4467.66,0,3,25.4,30.69,205.28,0,21,0,0,0
2477.66,0,1,63.69,33.69,60.29,0,3,0,1,1
5951.7,0,0,39.65,58.7,21.21,0,11,0,0,0
3161.91,0,1,32.39,15.9,268.45,0,0,0,0,0
125630.0,0,1,3.6,1.81,111.87,0,14,0,0,0
1384.58,0,6,13.22,35.15,125.78,0,9,1,0,0
24844.67,1,1,10.66,5.35,193.23,0,3,0,0,0
1755.27,1,1,9.49,10.42,72.69,0,4,0,0,1
14853.88,1,0,14.46,9.23,255.42,0,5,4,1,1
2594.45,0,0,11.6,14.15,93.91,0,1,0,1,0
7024.06,1,2,16.72,24.7,3.25,0,1,0,0,1
6530.4,0,2,5.2,0.3,353.92,0,14,0,0,0
9866.02,0,0,16.45,14.96,302.95,0,18,0,0,0
1352.05,1,0,9.36,37.98,180.7,0,7,0,0,0
9187.83,0,0,37.93,69.8,259.25,0,19,0,0,0
19859.54,0,3,23.82,11.24,344.8,0,9,0,0,1
2419.48,1,1,20.49,48.62,135.51,0,17,1,0,1
3244.47,1,0,82.54,25.82,2449.58,1,5,0,0,1
1856.7,1,0,13.4,4.77,37.91,0,23,0,0,0
2216.23,0,3,25.34,11.32,55.63,0,17,0,0,0
17351.3,0,0,6.53,70.62,36.09,0,20,0,0,1
1147.99,1,2,1.7,44.26,12.62,0,13,0,0,0
1221.56,0,1,4.99,30.85,61.58,0,22,0,1,0
15691.92,1,2,27.59,23.72,115.35,0,8,1,0,0
5852.06,0,0,7.4,14.75,403.94,1,6,1,0,0
26117.75,0,0,6.13,32.16,248.3,0,20,1,0,0
1997.32,0,2,39.1,3.0,19.91,0,20,0,0,0
3555.61,1,0,3.02,11.89,4439.49,1,5,0,0,1
1618.61,0,1,61.95,13.5,98.22,0,20,0,0,0
3616.64,0,1,15.46,48.23,52.75,0,10,0,0,0
73712.34,0,2,11.37,21.65,13.02,0,0,1,0,0
6216.45,0,2,11.43,20.22,76.17,0,13,0,0,0
107219.85,0,2,61.19,17.78,57.78,0,12,0,0,1
2958.52,1,1,3.27,15.59,3084.44,1,23,0,0,0
2120.98,0,2,4.93,14.49,423.36,0,0,0,1,0
1280.81,1,3,5.33,6.79,6.71,0,9,0,1,0
6488.02,1,0,24.86,22.24,47.98,0,0,0,0,0
971.57,0,1,8.21,8.34,3274.41,1,16,0,0,0
5228.58,0,3,13.14,11.13,108.08,0,2,1,0,0
24945.57,0,4,34.24,18.94,65.9,1,7,0,0,1
13842.81,0,1,37.04,47.71,18.51,0,20,6,1,0
695.67,0,0,11.38,34.17,268.17,0,0,0,0,0
1832.18,1,0,72.82,16.62,245.65,0,18,7,0,0
4776.44,1,1,12.71,9.8,416.17,0,10,0,0,0
2921.11,1,0,17.44,33.27,109.68,0,20,1,1,0
773.24,0,0,10.63,19.69,124.06,0,8,0,1,0
4606.93,1,2,22.43,19.02,94.84,0,17,0,0,0
3102.56,1,4,5.46,0.7,43.84,0,22,0,0,0
21254.53,0,1,3.02,14.4,11.98,0,19,0,0,0
2432.73,1,2,8.3,3.01,39.91,0,13,3,0,1
10076.92,0,5,9.89,24.8,97.94,0,10,0,0,0
882.63,0,1,18.99,54.54,77.83,0,3,0,0,0
152614.6,0,0,24.57,66.87,21.34,0,7,0,0,1
6448.88,0,1,20.4,27.26,3087.43,1,13,2,0,1
9262.51,0,2,6.63,9.66,37.13,0,20,0,0,0
1203.04,1,3,22.93,13.81,43.1,0,12,0,0,0
3210.16,1,2,16.98,14.66,87.52,0,15,0,0,0
787.15,0,0,44.05,42.72,39.55,0,14,0,0,0
2614.37,1,0,9.31,8.61,65.96,0,20,0,0,0
7236.72,1,0,5.76,11.96,479.54,0,22,0,0,0
2028.48,0,2,24.07,13.92,29.94,0,16,5,0,0
2442.96,0,10,2.33,8.91,332.02,0,15,0,0,0
1012.53,0,0,17.78,24.22,76.64,0,1,1,0,0
1638.67,0,4,6.84,10.22,40.63,0,13,0,0,0
133341.91,1,2,20.85,18.12,3517.47,1,13,0,0,1
3370.87,0,8,10.67,95.61,654.6,0,16,1,0,1
1150.2,0,1,8.42,12.33,1.04,0,17,0,0,0
2287.53,0,0,28.73,13.37,22.07,0,14,0,1,0
634.33,0,0,32.16,6.68,226.77,0,17,0,1,0
1136.65,1,1,8.45,6.91,208.69,0,3,2,1,0
12214.02,0,3,13.4,26.54,78.99,0,2,0,0,1
2717.64,0,2,12.43,27.34,127.66,0,23,0,1,0
20758.9,0,1,18.16,53.52,140.92,0,19,0,0,0
2848.8,0,4,49.37,97.64,5.91,0,23,0,0,1
3023.05,0,2,72.67,14.97,23.73,0,10,1,1,1
5948.5,0,2,23.72,19.51,12.25,0,19,0,0,0
216.46,0,1,17.66,28.76,2270.35,1,18,1,0,1
3846.58,0,0,5.86,13.92,386.05,0,1,0,0,0
2983.98,1,0,3.63,12.67,117.92,0,13,0,0,0
13849.98,1,12,33.64,5.88,6.25,0,10,1,1,1
8222.91,1,0,53.68,13.3,24.62,0,15,1,0,0
1008.59,1,3,3.67,24.36,118.51,0,19,1,0,0
10852.37,1,0,9.7,66.24,1012.17,1,13,1,0,1
2410.73,0,1,10.81,16.4,210.43,0,13,0,0,0
1268.44,0,2,8.72,13.75,457.65,0,12,3,1,1
3816.55,0,1,33.7,4.23,137.19,0,3,0,0,0
2558.64,0,0,18.31,23.26,116.98,0,6,0,0,0
14595.45,1,12,13.16,16.89,72.54,0,0,1,0,0
4405.56,0,1,5.76,39.58,385.91,0,7,0,0,0
3849.35,1,3,75.14,12.8,69.49,0,8,0,1,1
7712.88,1,2,46.1,23.92,528.21,0,20,0,0,0
9347.57,0,0,7.52,3.48,32.62,0,5,0,0,0
6860.98,1,0,40.28,20.78,78.9,0,8,0,1,0
12957.93,0,0,7.5,9.76,56.71,0,0,0,0,0
5759.94,1,1,3.8,8.93,223.89,0,5,0,0,0
142164.31,0,2,21.92,26.45,225.32,0,14,1,0,1
10820.22,0,2,14.45,23.87,152.25,0,22,4,0,0
2861.51,0,0,14.76,21.13,249.53,1,16,0,0,0
3239.73,0,2,1.6,9.76,133.81,0,12,0,0,0
17528.39,0,4,23.47,7.92,573.14,0,18,1,0,0
15865.85,1,0,14.89,7.88,97.64,0,22,1,0,0
3108.28,1,7,36.35,11.62,36.06,0,10,0,0,0
148131.53,0,1,100.0,5.23,4386.17,1,8,1,0,1
13536.89,0,1,40.5,13.52,72.87,0,23,4,0,1
6977.31,0,1,29.42,28.38,403.01,0,0,0,0,0
4296.61,0,2,5.78,27.51,112.93,0,21,0,0,0
2271.34,1,1,1.94,23.53,18.08,0,18,0,0,0
30019.12,0,11,20.09,45.6,118.33,0,16,0,0,1
3066.5,0,5,16.05,42.08,578.09,0,6,1,0,0
119930.8,0,6,23.08,14.38,77.29,0,3,0,0,0
3565.44,0,1,22.74,10.11,139.98,0,0,1,0,0
4086.42,0,2,33.2,17.34,3.44,0,18,1,0,0
2152.97,1,0,34.78,15.13,4544.7,1,23,0,0,1
7737.44,1,0,13.66,7.11,84.94,0,4,1,0,1
11371.12,1,1,26.94,11.91,13.03,0,6,0,0,0
8265.93,1,0,5.47,49.94,132.22,0,4,1,0,0
2377.37,0,1,8.09,27.0,12.75,0,12,0,0,0
6672.98,1,0,19.16,5.9,17.01,0,18,0,1,0
3387.89,1,0,33.81,21.87,269.39,0,13,0,0,0
910.74,1,3,9.78,2.62,481.25,0,16,0,0,0
6140.92,1,6,47.51,8.42,806.11,0,14,0,0,0
3626.89,1,1,22.05,11.7,306.56,0,6,0,0,0
41921.24,1,5,13.99,19.94,328.67,0,10,2,0,1
13457.22,0,1,14.38,59.43,48.33,0,7,0,0,0
6381.45,1,2,5.14,54.31,59.05,0,0,0,0,0
4020.54,0,1,13.85,85.5,70.6,0,8,0,0,0
3691.26,0,1,7.0,16.03,39.07,0,14,0,0,0
1148.61,1,0,35.12,11.86,6.38,0,20,0,0,0
550.6,1,1,9.09,23.01,4024.03,1,6,1,0,1
1309.55,1,0,70.35,11.62,16.19,0,0,1,0,0
2987.77,0,2,9.19,86.37,138.39,0,7,0,1,0
381.63,1,2,31.62,43.55,13.71,0,15,5,0,0
1818.34,1,1,4.96,18.93,14.35,0,23,0,0,0
2446.43,0,1,11.13,6.08,103.65,0,7,1,0,1
2526.46,0,0,63.73,15.2,92.59,0,1,0,0,0
1616.92,0,7,96.38,19.34,32.56,1,1,0,0,1
2227.17,1,3,8.77,22.57,49.03,0,17,0,0,0
17569.05,0,0,52.93,6.14,104.78,0,5,1,0,0
6076.26,1,1,18.31,22.78,28.62,0,20,0,0,0
1789.51,0,1,42.11,7.93,164.06,0,11,0,0,0
2926.76,1,3,16.84,3.12,173.68,0,16,1,0,0
3046.31,0,1,6.65,4.61,55.17,0,0,0,1,0
1453.96,1,0,16.56,3.5,4.99,0,15,0,0,0
1452.25,0,5,15.52,13.36,181.64,0,6,0,0,0
8608.66,0,0,6.58,27.84,104.7,0,11,6,0,0
2059.49,1,0,2.06,84.5,126.38,0,23,0,0,0
1048.7,1,0,22.38,11.53,95.34,0,1,1,0,0
3001.48,1,1,0.15,7.16,92.86,0,13,0,0,0
3526.32,0,1,11.27,28.7,156.16,0,2,0,0,0
435.85,0,3,25.27,18.87,232.33,0,2,0,1,1
3008.67,0,0,14.4,16.99,18.71,0,11,0,1,0
7464.99,0,0,87.02,31.15,1.63,0,17,0,0,0
4920.81,1,0,22.18,20.72,386.19,0,2,0,0,0
29137.9,1,5,2.87,1.14,102.43,0,19,0,1,1
10950.16,1,2,25.53,9.84,34.79,0,9,0,0,0
13345.49,1,3,44.92,6.19,402.29,0,11,0,0,1
51538.58,1,2,16.6,30.08,150.16,0,5,0,0,1
6688.58,1,1,22.96,13.67,39.94,0,15,0,0,0
3688.85,0,1,63.82,20.8,185.79,0,20,0,0,0
8297.76,0,1,36.93,6.3,2437.07,1,11,0,1,1
1791.42,1,0,5.99,17.99,147.76,0,20,0,0,0
3490.1,1,11,6.99,10.79,211.03,0,5,0,0,0
1639.71,0,2,12.88,67.8,26.47,0,2,0,0,0
4665.66,0,0,47.01,20.2,216.05,0,21,1,0,0
1632.86,1,0,16.54,20.57,3592.34,1,14,0,0,1
1576.67,0,2,2.07,36.34,131.67,0,1,0,0,0
4738.49,0,10,1.12,2.73,21.86,0,21,0,1,1
2730.63,1,0,39.79,41.54,75.53,0,21,0,1,0
455.99,1,0,23.58,9.23,44.38,0,20,0,0,1
731.02,0,0,38.48,4.73,190.82,0,20,0,0,0
994.99,1,1,33.56,7.97,244.42,0,21,0,0,0
1295.99,0,1,15.35,19.47,122.81,0,0,1,0,0
58070.9,1,1,9.49,25.66,74.02,0,23,0,0,1
3900.81,0,1,11.52,13.08,15.33,0,15,0,0,0
9093.17,0,1,33.21,10.47,352.93,0,14,0,0,1
6652.86,0,0,5.41,34.07,257.03,0,20,0,0,0
9153.6,0,0,24.74,27.06,20.25,0,18,0,1,0
5758.29,1,1,24.07,11.57,84.73,0,12,0,1,0
3864.85,0,1,15.56,6.36,14.31,0,13,0,0,0
9408.34,0,1,8.72,15.51,25.86,0,18,0,0,0
146409.66,0,0,7.24,10.46,33.69,0,19,1,0,0
4564.64,1,1,75.17,13.28,508.23,0,13,0,0,1
11170.95,1,1,15.36,65.19,46.65,0,1,1,0,1
300.13,1,2,1.69,23.59,427.85,0,1,1,0,0
2343.82,0,0,11.67,15.08,421.29,0,3,1,0,0
2308.17,0,1,17.13,54.52,191.0,0,5,1,0,0
9923.72,0,1,4.38,14.06,121.97,0,15,0,0,0
15084.08,0,1,7.0,10.39,37.65,0,18,3,0,0
122827.82,1,0,4.07,20.09,83.0,0,4,0,1,1
12850.87,1,0,4.73,24.73,1439.92,1,7,1,0,1
971.22,0,5,12.76,10.89,63.51,0,23,0,0,0
1001.03,0,0,11.08,50.73,219.78,0,19,1,0,0
2479.26,1,8,51.49,20.55,42.33,0,2,1,0,1
2279.69,0,0,19.86,10.65,32.54,0,4,1,0,0
659.57,0,6,16.97,39.51,257.78,0,19,0,1,0
6002.18,0,4,1.74,17.63,2546.35,1,10,6,0,0
6182.03,0,0,16.15,2.94,95.81,0,23,2,1,0
8991.56,0,1,66.52,6.02,95.28,0,2,1,0,0
2031.53,0,8,25.68,34.46,61.89,0,17,0,0,1
3012.17,0,2,12.17,5.02,47.86,0,3,1,0,0
3039.88,1,2,48.68,47.46,59.54,0,21,0,0,0
16949.53,0,1,11.79,24.49,66.02,0,15,0,0,0
184.15,0,0,4.75,21.14,53.98,0,10,0,0,0
1203.58,1,4,37.48,10.02,1495.18,1,13,1,0,0
3151.21,1,0,5.03,46.4,22.83,0,23,0,1,0
1058.31,0,2,19.59,9.2,90.92,0,14,0,0,0
2420.38,0,3,11.2,19.37,168.45,0,6,0,0,0
2762.59,1,2,11.18,10.31,190.09,0,13,1,0,0
35927.84,0,4,26.26,27.37,168.53,0,22,1,0,1
3342.48,0,2,17.35,5.96,138.78,0,19,0,0,0
5873.17,1,0,26.73,13.29,113.65,0,23,0,0,0
98810.87,0,1,14.35,17.8,221.19,0,17,0,1,1
1991.82,1,0,37.99,24.72,308.45,0,21,1,1,1
2655.09,0,1,12.9,1.25,384.49,0,4,0,0,0
3110.58,1,2,11.91,6.38,40.79,0,13,0,1,0
549.87,0,1,14.55,24.03,17.79,0,14,0,0,0
4971.88,0,2,35.42,16.58,27.5,0,21,0,0,0
1996.2,0,8,43.61,14.84,100.94,0,2,0,1,0
11064.92,0,0,94.64,23.08,7.04,0,7,0,0,1
5659.29,1,1,2.15,24.58,649.48,0,14,0,0,0
10097.73,0,1,9.75,12.16,300.55,0,14,0,0,0
1140.24,0,11,44.84,22.57,138.95,0,6,0,1,1
2161.62,1,2,36.62,15.87,60.96,0,18,3,0,0
88397.89,1,1,2.93,3.89,185.03,0,2,0,0,0
1548.14,0,2,64.63,2.08,30.15,0,16,0,0,1
10961.07,0,0,66.38,62.52,309.93,0,12,0,0,0
144982.3,1,2,16.45,4.29,6.67,0,14,0,0,1
994.13,1,1,39.53,2.4,85.21,0,15,0,0,0
1981.72,1,1,8.21,6.93,10.4,0,10,0,0,0
2903.88,1,4,10.86,13.98,8.55,0,22,0,0,0
5628.54,1,3,7.59,28.1,58.0,0,12,1,0,0
539.26,0,0,12.12,10.35,199.57,0,1,0,0,0
630.81,0,1,24.04,18.18,6.57,0,23,0,1,1
5113.43,0,1,40.27,10.56,2.55,0,15,0,0,0
446.29,1,13,11.5,16.48,11.93,0,6,0,0,1
2004.61,1,1,24.23,41.52,125.35,0,16,0,0,1
3685.24,0,0,4.6,15.32,272.12,0,4,0,0,1
4748.89,0,1,1.85,19.15,26.82,0,13,0,0,1
2719.71,0,0,3.72,13.49,67.45,0,4,1,0,0
2173.82,1,3,6.05,6.23,50.85,0,12,0,0,0
7292.28,0,2,11.77,30.15,57.47,0,2,0,0,0
4168.06,0,2,1.32,9.55,91.6,0,0,0,0,0
1640.87,0,0,32.42,24.07,272.07,0,18,0,0,0
3254.27,0,4,12.83,40.67,323.08,0,18,0,0,0
4597.05,0,9,3.81,8.69,242.75,0,15,0,0,0
17469.94,0,1,47.88,3.83,103.25,0,13,0,0,1
6879.65,0,0,28.02,13.18,144.59,0,1,6,0,0
10557.13,0,1,7.36,5.34,133.29,0,10,1,0,0
1701.72,0,0,34.13,6.47,639.49,0,17,0,0,0
1855.33,0,1,19.4,8.42,2.08,0,16,0,0,0
2476.55,0,1,2.17,74.2,80.02,0,5,1,0,0
2714.67,1,1,22.69,21.26,313.35,0,16,0,0,0
1143.64,0,1,32.74,9.23,164.21,0,14,0,0,0
11113.7,0,1,2.93,49.82,135.74,0,3,1,0,0
7580.63,0,0,7.99,8.82,115.03,0,0,2,1,1
2308.43,0,1,100.0,5.03,50.78,0,20,0,0,1
5953.36,0,3,0.23,80.31,865.0,1,3,0,1,1
3916.29,0,0,39.11,10.03,156.95,1,7,0,0,0
6437.07,1,0,3.64,6.51,185.14,0,23,0,0,0
817.04,0,3,13.24,10.66,132.88,0,13,0,1,0
2709.01,0,1,44.45,61.28,408.66,0,4,0,1,1
2957.09,0,0,23.18,9.27,93.16,0,23,1,1,0
5846.76,0,0,6.45,13.17,99.54,0,22,0,0,0
1671.64,0,2,45.6,24.87,98.31,0,1,3,0,1
257.26,1,7,54.73,17.96,353.92,0,7,0,0,1
1062.42,1,0,9.77,20.74,69.39,0,6,0,0,0
2948.21,0,0,13.59,4.72,29.49,0,10,1,1,1
3340.53,0,0,23.77,24.23,266.2,0,16,1,0,0
16877.69,0,1,28.11,44.63,27.09,0,20,0,0,0
5612.47,0,3,9.17,3.41,198.01,0,16,0,0,0
3400.0,1,1,60.26,7.75,35.4,0,8,0,0,0
3033.91,0,0,2.37,18.67,158.08,0,1,0,0,0
9453.91,0,1,11.93,17.5,494.75,0,21,0,0,0
1736.96,1,2,4.77,24.6,40.85,0,19,0,0,0
2723.62,0,1,1.36,67.91,12.11,0,11,0,0,0
140908.29,0,2,35.92,71.09,208.26,0,11,1,0,1
12950.71,1,1,3.88,20.78,146.89,0,8,1,1,1
4640.14,0,1,9.63,7.67,157.12,0,7,1,0,0
1544.53,0,1,11.71,10.13,4329.13,1,15,0,1,0
2794.88,0,5,21.37,16.92,65.5,0,7,0,1,0
5216.86,1,2,70.43,18.76,82.29,0,9,0,0,0
2438.85,0,0,31.43,1.12,123.53,0,18,0,0,1
1836.34,0,3,17.92,19.28,179.77,0,1,1,0,0
1629.01,0,3,13.69,23.28,128.48,0,12,0,0,0
4398.25,0,0,24.17,7.7,13.41,0,23,0,0,0
2190.63,1,15,24.01,10.24,50.57,0,18,0,0,0
1990.7,0,4,20.99,21.86,33.86,0,12,0,0,0
44064.29,0,0,30.06,10.53,4.87,0,15,3,0,0
3386.8,0,2,37.82,1.76,7.14,0,4,0,0,0
2614.37,1,2,13.74,8.96,26.66,0,2,0,0,0
2271.85,0,4,8.92,68.43,198.54,0,18,4,0,0
3822.92,1,0,11.48,4.41,34.68,0,0,0,0,0
6621.0,0,2,31.47,62.39,178.59,0,16,0,0,0
6320.58,0,1,10.1,10.31,99.87,0,8,0,0,0
5446.5,1,0,61.22,8.26,75.86,0,18,0,0,0
2463.48,1,8,6.45,94.9,124.08,0,23,3,1,1
52307.04,0,0,0.32,10.8,247.54,0,7,2,0,0
1103.33,1,2,3.72,16.27,55.01,0,4,0,0,0
1731.67,0,2,6.42,10.11,18.31,0,23,0,0,0
3195.98,0,2,78.7,4.72,455.69,0,3,0,0,0
1427.55,1,0,61.51,18.26,14.68,0,21,0,0,0
3449.75,0,0,36.55,31.1,40.68,0,6,0,0,0
1193.38,1,5,2.92,26.67,214.76,0,18,7,0,0
595.27,0,0,13.54,24.79,34.96,0,17,0,0,0
7111.06,1,2,20.03,24.29,262.19,0,18,1,0,0
1950.0,0,1,44.96,22.68,124.0,0,15,0,0,0
130798.67,0,1,8.58,18.44,53.65,0,15,0,0,1
1049.59,0,2,35.38,12.29,3147.92,1,18,0,1,1
4784.02,0,1,6.13,17.06,25.25,0,13,4,0,0
12393.26,0,1,70.99,24.57,94.51,0,1,0,0,0
2094.2,0,2,26.41,54.87,11.38,0,15,0,1,0
2526.11,0,0,36.35,40.23,1257.74,1,20,0,0,0
9151.12,0,3,5.31,5.82,47.33,0,6,0,1,1
512.63,0,1,37.12,2.87,37.34,0,10,6,0,0
22401.17,1,0,25.11,35.8,2070.91,1,16,0,0,1
36101.88,1,1,4.43,27.81,510.78,0,10,0,0,1
209.28,1,9,18.57,17.81,10.54,0,6,0,0,1
2842.66,0,7,23.29,8.86,17.64,0,19,0,0,0
1526.99,1,2,35.97,1.35,35.34,0,15,1,0,0
2404.81,0,1,6.87,18.17,56.36,0,22,0,0,0
2062.38,0,0,15.48,14.57,3914.66,1,21,0,1,1
7056.89,0,2,11.11,11.97,155.38,0,1,0,0,0
2800.16,1,1,2.92,5.88,104.74,0,23,0,1,1
1260.28,0,3,13.66,30.51,719.15,0,5,1,0,0
2638.1,0,0,17.16,100.0,206.7,0,4,0,0,0
5243.71,1,2,8.7,27.8,82.48,0,0,0,1,1
959.37,0,1,8.04,3.61,18.75,0,19,0,0,0
604.12,0,0,3.02,23.03,19.93,0,3,0,0,0
22988.35,1,13,14.74,34.75,10.57,0,21,0,1,0
1648.42,0,4,13.91,36.4,30.79,0,8,0,0,1
120481.36,0,1,28.83,12.66,153.78,0,20,0,0,0
2105.28,1,1,15.63,12.23,12.19,0,2,0,0,0
5421.28,1,0,50.2,43.06,130.03,0,3,0,0,1
18449.45,0,2,13.26,30.56,198.51,0,5,0,0,1
5596.71,1,1,17.98,26.51,4173.7,1,15,0,0,1
686.52,0,0,9.66,27.98,84.27,0,17,0,0,0
785.15,0,0,25.65,17.24,76.4,0,14,1,0,0
2102.82,0,3,22.66,12.94,192.81,0,20,0,0,1
2396.51,0,1,37.5,78.34,228.57,0,3,1,0,1
560.06,1,0,79.0,7.11,109.09,0,7,1,0,0
7110.59,1,1,4.65,3.45,191.49,0,21,1,1,0
1057.52,0,1,25.49,14.04,1549.9,1,11,0,0,0
13950.93,0,1,69.31,29.81,580.38,0,20,1,0,0
19353.58,0,2,8.63,42.12,117.79,0,3,0,0,0
2444.87,1,0,27.34,14.7,33.72,0,1,0,0,1
4860.87,0,1,13.27,28.7,157.42,0,5,0,1,1
914.2,0,0,0.4,72.65,25.22,0,17,0,0,0
5846.96,0,1,10.23,3.57,426.54,0,8,0,0,0
1904.18,0,0,15.29,5.34,170.41,0,23,0,0,0
1056.55,1,1,14.19,25.01,8.92,0,4,0,1,0
2346.46,1,1,18.59,92.08,317.89,0,6,0,0,0
1966.97,0,1,28.5,4.25,45.7,0,16,0,0,0
2263.89,1,8,11.63,26.34,205.51,0,7,0,0,1
8100.49,1,2,15.73,35.37,31.93,0,23,0,1,1
1428.95,0,0,3.62,36.72,45.46,0,17,0,0,0
17765.67,0,1,12.9,69.26,7.52,0,21,1,0,0
832.92,0,1,26.02,11.45,20.62,0,5,0,0,0
15763.15,1,0,21.07,15.89,95.95,0,3,1,0,0
1133.98,0,0,5.77,14.26,38.76,0,1,1,0,0
3130.62,0,3,16.73,20.1,61.15,0,23,0,0,0
1919.47,0,1,13.61,27.59,355.16,0,20,0,0,0
2222.24,1,2,33.99,30.6,90.19,0,0,0,0,0
6983.86,0,0,12.88,9.85,107.24,0,11,0,0,0
14042.26,1,0,35.03,5.26,232.13,0,1,0,0,0
10306.44,0,2,10.16,28.33,57.19,0,11,0,0,0
2090.47,1,3,20.38,18.68,2047.9,1,19,4,0,0
3767.83,0,0,22.36,18.71,131.22,0,1,0,0,0
1433.57,0,1,1.47,3.75,456.87,0,18,0,0,0
1162.64,1,0,16.13,47.03,62.61,0,5,0,1,0
995.95,1,0,14.61,5.11,83.36,0,23,7,0,1
2023.18,0,1,18.44,5.76,196.22,0,3,1,0,0
4022.29,0,2,20.04,16.69,224.75,0,1,5,0,1
463.21,1,9,4.85,2.02,51.63,0,17,0,0,1
2991.85,1,0,6.75,20.85,3807.19,1,21,1,0,1
14271.58,0,3,27.72,21.87,212.51,0,0,1,0,0
9623.0,0,1,39.07,9.3,81.0,0,21,0,1,1
1745.53,1,1,48.12,31.59,232.34,0,14,0,0,0
775.2,1,2,75.98,8.23,200.14,0,22,1,0,0
4963.32,1,1,29.97,26.35,86.64,0,20,0,0,0
308.76,0,1,19.58,9.79,70.38,1,21,0,0,0
9510.52,0,0,87.33,22.83,66.8,0,5,1,0,1
2531.11,1,1,12.34,29.17,62.92,0,1,0,0,0
19561.14,1,2,13.95,13.4,11.52,0,11,0,1,1
557.26,1,1,7.96,21.44,160.33,0,13,0,0,0
112151.76,0,3,16.08,15.13,3628.03,1,22,1,0,0
2834.13,0,3,12.0,16.92,426.67,0,3,0,1,0
2250.59,1,1,100.0,9.39,229.47,0,21,0,0,0
796.44,0,1,0.96,32.12,145.43,0,11,1,0,0
5685.92,1,1,9.97,20.58,4069.17,1,9,0,0,0
6161.88,0,0,72.41,24.22,4413.95,1,3,1,0,1
18678.49,1,1,24.34,15.21,111.85,1,11,1,0,1
8587.39,1,1,13.95,26.46,104.32,0,8,0,0,1
1730.39,0,0,26.58,31.36,171.65,0,8,1,0,0
1148.41,0,0,25.8,13.08,163.27,0,21,0,0,0
797.52,0,0,7.94,13.27,318.7,0,1,1,0,0
13673.63,0,1,2.95,14.41,187.24,0,7,0,0,0
1439.18,0,2,41.49,18.87,61.2,0,1,0,0,0
13769.76,0,0,4.3,12.3,61.19,0,5,0,1,0
5297.93,1,1,22.31,23.14,50.49,0,14,1,1,0
4358.59,0,2,39.69,5.12,16.34,0,12,4,1,0
2305.68,0,0,8.19,9.56,22.99,0,2,0,0,1
6067.32,0,3,17.52,17.45,177.74,0,9,1,0,1
3085.69,0,0,47.74,13.02,31.35,0,3,0,0,0
2166.32,0,2,28.23,0.26,1414.94,1,23,0,0,1
6285.53,0,1,8.3,92.34,282.09,0,22,0,1,1
2713.59,1,1,15.79,17.35,26.77,1,15,0,0,0
1410.45,0,1,14.8,43.28,70.16,0,23,0,0,0
5709.16,1,1,24.06,4.0,2352.84,1,14,0,0,0
61995.41,0,2,4.45,2.4,6.79,0,20,1,0,0
5109.77,0,1,28.84,8.18,17.99,0,5,8,0,0
1990.5,1,1,13.07,26.46,55.56,0,12,0,1,0
129987.51,1,9,12.76,18.36,166.96,0,5,1,0,1
118578.75,0,1,6.35,7.36,53.44,0,4,1,0,1
14714.83,0,0,29.65,15.62,193.7,0,0,0,0,1
7583.92,0,3,17.78,1.14,262.42,0,11,1,0,0
2126.41,0,2,22.26,54.61,87.88,0,19,0,0,0
66010.36,0,0,71.47,13.07,161.64,0,5,0,0,0
12485.55,0,1,7.47,13.09,87.69,0,0,0,0,0
2199.91,0,0,8.33,4.22,457.11,0,14,1,0,0
1664.77,0,0,15.59,34.91,56.88,0,17,0,0,0
89740.06,1,2,27.32,9.99,36.59,0,12,0,0,1
2987.89,1,1,14.51,56.34,60.81,0,12,0,0,0
18369.1,0,0,62.55,4.64,8.88,0,19,0,0,0
774.03,0,0,3.92,49.02,78.27,0,3,0,1,0
5261.57,0,0,60.44,58.22,279.11,0,16,0,1,0
24861.67,0,1,13.27,5.5,117.37,0,6,1,0,0
3228.43,1,2,12.13,13.07,16.72,0,16,0,1,0
2406.66,1,9,12.96,38.91,30.15,0,4,6,0,1
974.82,1,1,8.37,19.32,125.73,0,10,1,1,0
9249.67,1,0,1.22,76.0,266.32,0,14,1,0,0
1450.8,1,1,5.39,10.17,275.58,0,18,2,0,0
2850.33,1,1,30.35,6.86,1903.62,1,14,0,1,1
911.87,0,2,70.99,20.21,28.02,0,19,0,0,1
149478.81,0,1,8.02,25.3,9.62,0,2,0,0,0
9945.6,0,0,9.01,47.0,120.27,0,1,0,0,0
162178.94,0,3,11.77,7.46,461.93,0,6,0,1,1
988.17,0,1,5.22,13.11,129.44,0,20,0,0,0
14558.16,1,0,30.2,14.39,1.08,0,5,0,0,0
2173.44,0,3,43.6,83.35,139.97,0,1,0,0,0
1037.73,0,2,17.6,6.69,100.62,0,20,0,0,0
538.01,0,0,24.84,25.15,437.02,0,19,0,0,0
1642.6,0,1,28.13,12.96,106.01,0,22,2,0,0
731.69,0,0,2.84,73.04,253.3,0,3,1,1,1
1681.06,1,1,28.83,5.43,0.16,0,5,1,0,0
6597.25,0,3,8.69,68.82,67.27,0,13,0,0,0
2152.96,1,0,28.57,45.98,463.97,0,18,0,0,0
4472.46,0,1,5.6,15.45,2526.45,1,12,0,0,0
1520.3,0,2,30.79,18.46,1462.22,1,1,0,0,0
3344.82,0,0,2.22,12.2,51.33,0,8,2,0,0
21394.75,1,0,10.88,67.53,12.19,0,7,0,0,0
2211.69,1,1,22.95,1.7,71.43,0,2,0,1,1
80039.06,0,1,9.84,11.19,30.86,0,7,0,0,1
654.89,1,0,1.77,78.42,34.6,0,11,1,0,0
14329.94,0,2,34.86,24.96,400.06,0,18,0,0,0
1944.56,1,0,61.77,35.83,194.12,0,21,2,1,0
8960.07,0,0,18.96,5.31,44.52,0,4,0,0,0
2770.6,0,2,22.71,23.82,102.74,0,6,1,0,0
5776.65,1,2,20.51,13.89,266.08,0,21,0,0,1
6130.38,0,0,20.13,48.21,236.12,0,15,0,0,0
1993.33,0,1,10.54,3.53,271.38,0,20,0,0,0
9338.55,0,0,6.21,27.1,90.92,0,3,0,0,0
1467.06,0,4,34.65,22.42,77.32,0,20,1,0,0
6822.18,1,2,7.07,2.69,161.68,0,19,0,0,0
2121.32,1,4,11.01,42.53,162.26,0,21,0,0,0
4445.1,1,2,7.97,10.54,64.99,1,13,2,0,1
1974.37,0,6,9.83,5.77,43.16,0,11,0,0,0
3294.39,0,9,11.89,1.13,0.3,0,19,0,0,1
1069.88,0,0,8.56,62.76,89.58,0,5,1,1,0
4014.05,0,0,44.5,11.53,980.8,1,14,0,0,0
3275.38,0,1,23.64,17.07,244.57,0,22,0,0,0
1825.93,1,2,10.82,22.51,36.38,0,12,0,0,0
2966.01,1,2,79.7,16.08,280.91,0,3,0,0,1
3583.17,1,1,3.34,65.68,1.81,0,18,0,0,0
1691.96,0,1,5.28,3.99,11.34,0,15,0,0,0
2755.19,0,3,11.52,3.49,141.83,0,7,1,0,0
1146.48,0,1,0.9,9.51,34.05,0,5,0,0,0
32719.71,0,1,30.4,1.06,137.06,0,14,0,0,0
9037.33,0,1,30.13,12.7,16.03,0,16,0,0,0
4117.88,0,2,19.35,10.63,32.95,0,17,0,0,1
10118.42,0,0,30.2,17.73,124.92,0,21,0,0,0
433.0,1,2,5.55,18.36,9.87,0,19,2,1,1
242.82,0,0,6.73,86.1,134.37,0,9,3,1,0
2102.14,1,3,2.53,20.93,1.78,0,15,1,0,0
789.53,0,1,3.1,49.19,77.89,0,19,0,0,0
2473.51,0,1,13.43,8.34,14.16,0,11,0,0,1
3849.34,0,1,8.55,25.36,77.35,0,11,0,1,0
7866.86,0,12,7.86,21.34,73.9,0,2,3,1,1
1003.99,0,0,17.26,24.77,95.07,0,18,0,0,0
4673.35,0,1,1.99,8.97,316.85,0,14,0,0,0
68269.92,1,0,83.12,28.36,55.97,0,12,0,0,1
4436.0,0,2,7.56,4.28,151.71,0,13,0,0,0
1863.53,0,1,5.88,5.87,88.85,0,8,0,0,1
12495.64,0,1,7.49,32.28,19.09,0,2,0,0,0
2825.64,0,1,21.89,2.22,96.5,0,11,0,1,0
18475.16,0,3,36.16,4.4,51.02,0,1,1,0,0
28591.19,0,1,13.74,53.96,6.6,0,7,0,0,0
48765.91,1,1,14.13,10.87,126.19,0,7,0,0,0
2952.28,1,0,0.71,10.44,239.6,0,15,1,0,0
2258.05,1,1,36.68,7.71,119.92,0,7,1,1,0
5897.69,0,0,21.64,1.49,41.45,0,23,0,0,0
2323.49,0,2,16.9,10.56,242.53,0,16,0,0,0
218.77,1,1,7.06,17.21,34.07,0,9,0,0,0
146.52,0,2,3.78,21.56,44.59,0,23,0,0,0
11186.04,0,2,12.27,8.19,166.15,0,14,0,0,0
10724.2,0,3,6.29,20.69,316.03,0,17,4,0,1
20688.66,1,1,64.48,11.21,36.54,1,5,1,0,1
3079.34,1,1,18.61,8.53,42.76,0,2,0,0,0
132836.91,1,1,0.83,5.08,4257.16,1,13,0,0,1
2059.91,1,3,92.49,89.17,168.02,0,8,0,0,1
3169.8,0,1,4.75,11.47,21.85,0,8,1,0,0
1144.77,1,1,16.22,21.33,2127.15,1,15,0,1,0
16294.37,0,2,3.48,9.2,65.76,0,22,0,0,0
29422.14,1,0,46.27,26.0,112.58,0,21,0,0,0
5055.75,0,1,4.9,17.71,57.51,0,18,0,0,0
3099.93,1,1,31.33,6.38,210.92,0,20,0,0,0
858.37,0,1,5.95,0.64,3.56,0,14,0,0,0
14712.22,0,0,25.76,53.51,95.47,0,2,0,0,1
3382.29,0,0,23.08,73.32,219.61,0,12,0,0,0
120943.45,0,3,15.12,10.82,31.77,0,3,0,1,1
5070.4,0,0,29.33,13.61,85.69,0,13,0,1,0
1744.61,1,0,24.79,10.39,102.99,0,7,0,0,0
3629.59,0,1,2.05,7.21,73.84,0,2,0,1,0
740.65,1,0,8.83,11.13,84.56,0,22,0,0,0
9293.66,0,1,6.87,25.69,23.19,0,0,0,0,0
2823.09,1,2,11.68,1.74,32.47,0,7,0,0,0
9984.62,0,4,10.36,14.33,422.36,0,14,0,0,0
2562.82,1,1,39.31,61.29,74.71,0,19,0,0,0
2734.76,0,1,82.23,6.34,232.96,0,14,0,0,0
932.33,0,2,23.9,15.71,46.7,0,13,0,0,0
6699.29,1,0,7.83,20.46,66.61,0,5,2,0,0
1305.26,0,0,1.46,7.7,139.88,0,12,0,0,0
1926.73,0,0,35.15,26.86,141.18,0,18,0,0,0
3137.08,1,2,17.56,2.96,18.07,0,14,1,0,0
3537.67,1,0,28.8,47.94,71.37,0,2,0,0,0
569.01,0,2,16.75,0.5,201.91,0,7,0,0,0
2487.9,0,13,30.55,32.22,134.8,0,17,0,0,1
6941.2,1,5,44.68,22.28,69.54,0,1,2,0,1
2146.65,1,2,67.96,23.76,191.12,1,13,0,0,1
2503.06,1,3,5.77,9.05,6.53,0,15,1,0,0
3686.4,0,3,6.13,40.42,10.77,0,7,0,0,0
2762.91,1,0,5.69,3.27,119.35,0,14,0,0,0
1118.21,0,0,2.7,2.47,34.27,1,21,0,0,0
133686.24,1,0,32.27,4.28,251.79,0,2,0,0,0
8468.2,0,0,17.49,5.43,58.78,0,18,0,0,0
1095.34,1,1,43.0,13.69,127.0,0,20,0,0,0
2154.94,0,2,17.69,23.6,158.25,0,22,1,1,1
787.11,0,1,7.45,3.93,14.04,0,19,1,0,0
8033.55,1,2,7.64,33.59,394.79,0,6,0,1,0
2857.33,0,4,5.21,32.55,19.96,0,8,1,0,0
1339.16,1,1,10.18,13.09,228.79,0,14,0,0,0
3436.7,0,1,11.26,6.45,77.22,0,19,0,0,0
56084.62,1,1,5.55,32.63,1366.09,1,18,0,0,1
1114.88,0,0,20.84,11.0,58.5,0,17,0,0,0
727.68,0,1,19.08,27.52,42.31,0,12,0,0,0
1078.39,0,3,18.57,69.27,185.25,0,14,0,0,0
12177.41,0,1,84.94,10.62,20.08,0,21,0,0,0
1505.5,0,3,16.37,14.82,455.52,0,17,1,0,0
4995.16,1,2,13.61,6.04,115.17,0,7,0,0,0
1357.91,1,4,19.93,98.21,81.18,0,4,0,1,1
6697.8,1,4,15.58,17.35,2450.48,1,15,0,0,0
1123.18,0,3,14.82,21.46,84.7,0,6,0,0,0
3259.17,0,2,27.77,6.41,34.75,0,14,0,1,1
3303.88,0,1,42.75,16.44,12.36,0,12,0,0,0
128285.17,1,3,30.09,23.34,166.62,0,15,0,1,0
5886.55,1,2,21.69,0.8,116.11,0,2,1,1,1
1732.11,0,0,37.98,4.06,110.81,0,12,1,0,0
6217.04,1,4,33.72,10.15,2.38,0,16,0,0,0
26586.92,0,0,6.76,15.28,2128.02,1,18,0,0,1
614.23,0,1,8.66,27.39,26.23,0,15,6,1,0
1349.54,0,0,19.31,50.63,57.55,0,17,0,0,0
2472.79,0,2,4.7,23.66,533.59,0,11,0,1,1
2065.05,1,1,99.76,13.55,3.61,0,13,0,0,0
2246.76,1,1,27.53,12.77,35.39,0,23,0,0,1
850.45,0,1,21.67,17.5,196.3,0,0,1,0,0
12758.54,0,2,23.24,18.44,12.06,0,9,0,0,0
755.51,1,2,29.83,18.66,15.16,0,8,0,0,0
2565.19,1,0,16.74,16.61,133.19,0,15,0,0,0
8918.03,0,2,26.54,78.52,118.46,0,4,0,0,0
3040.62,0,0,6.18,20.73,332.39,0,19,0,0,0
1176.86,1,2,25.47,9.92,46.21,0,1,0,0,0
813.48,0,1,19.03,23.64,21.28,0,10,0,0,0
2489.91,1,3,32.17,14.34,130.14,0,19,1,0,1
1469.93,0,2,13.17,29.84,3.72,0,17,0,0,0
3847.7,1,0,8.6,11.57,135.22,0,7,0,0,0
771.66,0,1,2.92,8.03,32.41,0,18,0,1,0
7065.9,0,2,16.87,32.08,252.33,0,23,0,1,0
3517.65,1,2,25.05,3.38,4009.41,1,7,0,1,1
3788.92,0,0,30.48,12.29,8.21,0,16,0,0,0
162225.46,0,4,4.07,35.99,0.8,0,21,0,0,0
2022.73,1,0,19.35,19.5,263.34,0,1,0,0,0
1516.53,1,1,45.88,29.09,224.26,0,9,0,1,0
1812.09,0,1,10.86,19.81,329.56,0,4,0,0,0
2584.98,0,1,23.67,16.36,105.19,0,15,1,0,0
2861.31,0,2,19.61,47.2,279.7,0,19,1,0,0
1365.54,1,3,18.03,11.1,39.93,0,7,0,0,1
414.43,0,1,3.81,11.62,16.7,0,12,1,0,0
1788.39,0,0,4.13,14.27,38.71,0,14,0,0,0
4490.98,1,0,18.66,4.06,398.39,0,1,0,0,0
3591.26,1,2,21.71,16.41,103.98,0,13,0,0,0
10399.93,1,0,8.96,29.12,0.89,0,9,0,0,0
22147.65,1,0,2.24,22.21,82.44,0,2,0,1,0
6696.46,1,1,22.59,79.52,205.75,0,15,1,0,0
12487.96,1,6,7.63,24.45,12.15,0,0,0,0,1
6746.47,1,2,18.44,15.2,153.58,0,11,0,0,1
17324.89,0,0,19.52,35.63,19.52,0,6,0,0,1
19947.39,0,3,7.14,8.36,22.0,0,16,0,0,0
8112.53,0,3,8.12,46.3,360.02,0,14,0,0,0
6351.08,1,1,18.36,4.79,81.11,0,4,0,0,0
2552.35,0,1,15.75,6.15,0.49,0,15,1,0,0
3006.89,0,1,59.1,66.35,4202.56,1,9,1,0,1
2235.37,0,3,40.34,17.12,44.83,0,6,0,0,1
5832.8,0,2,14.4,45.16,167.8,0,5,0,0,0
1524.85,0,0,30.54,26.54,215.46,0,7,1,1,1
2588.66,1,0,12.91,13.37,82.51,1,11,5,1,0
120524.56,1,2,1.04,65.16,301.52,0,5,0,1,1
17554.93,0,1,51.44,29.58,328.15,0,5,0,1,0
2513.74,0,1,7.52,19.77,53.48,0,12,4,0,0
4942.27,0,1,34.45,5.28,70.7,0,18,7,0,0
41357.25,1,3,9.69,21.57,1.94,0,3,1,0,0
4231.42,1,3,13.24,64.26,4191.34,1,0,0,0,1
13284.37,0,1,15.35,26.81,5.36,0,16,0,0,0
905.3,1,1,13.38,6.68,179.96,0,23,0,0,0
34453.87,0,8,29.99,16.03,33.56,0,21,0,0,0
9293.87,0,1,65.37,48.2,73.42,0,2,0,0,1
3863.01,1,2,2.06,10.04,30.63,0,17,1,0,0
13030.91,0,1,38.69,3.69,8.13,0,17,0,0,0
973.96,0,4,35.65,9.48,49.03,0,13,0,0,0
2348.15,0,0,26.99,8.44,121.52,0,14,1,0,0
13283.13,0,4,31.98,19.67,120.65,0,18,1,0,0
484.41,1,1,29.84,5.42,58.3,0,19,0,0,0
5488.76,1,0,18.24,53.04,9.09,0,4,1,0,1
5335.7,0,2,7.52,14.63,78.25,0,21,0,0,0
22454.04,0,1,7.1,9.78,0.62,0,5,0,0,0
643.58,1,0,6.01,5.39,60.82,0,14,1,0,1
15672.0,0,1,6.02,79.55,297.29,0,23,0,1,1
1791.0,1,2,5.71,34.53,73.95,0,6,0,0,0
2004.18,1,3,67.62,23.11,3606.08,1,13,0,0,0
923.34,0,0,12.87,18.46,166.39,0,7,0,0,0
1055.9,1,5,10.86,33.42,343.66,0,15,0,0,0
4691.57,0,0,12.13,23.85,107.6,0,9,0,0,0
1030.36,0,2,7.08,64.45,90.76,0,5,1,1,1
6570.1,0,0,24.59,22.98,22.42,0,9,0,1,0
1614.91,0,2,6.37,39.46,26.02,0,12,0,0,0
931.66,1,3,8.22,15.85,28.66,0,19,0,0,0
1848.61,1,11,18.35,8.2,115.8,0,15,1,0,1
4388.34,1,5,1.93,0.99,162.44,0,21,0,0,0
2374.75,1,0,23.57,17.83,302.41,0,1,0,0,0
29368.13,0,1,37.55,27.15,406.31,0,13,5,0,0
6286.8,0,2,23.43,8.99,89.07,0,22,0,0,0
88977.2,1,0,9.53,55.92,269.78,0,6,0,0,0
2298.25,1,1,15.83,16.36,62.67,0,3,0,0,0
1102.99,0,0,8.92,23.22,58.57,0,12,0,0,0
3381.57,0,1,54.37,23.2,3.97,0,3,7,0,1
5017.31,0,3,53.8,29.28,182.13,0,17,0,0,0
127401.45,0,10,47.55,18.05,184.4,0,5,0,0,0
1286.13,1,0,26.39,32.05,145.09,0,22,0,0,0
58618.53,0,0,24.34,1.79,64.97,0,10,0,0,0
2545.74,1,0,34.17,18.89,0.38,0,8,0,0,0
1464.06,1,0,4.18,7.87,62.78,0,1,0,0,0
95732.25,1,0,13.37,21.09,19.38,0,21,0,0,1
629.46,0,1,9.78,22.26,190.01,0,17,0,0,0
44084.21,0,0,34.57,40.94,553.12,0,15,0,0,0
2244.22,1,2,10.88,18.21,83.08,0,20,0,0,0
2628.97,1,0,85.31,32.91,49.56,0,20,1,0,0
731.69,0,3,8.04,82.21,159.29,0,18,0,1,1
1708.3,1,2,44.33,5.67,42.15,0,20,1,0,0
2098.45,0,2,7.97,17.96,243.69,0,8,0,1,0
2114.77,1,0,5.91,44.76,81.79,0,6,0,0,0
3647.81,0,2,2.79,4.28,189.5,0,22,1,0,0
1617.15,0,7,25.64,6.01,15.5,0,13,0,0,0
13736.84,0,12,1.46,61.29,17.18,0,22,5,1,1
5106.17,0,6,18.14,24.14,35.66,0,3,0,0,0
1398.12,0,0,29.23,16.39,68.69,0,10,0,0,0
3444.42,0,1,10.52,15.83,36.61,0,15,0,0,0
145028.07,0,1,85.78,14.07,68.2,0,15,0,0,1
10558.87,1,0,5.4,5.92,348.19,0,5,0,0,0
1719.21,0,1,14.41,9.78,202.23,0,23,0,1,1
6750.28,1,1,19.94,13.52,137.02,0,5,0,1,0
56574.62,1,3,18.79,97.57,65.56,0,10,0,0,1
13926.75,0,10,12.12,7.64,71.37,0,6,0,1,0
11394.56,0,1,20.45,16.44,10.6,0,7,0,0,0
3816.08,1,2,11.44,7.52,19.34,0,23,2,1,1
2410.81,1,2,10.66,20.15,42.4,0,0,0,0,0
5201.0,0,1,7.99,1.26,91.54,0,12,0,0,0
2616.39,1,1,17.16,30.11,10.63,0,10,0,0,0
16819.72,0,1,29.55,30.69,8.92,0,8,0,0,0
3389.61,0,0,27.07,30.88,135.55,0,5,0,0,1
2088.83,1,4,65.89,21.29,49.3,0,11,0,0,0
1979.08,0,1,21.58,28.97,221.24,0,10,0,0,0
931.66,1,1,5.8,3.57,133.59,0,17,1,0,0
5467.4,0,0,79.38,70.5,99.61,0,1,1,0,1
1380.21,1,1,26.11,14.97,1349.08,1,12,0,1,1
9397.02,0,13,1.76,21.98,26.61,0,10,0,0,0
860.11,0,2,32.24,8.0,60.98,0,9,0,0,0
3559.02,0,3,20.04,4.27,104.64,0,1,0,0,0
84506.99,0,0,12.3,30.47,47.62,0,8,0,1,1
364.22,1,1,2.23,17.55,3695.71,1,21,0,0,0
23582.63,0,3,65.0,9.45,58.0,0,10,0,0,0
2048.2,0,1,7.37,67.94,0.42,0,6,7,1,0
3608.67,0,1,45.54,23.07,65.74,0,3,0,1,0
5549.42,0,7,86.56,71.32,32.02,0,11,0,0,1
6477.75,1,6,99.02,3.08,169.78,0,6,0,0,1
4121.14,0,1,25.53,13.1,70.62,0,3,0,0,0
8496.29,1,0,51.77,2.81,714.04,0,11,1,0,0
5266.23,0,3,4.29,34.82,280.8,0,17,3,0,1
18231.04,1,2,9.29,35.37,62.17,0,5,0,0,0
5283.41,0,2,9.88,12.24,1.77,0,8,0,1,0
22351.21,0,2,2.02,34.51,467.04,0,18,0,0,0
7716.21,1,2,7.96,16.82,41.66,0,0,1,0,1
515.04,1,0,8.51,18.68,66.89,0,2,1,0,0
42663.66,1,3,11.34,47.39,91.56,0,7,0,0,0
1764.56,0,0,20.99,10.52,311.98,0,18,0,0,0
13982.25,0,10,56.0,21.99,2842.31,1,1,0,0,1
3218.9,1,2,34.83,45.23,200.15,0,17,0,0,0
9055.16,0,4,60.35,53.62,400.74,0,13,1,0,0
1574.23,1,2,95.59,62.97,52.63,0,21,0,0,1
5859.06,0,11,34.58,19.03,275.04,0,23,1,0,1
2432.83,0,2,5.2,19.35,157.14,0,10,0,0,0
15199.28,1,0,22.17,9.87,6.43,0,16,0,0,0
4859.39,1,0,15.92,41.38,152.55,0,5,0,0,0
7989.97,0,1,15.64,8.33,108.4,0,11,1,0,0
359.93,0,1,18.3,1.75,77.45,0,16,0,0,0
2876.78,0,0,61.82,7.68,153.46,0,3,0,1,0
4724.66,0,0,13.2,50.38,103.7,0,21,0,0,0
3919.09,0,1,77.45,10.93,121.75,0,7,1,0,1
8194.0,0,1,0.86,39.17,226.27,0,0,7,1,0
2173.5,1,2,73.11,11.78,12.31,0,10,1,0,0
3290.47,1,1,65.92,25.54,29.28,0,9,0,0,0
10211.06,0,1,4.95,1.43,3141.43,1,12,0,0,0
320.96,0,2,8.18,4.56,4526.4,1,0,0,0,0
5649.66,0,0,47.37,87.15,105.7,0,8,0,0,0
2244.22,0,1,11.1,32.54,50.53,0,2,0,0,0
1258.51,0,0,31.75,38.04,102.93,0,5,1,1,0
4387.63,0,0,17.09,7.03,227.81,0,15,0,0,0
10694.14,1,2,3.64,4.73,36.53,0,19,0,0,0
65145.32,0,0,71.69,15.86,47.97,0,16,0,0,0
2737.74,0,1,11.94,8.0,123.54,0,10,0,0,0
7523.16,0,0,30.08,48.33,3042.44,1,17,0,0,0
7465.65,1,5,25.4,42.03,188.78,1,5,0,0,1
2871.61,1,1,21.24,23.38,40.66,0,21,1,0,0
1567.0,0,2,100.0,21.64,186.23,0,18,0,0,0
1660.32,1,0,18.69,15.79,43.06,0,0,0,0,1
7243.45,0,1,16.43,1.62,77.04,0,18,1,1,0
3004.46,0,1,16.19,3.72,59.12,0,16,0,0,0
1100.83,1,0,41.44,7.14,0.84,0,2,1,0,0
581.22,0,8,25.04,80.37,142.95,0,6,0,0,1
91024.97,0,1,17.77,1.47,13.57,0,21,2,0,0
1813.88,0,11,71.28,12.51,240.98,0,18,0,0,0
4360.7,0,2,13.38,23.51,344.71,0,17,0,0,0
10826.01,1,2,22.2,12.9,53.76,0,18,0,0,0
846.47,0,0,96.58,22.57,142.35,0,12,0,1,0
2995.49,0,0,14.34,31.14,60.46,0,5,0,0,0
2642.04,0,0,22.74,45.57,68.93,0,15,0,0,0
4581.32,0,0,56.68,15.82,78.0,0,18,0,1,1
10820.09,0,2,16.19,16.78,128.9,0,12,1,0,0
829.27,0,1,80.78,11.99,9.9,0,1,0,0,1
5540.27,1,2,2.64,1.27,93.02,0,20,0,0,0
8791.35,0,1,21.66,8.95,200.63,0,22,0,1,0
2600.93,0,0,35.81,23.67,37.18,0,4,0,0,0
2731.35,0,2,12.93,46.88,123.93,0,19,0,0,0
4762.13,0,1,17.8,25.86,3382.79,1,23,0,0,1
71412.34,0,2,11.49,18.54,88.25,0,12,0,0,0
5610.26,0,0,13.21,8.47,91.14,0,4,0,0,0
5493.28,0,0,20.12,25.92,18.99,0,16,0,0,0
1173.83,1,0,31.14,0.46,39.03,0,18,0,0,0
8436.02,1,5,25.11,26.18,36.58,0,18,0,0,1
10064.64,0,2,26.77,16.13,27.67,0,4,0,0,0
3774.73,0,1,27.2,2.67,4.02,0,12,2,1,0
703.34,0,1,18.13,27.29,177.31,0,6,0,0,0
2794.07,0,1,34.19,23.8,177.23,0,1,0,0,0
3806.27,0,1,11.74,19.95,121.75,0,5,0,0,0
997.65,1,5,19.6,48.86,45.39,0,17,0,1,1
2186.07,1,1,13.03,8.68,50.98,0,2,1,0,0
765.58,1,0,11.05,27.04,205.95,0,23,1,1,0
5751.94,0,0,5.83,22.61,78.24,0,2,0,0,0
3699.51,1,2,15.33,23.7,56.12,0,0,0,0,0
604.39,0,2,30.12,29.91,90.29,0,12,0,1,0
4453.59,0,2,19.46,38.73,27.48,0,9,0,0,0
2961.62,0,0,62.3,91.55,374.37,0,7,2,0,1
5252.26,1,0,14.32,9.12,88.9,0,7,0,1,0
2118.51,0,4,58.88,20.31,49.08,0,17,0,0,1
1406.02,1,10,14.6,77.91,92.6,0,10,0,0,1
1449.76,0,1,1.62,100.0,1678.73,1,20,0,1,1
1829.56,1,0,29.99,23.0,34.78,0,13,0,0,0
3193.35,0,10,1.78,15.1,56.91,0,17,0,0,1
3633.52,0,2,8.55,39.6,334.95,0,19,0,0,0
2589.66,1,5,66.08,9.79,38.83,0,21,1,0,0
2052.23,0,2,10.18,37.04,90.63,0,10,0,0,0
2205.25,0,0,6.84,6.2,206.51,0,14,0,0,0
38473.49,0,2,3.15,24.52,123.42,0,10,0,1,1
1449.94,0,1,21.58,5.9,41.35,0,0,0,0,1
1793.69,0,1,46.66,88.65,2390.96,1,12,0,1,1
84444.86,0,2,13.26,22.43,25.57,0,14,0,0,0
4774.35,0,4,26.92,20.26,44.54,0,23,0,0,1
149160.7,1,0,3.73,28.38,25.33,0,12,0,0,0
7278.55,0,0,32.87,7.44,7.47,0,16,2,1,0
1261.38,0,2,4.03,4.68,34.47,0,4,0,0,0
7778.05,0,2,21.93,16.12,48.27,0,11,0,0,0
135547.35,0,0,31.16,2.47,12.71,0,23,0,0,0
2018.69,1,0,72.23,21.65,34.99,0,23,0,0,1
15664.7,1,2,8.19,18.5,200.94,0,13,0,0,0
162218.46,1,1,57.36,18.53,124.02,0,23,0,0,0
79014.03,0,0,19.82,28.57,182.27,0,0,0,0,1
4841.21,0,2,11.89,62.95,204.56,1,3,0,0,0
2009.33,0,1,5.02,15.71,30.63,0,6,0,0,0
5775.35,0,9,0.47,42.8,50.33,0,20,0,0,0
10500.89,0,4,4.9,10.93,23.88,0,23,1,0,0
3585.8,1,1,11.35,44.99,164.46,0,22,0,0,0
18989.52,0,2,18.23,18.74,160.2,0,0,0,0,0
7335.55,0,1,7.91,70.94,7.46,0,20,0,0,0
3873.77,0,0,16.51,23.48,1924.44,1,20,1,0,0
4029.86,0,2,56.35,17.78,3284.8,1,20,0,0,1
3594.78,0,2,22.86,4.55,86.82,0,12,0,0,0
896.74,0,3,0.83,53.3,302.43,0,22,0,0,0
2863.87,1,1,12.25,26.6,268.66,0,20,0,1,1
3909.58,0,0,9.12,10.41,98.0,0,4,0,0,0
2067.13,0,0,21.55,45.2,135.34,0,13,0,0,0
4392.6,0,2,28.48,0.72,118.2,0,9,0,1,0
63749.5,1,0,17.75,25.35,104.06,0,1,0,0,1
6793.3,0,3,14.68,10.33,14.38,0,17,0,0,0
6082.14,1,1,58.89,4.32,185.69,1,16,0,1,1
3703.94,1,1,26.63,13.74,31.19,0,4,0,1,1
798.54,0,3,3.95,58.5,1068.62,1,4,0,0,1
18783.29,1,2,3.09,10.32,115.17,0,6,0,0,0
2719.24,0,1,89.69,34.25,243.67,0,21,1,0,0
2890.29,1,0,27.42,14.23,56.12,0,5,0,0,0
2224.93,0,0,7.07,15.11,230.86,0,20,0,0,0
1922.9,1,0,14.47,28.94,373.33,0,12,0,1,0
14677.31,0,2,34.0,9.53,100.12,0,11,0,0,0
12532.05,0,1,33.15,75.34,40.9,0,16,0,0,1
4887.29,0,1,14.52,1.99,35.01,0,11,1,0,1
2814.39,1,1,12.95,74.54,373.35,0,23,1,0,0
5820.36,0,4,68.12,37.19,363.93,0,10,0,0,0
3373.81,0,6,91.95,39.53,85.09,0,3,0,0,0
2590.94,1,2,51.66,6.32,29.95,0,14,0,0,0
4394.49,1,1,13.44,21.13,12.31,0,0,0,0,1
2015.94,0,2,8.61,20.56,206.89,0,8,0,0,0
4032.99,0,1,38.94,8.32,33.85,0,8,1,0,0
3843.82,0,0,9.87,1.68,392.71,0,7,0,0,0
5726.94,1,2,8.45,11.41,76.46,0,0,2,0,0
1687.26,0,5,21.21,66.18,424.19,0,17,0,1,1
6374.98,1,1,11.24,24.2,48.41,0,4,0,0,0
1266.09,0,1,36.63,79.8,2838.75,1,4,4,0,0
1767.7,0,2,25.73,10.73,30.35,0,6,0,0,0
1846.55,0,10,10.02,5.8,3797.2,1,2,0,0,1
1072.72,0,1,3.24,24.97,85.59,0,9,0,0,0
8653.01,1,0,12.14,97.96,75.92,0,8,1,0,0
1189.09,0,9,9.23,26.17,317.83,0,2,1,0,0
1557.88,0,0,6.52,12.78,54.56,0,22,1,0,0
10997.33,1,4,17.18,8.95,33.6,0,4,0,0,0
1771.21,1,2,13.86,17.9,11.22,0,6,0,0,1
91666.07,1,3,79.56,6.06,41.66,0,18,1,0,1
1139.07,0,2,14.36,22.19,238.95,0,14,0,0,0
7208.03,0,2,2.15,78.77,160.6,0,21,0,0,1
7308.08,1,3,27.02,23.94,316.0,0,9,0,0,0
6561.31,0,1,5.98,19.28,390.28,0,14,0,0,0
5364.35,0,1,20.23,37.23,23.24,0,12,0,0,0
3373.11,1,1,12.17,5.97,167.59,0,2,0,0,1
1854.97,0,9,89.89,13.99,11.51,0,13,1,0,0
1387.18,0,0,14.41,7.61,159.81,0,11,0,0,0
11383.33,1,2,38.82,21.18,14.24,0,21,0,0,0
154028.97,0,1,33.46,5.61,40.51,0,14,0,0,0
1566.65,0,10,0.93,9.72,27.99,0,6,0,1,0
3261.14,0,2,6.18,20.6,65.52,0,23,0,0,0
2321.31,0,8,6.01,31.47,9.42,0,14,0,0,0
1014.13,0,0,15.32,73.59,71.42,0,21,0,0,0
3743.03,1,2,16.4,18.94,198.73,0,10,0,0,0
2068.35,1,1,6.82,19.86,157.43,0,23,0,0,0
1208.9,0,0,16.6,15.34,339.84,0,0,0,0,0
713.99,0,3,32.64,1.51,57.76,0,19,0,0,0
656.02,1,0,10.7,6.78,3.08,0,8,1,1,0
2161.53,0,2,10.43,9.15,200.95,0,7,0,0,1
2878.16,0,0,11.04,18.76,72.8,0,15,0,0,0
1305.97,0,3,15.71,7.52,274.17,0,1,1,0,0
6007.35,1,2,16.73,3.41,2.24,0,9,0,0,0
2934.97,0,0,21.05,19.46,79.5,0,12,0,0,0
5579.67,1,2,20.25,93.01,71.75,0,10,0,0,0
2609.96,0,1,6.66,4.99,43.24,0,14,0,0,0
1426.36,0,1,8.86,28.79,282.78,0,2,0,0,0
3512.62,0,2,4.55,13.92,33.78,0,18,0,0,0
886.54,0,1,8.78,13.02,771.89,0,19,1,0,0
5374.6,0,0,93.16,2.73,33.82,0,7,0,1,1
1227.64,0,0,8.91,4.82,291.2,0,0,0,0,0
7849.72,0,2,8.57,17.49,122.23,0,19,0,1,0
2233.99,0,3,5.56,12.37,414.64,0,20,0,0,0
9068.24,0,4,42.68,67.36,11.23,0,19,0,0,1
1019.82,0,2,16.63,30.67,143.07,0,2,1,0,0
1591.18,1,3,25.92,24.95,2.0,0,19,0,0,0
4586.79,0,2,43.72,40.67,42.61,0,18,0,0,0
10102.08,1,0,6.6,17.71,213.95,0,2,0,0,0
16590.89,1,0,2.78,36.32,77.55,0,20,0,0,0
3266.15,0,1,14.86,38.31,199.35,0,18,0,1,0
19687.63,1,0,15.7,18.06,47.54,0,5,1,0,0
2345.69,1,2,10.65,35.02,393.58,0,22,0,0,0
9402.85,1,2,6.64,37.03,117.55,0,21,0,0,1
1221.48,0,1,18.04,91.5,167.87,0,23,0,0,1
4770.47,0,0,3.12,53.09,3033.19,1,7,1,0,0
301.36,0,1,17.61,13.25,36.71,0,6,0,0,0
1020.87,0,0,9.73,70.75,44.14,0,20,0,0,0
4997.42,1,1,24.76,19.22,16.91,0,11,0,1,1
843.5,1,0,23.24,29.64,48.91,0,21,2,0,0
4802.78,0,3,9.98,21.16,85.89,0,3,0,0,0
7757.83,1,10,16.3,92.92,313.7,0,19,7,0,1
1898.24,0,1,19.99,90.05,67.56,0,6,1,0,0
1189.21,1,8,23.4,64.0,27.67,0,13,1,1,0
1950.45,0,10,29.34,14.73,20.26,0,19,1,0,0
1192.95,1,2,78.34,15.5,93.47,0,18,0,1,1
2832.14,1,1,13.26,11.44,0.63,0,16,0,0,0
3470.63,0,2,36.65,35.37,10.9,0,23,0,0,0
2307.66,0,1,21.85,2.05,2969.51,1,3,6,0,0
16719.97,1,0,18.45,33.57,127.54,0,21,0,0,0
1526.29,0,7,16.22,31.4,29.44,0,22,0,0,0
12599.76,0,2,23.56,25.08,23.01,0,23,0,0,0
122521.9,1,0,22.61,50.27,61.46,0,15,0,0,1
3370.37,0,1,15.13,8.47,49.91,0,12,1,1,0
10230.26,0,2,12.78,6.52,109.7,0,13,0,0,0
9714.33,0,3,35.92,4.86,264.82,0,13,0,0,0
2058.52,0,0,17.46,34.56,92.95,0,4,2,1,0
110908.63,1,2,12.32,41.67,199.05,0,9,0,0,1
4775.14,0,0,23.61,8.14,115.4,0,5,0,0,0
1826.32,0,0,8.08,8.27,11.24,0,22,7,0,0
5801.95,0,0,5.24,41.29,8.92,0,0,0,0,0
20180.91,1,0,30.61,43.33,14.06,0,18,0,0,0
5022.59,0,0,14.91,32.7,47.91,0,15,0,0,0
5521.23,1,0,11.25,9.33,154.5,0,7,0,1,0
53987.1,1,0,23.33,87.5,52.53,0,23,1,0,1
727.07,1,0,23.68,6.32,45.75,0,1,0,0,0
4965.28,1,2,46.85,8.9,8.36,0,8,0,0,0
1133.7,1,2,10.68,3.79,97.92,0,3,0,0,0
147135.59,1,1,9.09,10.31,6.49,0,10,1,0,0
27226.38,0,1,50.98,7.12,292.09,0,1,0,0,1
2432.65,1,1,16.08,31.37,12.16,0,3,0,0,1
1494.92,0,0,27.62,19.31,58.82,1,2,0,0,1
9922.72,0,8,10.02,18.18,63.14,0,1,1,0,1
1214.79,1,1,72.29,2.82,178.22,0,23,1,1,1
2003.36,1,3,6.35,12.09,282.21,0,8,0,0,0
10927.66,1,1,16.92,0.53,21.08,0,21,0,1,0
3270.73,0,2,60.74,7.69,398.89,0,0,0,0,0
657.47,0,3,9.48,11.89,48.21,0,3,1,0,0
5399.11,0,1,13.19,16.59,194.74,0,1,0,1,0
2108.08,0,1,26.79,5.75,11.66,0,6,1,0,0
14615.7,0,0,13.23,4.99,78.04,0,19,0,0,0
1709.26,0,0,11.76,16.73,69.94,0,10,0,0,0
8966.28,0,1,2.63,18.81,123.49,0,4,0,1,1
159197.41,1,1,8.11,11.31,77.84,0,12,0,1,0
1338.17,0,1,12.5,24.57,140.72,0,17,5,0,0
2583.21,1,1,5.23,8.18,12.27,0,20,0,0,0
4622.2,0,0,5.29,7.47,4592.53,1,15,1,0,0
1329.63,0,9,4.22,42.39,62.09,0,8,0,0,1
113984.06,0,0,4.01,21.18,258.87,0,3,0,0,1
2502.59,0,1,9.51,10.79,265.52,0,4,0,0,0
2452.67,1,1,3.52,12.09,85.58,0,20,0,0,0
3290.97,0,0,24.4,18.27,1181.47,1,6,0,0,1
3365.27,0,0,28.36,1.61,57.17,0,11,0,0,0
3691.84,1,1,25.78,31.75,34.69,0,17,0,1,0
1721.88,1,2,11.26,6.77,71.93,0,10,0,0,0
1798.72,0,1,15.55,7.41,177.46,0,0,5,0,0
108757.83,0,0,33.31,29.34,149.22,0,2,4,0,1
2996.63,0,1,16.64,36.13,3074.75,1,21,0,0,0
2020.6,0,2,13.82,28.3,112.72,0,7,0,0,0
4332.67,0,2,3.01,92.02,72.63,0,1,0,0,0
510.42,0,2,16.46,18.7,21.94,0,18,0,0,1
1509.5,1,7,14.84,11.62,101.79,0,21,0,0,0
2368.64,0,2,8.3,17.39,19.63,0,21,0,0,0
1331.26,1,0,8.06,2.93,32.81,0,2,0,1,0
15981.67,0,0,49.29,18.88,207.88,0,9,0,0,0
3193.47,1,9,13.3,35.17,140.36,0,22,0,0,1
3739.73,0,3,81.85,17.56,167.15,0,20,0,0,0
1932.89,1,13,3.68,11.9,14.29,0,21,0,0,0
3084.74,1,8,6.34,21.69,6.04,0,19,0,1,0
929.59,0,9,26.58,21.32,23.79,0,22,0,0,1
2644.36,0,2,9.63,8.78,63.72,0,4,0,0,0
1227.82,0,1,17.33,66.47,50.31,0,2,0,0,1
2374.63,0,6,8.13,25.16,285.36,0,5,0,1,1
242.28,1,2,12.39,6.59,25.25,0,6,0,0,1
1014.34,0,0,3.77,12.31,389.92,0,17,0,0,0
13547.08,1,2,12.35,9.98,10.62,0,12,0,0,0
7189.65,0,5,33.76,23.47,204.43,0,0,0,0,0
11719.85,0,2,37.28,17.04,25.14,0,22,0,0,1
162521.57,0,8,34.49,62.92,15.3,0,13,1,0,1
6142.5,1,2,9.41,11.48,28.05,0,21,0,0,0
1992.47,1,2,12.87,13.93,80.58,0,7,1,1,0
1110.7,0,0,15.88,19.74,64.71,0,14,0,1,1
9864.96,0,1,10.55,84.15,306.04,0,5,0,1,0
3342.81,1,3,7.66,11.8,17.6,0,4,0,1,1
37949.93,0,4,18.23,3.34,88.06,0,11,5,0,1
2175.26,1,0,26.53,7.02,60.37,1,11,0,0,0
22536.6,0,3,17.62,41.53,126.67,0,20,2,0,0
2679.03,0,7,26.29,0.46,169.65,0,0,0,0,1
92227.69,0,2,18.23,16.5,11.54,0,12,2,0,1
17097.57,0,4,0.48,5.61,143.65,0,18,0,0,0
1126.7,0,3,18.82,19.52,52.68,0,22,1,0,0
1929.47,0,1,28.5,0.6,34.08,0,14,3,0,0
1115.46,1,0,0.34,7.39,85.89,0,22,0,0,0
916.04,0,2,9.33,22.86,55.12,0,3,0,0,0
44772.79,0,2,41.75,3.49,4605.89,1,4,1,0,1
2574.4,0,2,13.44,54.31,18.81,0,23,0,0,0
3302.27,0,2,25.39,8.03,20.7,0,10,0,0,0
5465.65,0,9,9.72,0.39,132.32,0,12,0,0,0
489.12,0,0,9.55,43.19,57.07,0,9,1,1,0
11347.65,1,1,21.5,18.52,63.75,0,3,1,0,0
2210.35,0,0,34.12,22.09,45.87,0,2,0,0,0
5336.91,1,0,16.43,38.58,109.0,0,20,0,0,0
5829.65,0,3,25.57,25.47,90.38,0,4,0,0,0
100899.48,1,1,7.86,3.33,111.06,0,11,0,0,0
2821.83,0,9,20.9,2.94,41.49,0,12,0,0,1
374.79,0,0,77.34,14.38,29.25,0,19,0,0,0
3318.03,1,0,19.87,54.0,68.36,0,16,1,0,0
3830.33,1,1,32.53,14.74,52.66,0,14,1,0,0
1114.03,1,11,5.82,12.42,3747.6,1,13,0,0,1
3631.83,0,1,11.98,2.84,68.78,0,0,1,0,0
2184.15,1,0,33.32,9.89,105.39,0,10,0,0,1
818.31,1,2,11.58,15.87,58.96,0,8,0,0,0
6133.28,1,1,7.4,9.22,82.6,0,19,7,0,0
1783.4,0,2,48.11,11.88,184.57,0,16,0,0,1
2087.29,1,0,43.31,4.49,83.52,0,20,6,0,1
1973.22,1,1,13.74,5.2,28.36,0,12,0,0,0
10780.33,1,0,11.62,1.37,260.55,0,16,0,0,0
3008.16,0,2,2.09,3.86,6.39,0,3,1,0,0
3391.75,0,11,15.35,6.29,2.47,0,5,0,0,0
2016.99,1,2,27.25,6.46,278.48,0,20,1,0,1
4978.41,0,10,5.43,21.01,20.3,0,8,7,0,1
12080.14,1,3,27.03,16.39,43.96,0,5,2,0,0
5990.08,0,0,19.46,54.65,270.37,0,17,0,0,0
6228.35,0,2,1.64,0.47,19.18,0,6,0,0,0
5745.83,1,2,7.05,12.35,28.97,0,3,1,0,0
788.2,0,1,40.17,58.84,158.83,0,23,0,0,0
1304.9,0,0,14.39,37.38,1801.11,1,0,0,0,0
122793.15,1,3,3.05,11.13,261.23,0,14,0,0,0
1516.46,1,0,4.13,3.71,20.78,0,16,0,0,1
1080.81,1,2,28.47,15.77,275.67,0,23,0,1,1
481.94,0,0,47.47,22.43,29.57,0,21,6,0,0
815.23,0,1,4.99,10.97,4.65,0,1,1,0,0
2424.73,1,2,1.83,26.93,16.93,0,3,1,0,0
92849.75,0,1,19.98,7.37,38.89,0,4,0,0,1
1417.92,0,5,5.41,15.58,199.45,0,1,0,0,0
3391.15,0,0,20.27,16.69,78.34,0,2,2,0,0
2030.76,0,11,15.81,5.78,89.57,0,13,1,0,0
9326.11,1,0,2.95,30.76,58.36,1,19,0,1,1
2666.11,1,3,11.26,2.17,28.39,0,22,0,0,0
6287.58,1,2,11.04,25.31,76.06,0,4,0,1,0
3839.95,0,1,12.04,0.53,44.35,0,20,0,0,0
771.19,0,1,78.12,16.11,326.59,0,1,0,0,1
2862.19,0,0,19.74,34.74,33.02,0,0,1,0,0
910.85,0,2,22.38,17.6,65.33,0,22,0,0,0
2812.64,0,1,23.41,13.94,158.37,0,2,0,0,0
1487.53,0,2,23.39,32.99,17.33,0,6,0,0,0
52207.31,0,3,20.27,14.68,211.52,0,14,0,0,0
818.64,0,0,10.07,19.48,15.82,0,13,1,1,0
3180.21,1,4,3.12,11.14,43.05,0,9,1,0,0
5554.79,0,0,50.44,22.86,120.76,0,1,0,0,0
7766.66,0,1,11.74,28.06,48.74,0,3,0,0,0
1459.48,1,3,5.2,90.95,115.57,0,21,0,0,0
3189.92,1,0,6.94,22.14,62.79,0,9,0,1,0
3767.42,1,2,4.16,49.48,164.18,0,7,0,1,1
14722.41,0,2,11.67,28.23,29.36,1,3,0,0,1
712.42,1,2,9.68,44.5,122.22,0,5,0,0,1
1260.04,0,1,23.22,25.98,135.9,0,2,0,0,0
51764.64,0,1,35.49,1.25,11.03,0,22,0,0,0
2384.88,0,0,22.37,2.61,34.75,0,18,0,0,0
472.96,0,1,34.13,16.39,37.76,0,17,0,0,0
1750.14,0,8,21.66,6.65,68.21,0,8,1,0,0
196.59,0,1,13.5,19.45,16.0,0,17,0,0,0
3987.5,1,2,6.09,15.79,406.88,0,2,5,1,1
7042.97,0,2,16.39,43.63,4.88,0,23,0,0,0
1259.33,0,1,20.22,78.65,188.13,0,13,0,0,0
1957.21,0,0,25.44,12.26,141.13,0,13,0,0,0
7892.39,0,0,2.09,100.0,61.52,0,17,1,0,0
544.45,0,2,7.86,9.49,9.24,0,3,0,0,0
835.83,0,1,13.01,43.7,74.98,0,5,1,0,0
2494.6,0,0,19.62,8.12,5.5,0,11,0,0,0
1476.85,1,1,4.82,15.8,155.7,0,13,0,0,0
2335.85,1,5,37.83,63.65,230.7,0,3,1,0,0
885.59,0,0,16.6,65.54,3920.92,1,0,0,0,0
3882.81,1,2,30.65,34.49,336.77,0,14,0,0,0
2699.35,1,5,42.01,9.93,241.92,0,9,0,0,0
5427.26,1,1,46.89,13.99,17.66,0,11,0,0,1
3829.16,0,1,37.8,84.94,17.01,0,20,0,0,1
3853.32,1,1,61.89,16.25,17.2,0,4,0,0,1
737.81,1,2,27.5,4.3,167.99,0,19,0,0,0
74738.41,1,0,86.24,9.8,178.76,0,17,0,1,1
2251.01,0,3,29.25,2.19,45.32,0,15,0,0,0
2652.88,0,1,13.96,7.51,23.55,0,18,0,0,1
8939.76,0,2,10.16,43.76,32.79,0,22,0,0,0
108877.04,0,1,16.83,5.66,18.18,0,2,1,0,1
12102.71,0,0,15.69,5.88,145.08,0,11,4,0,0
13286.12,0,2,75.81,13.93,128.83,0,16,0,0,0
6652.74,0,2,6.24,49.92,42.57,0,9,0,0,0
1175.42,0,6,16.28,3.74,248.53,0,6,0,0,0
352.03,1,1,12.28,28.95,8.1,0,7,0,1,0
9217.28,0,2,16.21,19.31,310.92,0,8,1,0,0
3503.04,0,1,8.05,21.36,42.6,0,13,0,0,0
1487.43,1,0,21.42,21.22,272.86,0,6,1,0,1
10133.1,1,0,3.53,19.25,343.37,0,0,0,0,0
1324.04,1,0,24.48,23.22,259.41,0,14,0,0,1
2050.51,1,0,8.74,6.44,4035.91,1,12,0,0,1
5296.97,1,1,36.36,9.8,66.99,0,17,1,0,0
103298.64,0,0,4.89,21.34,27.36,0,7,0,0,1
2808.82,0,0,9.46,25.8,36.48,0,9,0,0,0
9312.73,0,1,14.48,16.16,28.07,0,6,5,0,0
3870.39,0,1,52.51,23.62,42.71,0,12,0,1,0
10909.9,1,0,20.93,59.52,179.99,0,13,0,0,0
9736.16,0,1,39.52,30.98,36.08,0,8,0,0,0
3158.14,0,2,27.09,18.42,335.92,0,2,0,0,0
302.86,0,0,17.38,21.91,47.0,0,16,0,0,0
1037.15,0,1,7.22,26.6,66.13,0,8,0,0,0
6723.3,0,2,12.96,10.84,702.14,0,17,0,0,0
664.97,0,1,19.83,73.27,41.39,0,14,0,1,1
2260.42,1,2,15.55,39.28,1.73,0,4,0,1,0
4396.13,0,1,16.88,36.83,44.31,0,16,0,1,0
84504.74,1,0,29.26,9.55,222.28,0,16,0,1,0
1763.37,1,2,14.16,6.65,14.59,0,8,0,0,0
1646.67,0,3,8.12,69.71,61.88,0,12,0,0,0
2973.68,0,5,9.16,36.17,121.56,0,9,0,0,0
4451.13,1,2,20.82,39.38,66.34,0,0,0,1,1
2685.85,0,3,70.64,13.51,12.5,0,20,0,0,0
8948.74,1,1,26.32,8.25,21.67,0,20,1,0,0
1409.31,0,0,1.61,4.34,352.89,0,14,1,0,0
3533.91,1,3,26.75,17.78,68.13,0,14,0,0,0
4891.3,1,2,6.1,6.54,85.66,0,20,2,0,0
2100.16,0,4,35.18,14.87,44.67,0,4,0,0,1
7256.91,0,2,22.81,17.63,56.89,0,10,0,1,0
3637.16,1,1,7.79,1.45,139.28,0,0,1,0,0
6897.03,0,3,36.48,14.01,166.92,0,7,1,0,1
3805.12,0,0,30.45,10.17,7.81,0,17,0,1,0
4566.05,0,0,61.83,31.67,74.22,0,17,0,0,0
1665.05,0,10,9.26,23.55,187.32,1,12,1,0,0
1667.75,1,2,9.87,37.2,357.15,0,17,0,0,0
51992.38,1,2,18.15,5.15,19.0,0,19,0,0,0
5916.56,0,2,12.33,13.66,73.03,0,22,0,0,1
1126.68,1,1,13.0,23.89,230.24,0,18,0,0,1
3755.07,0,10,12.06,41.99,259.42,0,9,0,1,1
291.85,0,2,9.65,15.83,96.2,0,2,0,0,0
1765.27,0,1,20.79,18.11,76.59,0,17,0,0,0
8192.94,1,1,16.54,5.43,108.82,0,8,1,0,0
2765.16,0,1,41.7,23.52,57.42,0,17,0,0,0
3525.98,0,2,9.43,30.12,75.74,0,14,0,1,0
153.49,0,2,43.18,16.47,207.57,0,5,0,0,0
2116.98,1,2,4.39,31.56,19.72,0,9,1,0,1
4395.22,0,3,16.16,13.11,224.53,0,6,1,0,0
4990.49,0,2,89.8,5.74,10.6,0,6,0,0,1
8203.82,1,0,12.54,10.35,57.97,0,0,0,0,0
50785.49,0,0,11.14,9.24,5.05,0,3,0,0,0
2655.38,0,3,91.41,15.14,52.61,0,4,0,0,0
827.06,0,6,6.84,6.58,121.16,0,4,0,0,0
2554.16,0,2,12.24,1.3,2112.63,1,23,2,0,1
887.51,0,1,23.19,6.62,91.07,0,19,0,0,0
493.8,1,2,4.36,10.15,174.01,0,18,1,0,0
1058.72,1,2,10.65,47.59,33.21,0,23,7,0,0
14167.2,1,1,0.69,29.3,43.16,0,0,0,0,0
2390.93,1,2,3.77,50.99,12.49,1,22,1,0,1
3904.47,0,1,7.97,15.04,321.0,0,14,1,0,0
1875.26,0,0,18.27,28.25,231.56,0,10,0,0,0
120101.38,1,3,15.65,28.69,70.78,0,3,6,0,1
7991.34,0,0,27.7,8.85,113.71,0,13,0,1,0
357.02,1,1,8.54,9.94,55.32,0,11,4,0,0
1799.4,1,2,31.25,7.46,239.92,0,9,0,0,0
2967.23,0,1,54.7,14.08,8.98,0,8,0,0,0
3946.13,0,1,23.65,6.55,426.8,0,4,0,0,0
1515.55,0,3,12.99,12.17,31.12,0,23,0,0,0
498.72,0,1,12.79,6.6,24.41,0,13,0,0,0
1406.57,0,0,46.77,36.64,236.26,0,12,0,0,0
1482.14,0,6,4.17,95.25,1367.35,1,4,1,0,0
1446.51,1,0,7.37,16.41,199.9,0,15,0,1,0
8267.26,1,0,27.64,30.58,86.61,0,22,1,0,1
931.13,1,1,40.8,51.26,12.35,0,17,0,0,0
4234.33,0,1,17.94,17.54,29.22,0,19,0,1,0
3671.29,0,0,0.28,6.37,232.45,0,22,0,0,0
8188.25,0,1,23.24,23.45,32.89,0,14,0,0,0
2743.17,0,1,5.38,9.5,165.56,0,14,0,0,0
6912.81,1,1,28.73,8.86,61.65,0,5,0,0,0
2638.01,0,2,10.38,10.38,322.28,0,11,1,0,0
4838.66,0,1,12.77,8.98,35.64,0,23,6,0,1
697.19,1,2,14.49,19.4,251.07,0,23,0,1,0
224.02,0,10,32.91,71.95,1851.4,1,2,0,0,1
4571.27,0,2,10.16,12.1,82.59,0,5,0,0,0
4823.15,0,2,52.37,7.24,266.86,0,22,0,0,0
5041.72,1,5,34.83,8.35,347.17,0,23,0,0,0
1853.94,1,5,17.93,14.51,9.75,0,13,0,0,0
13901.09,0,2,46.51,3.74,2083.23,1,21,0,1,1
1978.56,1,2,4.97,13.58,110.39,0,6,0,0,0
94494.7,1,0,15.84,20.51,132.7,0,6,0,0,0
5679.6,1,1,12.01,2.84,3984.4,1,14,1,0,0
17478.73,0,1,40.45,8.22,147.95,0,4,0,0,0
2282.37,0,1,10.88,11.41,59.85,0,15,0,1,0
1630.77,1,1,11.29,2.58,44.99,0,18,0,0,0
700.54,0,5,7.52,13.91,4088.72,1,23,1,0,0
66008.46,0,0,17.84,11.54,411.26,0,7,0,0,0
4776.25,1,0,20.34,31.74,47.85,0,7,1,0,0
4929.84,0,0,2.15,17.67,103.57,0,10,2,0,0
70735.6,1,4,34.58,50.05,173.02,0,11,0,1,1
4337.46,1,1,38.19,25.27,38.01,0,1,1,0,0
150637.33,1,2,4.48,18.22,66.77,0,11,0,0,0
2576.27,0,0,4.93,66.72,128.35,0,23,0,1,1
1182.3,1,4,13.37,19.06,289.61,0,6,0,0,0
2109.34,0,5,3.6,4.19,110.13,0,17,0,0,0
2095.21,1,2,29.39,11.98,153.77,0,22,0,1,1
1742.32,1,2,62.38,21.52,4048.39,1,14,0,0,1
777.99,1,1,9.52,20.33,131.87,0,9,0,1,0
15405.84,0,0,73.31,14.7,5.58,0,12,0,1,0
4225.31,0,1,25.49,7.81,61.15,0,7,0,0,0
2501.21,0,2,46.65,6.57,69.7,0,11,0,1,0
6685.11,0,0,42.06,1.05,280.88,0,21,0,0,0
5019.41,0,3,0.85,9.04,85.82,0,11,0,0,0
4128.59,0,0,26.56,10.62,76.12,0,16,0,1,0
6216.72,0,1,19.78,73.95,20.26,0,6,0,0,0
3582.92,1,1,8.42,12.93,4122.77,1,20,1,1,0
6125.54,1,1,15.77,15.77,260.12,0,15,0,0,1
6654.92,0,2,85.44,2.91,108.6,0,16,0,0,0
3687.55,1,2,15.59,4.13,172.68,0,20,0,0,0
2513.94,1,0,30.25,2.25,20.32,0,22,0,0,0
14478.18,0,2,23.27,10.89,63.18,0,5,0,0,0
1943.21,0,0,21.11,10.1,63.53,0,11,1,0,1
4634.64,1,0,15.85,79.54,2.51,0,6,0,0,0
4740.55,1,12,7.83,11.56,181.41,0,16,0,1,1
1703.5,1,1,7.74,10.93,187.0,0,7,0,0,0
1397.13,1,2,20.32,21.61,10.53,0,19,0,0,0
2199.86,1,1,54.29,25.52,45.93,0,22,0,0,0
1915.59,0,1,32.48,14.75,147.64,0,7,0,0,0
729.14,1,9,18.79,12.03,284.21,0,16,0,1,0
1633.54,0,12,28.95,20.75,154.47,0,8,5,0,0
4089.68,1,2,77.77,24.58,125.39,0,11,0,0,1
11113.81,0,0,3.38,11.57,259.95,0,2,0,0,0
5455.56,0,1,6.47,1.37,41.35,0,10,1,0,0
232.87,1,3,0.95,19.46,8.37,0,2,0,0,0
5950.94,0,10,31.67,7.12,0.98,0,3,1,0,0
1793.36,1,1,13.27,19.3,279.23,0,17,0,1,0
4929.93,0,1,12.84,6.93,67.99,0,17,0,0,0
3089.81,1,3,10.36,19.93,116.83,0,23,0,0,0
2584.56,1,0,11.93,21.68,62.56,0,17,1,0,1
2829.24,0,0,19.85,79.77,65.9,0,8,0,0,0
3064.3,1,1,14.19,22.01,104.08,0,6,0,0,0
12020.93,0,1,12.2,81.2,104.14,0,10,0,0,0
3072.79,0,0,18.1,15.6,4233.86,1,22,1,0,0
9279.25,1,0,5.1,29.23,326.28,0,15,1,0,1
8021.7,1,1,1.27,21.25,164.6,0,13,0,0,0
6106.11,0,0,9.8,26.16,3677.57,1,12,0,0,1
524.99,0,1,10.73,43.07,72.73,0,19,0,0,0
9572.34,1,2,9.3,19.4,28.78,0,18,0,0,1
1982.47,0,7,83.41,33.96,125.0,0,21,1,0,1
6410.72,0,0,6.81,30.49,126.43,0,21,5,1,0
1184.96,0,0,13.71,47.94,17.63,0,17,0,0,0
958.07,0,2,24.09,89.12,0.9,0,7,0,0,1
22615.45,1,1,34.93,6.99,45.33,0,21,0,1,0
1203.53,0,1,28.75,31.37,37.01,0,19,0,0,0
9858.67,0,2,14.85,12.17,68.54,0,10,0,0,0
3527.77,1,1,4.45,21.78,47.5,0,10,0,0,0
2058.8,0,0,3.36,17.86,22.03,0,20,0,1,0
2996.41,1,0,18.7,73.47,50.31,0,21,3,0,0
853.12,0,0,16.56,10.5,14.01,0,18,0,0,0
3090.99,1,0,24.8,30.51,350.44,0,4,0,0,0
1061.31,1,1,13.68,29.0,14.15,0,19,0,0,0
2110.24,1,1,28.2,38.07,82.83,0,18,1,0,0
7905.39,0,0,7.44,10.49,5.64,0,2,1,0,0
4040.77,0,0,25.18,1.25,123.34,0,5,0,1,0
711.82,1,0,9.47,43.45,15.73,0,14,0,0,0
7342.89,0,1,24.11,14.55,21.41,0,4,1,0,0
3111.62,0,0,3.97,88.1,73.39,0,1,0,0,0
68540.91,0,2,40.45,12.99,92.0,0,7,1,0,1
6612.23,1,2,43.13,29.11,81.8,0,8,0,0,0
2651.27,1,3,20.34,11.62,80.28,0,15,0,0,0
976.86,1,2,26.32,24.08,64.2,0,4,0,1,1
19886.76,1,3,78.75,20.29,42.21,0,10,5,0,1
3080.09,0,3,24.41,49.1,9.91,0,9,0,0,0
2888.85,0,0,3.55,16.1,328.65,0,8,0,0,0
2089.95,0,3,6.8,23.36,267.69,0,14,0,0,0
10198.19,1,0,22.88,4.4,39.52,0,4,0,0,0
1854.04,0,0,29.32,26.5,111.1,0,7,5,1,0
668.49,1,0,29.44,38.6,138.39,0,20,0,0,0
1589.73,1,3,11.28,8.96,268.48,0,10,1,0,0
11810.86,0,3,4.26,5.86,71.73,0,22,0,0,0
7202.13,0,1,12.04,12.35,191.02,0,7,0,0,0
2428.39,0,0,19.94,25.26,224.53,0,19,1,0,0
12372.79,1,2,5.84,17.79,19.59,0,2,0,0,0
6620.61,1,3,33.0,5.78,32.17,0,13,0,0,0
2400.45,1,0,5.37,11.45,989.99,1,20,1,0,1
2654.71,0,2,17.73,13.98,140.59,0,10,1,0,0
163170.48,0,0,30.16,4.33,32.06,0,13,0,0,1
1363.91,0,0,23.5,89.66,200.48,0,15,0,0,1
3147.94,0,0,28.6,62.64,400.23,0,0,0,1,0
4266.35,0,2,3.82,6.87,127.58,0,18,0,1,0
580.0,0,2,15.03,6.82,15.29,0,18,0,1,0
2593.28,1,0,62.38,33.26,194.75,0,12,0,1,1
2314.49,0,2,45.86,25.6,24.38,0,16,0,0,0
8761.02,0,0,21.36,14.12,181.79,0,8,0,0,0
495.47,1,1,15.13,40.25,101.91,0,10,0,1,1
56833.89,0,2,2.81,15.01,127.16,0,6,0,0,0
1935.74,1,2,30.14,22.4,2338.92,1,11,0,0,1
8185.1,1,0,10.43,88.51,85.45,0,10,0,0,0
3000.26,1,9,22.08,23.53,208.72,0,13,0,0,0
18884.46,1,2,44.33,39.66,69.95,0,19,0,0,0
157779.56,0,0,13.08,43.71,62.63,0,1,2,0,1
2079.28,1,4,61.58,7.67,49.6,0,20,0,0,0
3982.47,0,2,29.31,27.67,95.96,0,5,0,0,1
2199.38,0,0,1.77,2.91,153.0,0,13,0,1,0
112648.41,0,2,3.63,11.88,62.41,0,1,1,0,1
827.0,0,1,7.57,0.61,69.73,0,18,0,0,0
1375.13,1,0,18.8,25.12,89.73,0,12,0,0,0
4942.81,0,0,9.0,19.8,152.65,0,20,0,0,0
10676.03,0,2,2.36,13.57,53.45,0,2,1,0,0
346.55,0,5,26.02,8.07,93.94,0,22,2,0,0
12387.85,1,0,16.99,8.76,324.93,0,2,5,0,0
2724.02,0,1,29.54,6.71,23.1,0,18,0,0,0
476.34,1,1,12.2,23.16,18.31,0,12,1,0,1
155.75,1,2,45.55,93.1,583.01,0,15,0,0,1
679.0,0,2,11.8,5.51,154.88,0,7,0,0,0
3072.65,1,2,25.05,18.03,252.87,0,17,0,0,0
2933.94,0,1,16.39,39.66,233.76,0,1,0,1,0
5902.91,0,0,18.94,9.96,155.6,0,7,0,0,0
1808.97,1,2,82.79,2.11,23.04,0,14,0,0,0
1034.8,1,1,5.94,3.4,166.11,0,15,0,1,0
2073.33,0,1,14.64,70.76,268.78,0,18,0,0,0
3240.91,0,1,18.47,40.91,22.04,0,20,0,0,0
3947.24,0,4,19.57,34.74,127.32,0,19,1,0,1
1423.45,0,0,38.44,19.02,201.33,0,16,1,1,0
7719.05,1,0,14.92,16.34,4397.35,1,4,1,0,1
1683.45,0,1,15.41,62.14,26.56,0,16,0,1,1
1313.28,1,1,7.16,20.59,34.71,0,1,2,1,1
1821.85,0,0,21.87,5.95,37.98,0,0,0,0,0
9180.53,1,1,29.59,17.79,66.31,0,3,0,0,1
73039.28,1,1,29.02,27.03,24.37,0,14,0,0,1
1564.76,1,0,6.93,16.77,32.84,0,18,7,0,0
7911.78,0,0,56.83,15.78,737.58,0,21,0,0,0
26708.8,0,1,6.55,19.76,68.79,0,10,1,1,1
3864.87,0,2,14.2,100.0,57.46,0,21,1,0,0
10762.71,0,0,12.13,43.13,6.62,0,10,0,1,0
131327.88,0,1,14.96,32.39,300.02,0,8,0,0,1
1710.19,0,2,25.4,8.29,16.46,0,17,0,1,1
3218.38,1,0,14.24,5.7,138.44,0,4,0,1,1
869.1,0,10,33.81,4.31,115.54,0,13,0,0,0
2553.09,1,1,1.73,23.14,404.44,0,21,0,1,1
1675.4,0,2,45.59,59.2,41.99,0,4,0,0,0
2094.59,1,0,15.78,25.48,85.84,0,19,2,0,0
1480.46,0,2,37.04,8.99,110.27,0,20,0,0,0
2351.72,0,9,15.11,37.56,23.78,0,2,0,0,1
5336.01,0,0,9.49,7.98,3.45,0,7,0,0,0
2780.84,1,0,15.33,6.63,44.36,0,1,0,0,0
112832.03,0,2,34.18,5.37,3.68,0,5,1,0,0
1486.05,0,0,27.38,13.04,172.87,0,2,0,0,0
685.81,0,1,19.49,24.53,334.94,0,19,0,0,0
4000.04,1,2,63.9,22.12,72.95,0,4,0,0,0
5183.92,0,2,15.22,12.17,28.27,0,18,0,0,0
4050.31,0,2,20.46,12.83,430.32,0,17,0,0,0
1425.95,0,0,29.2,33.26,54.42,0,7,0,0,0
4011.23,1,11,36.0,3.37,127.42,0,1,1,0,0
1958.41,0,2,30.09,3.78,118.6,0,16,0,1,0
1004.03,0,1,17.84,13.34,78.93,0,10,0,0,0
6580.92,1,0,20.15,12.47,290.56,0,14,0,0,0
7101.26,0,0,18.35,22.68,284.33,0,8,0,0,0
76743.02,0,1,5.18,9.01,42.03,0,1,0,1,0
122560.01,0,1,12.11,6.78,133.35,0,13,0,0,0
10192.04,0,0,37.75,12.48,70.97,0,9,0,0,0
1912.98,0,0,36.01,11.51,25.94,0,8,0,0,0
6023.97,0,9,14.59,0.84,32.32,0,10,1,1,0
1880.11,1,11,36.19,7.38,19.38,0,20,1,0,1
2504.93,1,0,78.99,39.72,53.66,0,12,1,0,0
111930.42,0,2,8.09,24.96,68.64,0,17,0,0,0
2317.13,0,1,33.48,62.18,3.6,0,15,0,0,0
3432.66,0,4,49.69,14.79,118.52,0,16,1,0,0
114825.11,1,1,31.3,11.33,270.22,0,3,0,0,1
18145.68,0,0,14.91,68.07,107.6,0,10,0,0,1
979.98,1,0,100.0,9.47,15.02,0,11,1,0,1
1783.65,0,3,29.38,32.39,406.91,0,11,0,0,0
1267.91,1,0,13.59,7.22,15.22,0,2,3,1,0
1783.3,0,1,7.43,9.83,19.84,0,0,4,0,0
8790.38,1,1,38.83,29.77,62.04,0,13,0,0,0
13739.52,0,4,28.89,12.63,362.98,0,18,1,0,0
1554.96,1,0,10.63,44.56,44.57,0,12,0,1,0
1520.8,0,1,3.55,27.44,252.77,0,9,4,0,1
985.23,1,1,30.64,6.94,118.07,0,6,1,0,0
11571.33,1,2,24.76,36.77,78.63,0,3,1,0,0
9614.28,1,2,16.5,12.0,226.12,0,11,1,1,0
2818.66,0,2,6.19,23.26,83.46,0,15,0,0,1
775.8,0,2,1.54,14.85,66.65,0,17,1,0,0
848.39,0,1,19.47,75.79,49.47,0,13,0,1,0
3716.84,0,2,9.6,47.57,115.48,0,8,1,0,0
5428.06,0,2,14.88,11.44,216.23,0,7,0,0,0
396.97,1,4,4.54,7.68,20.71,0,7,1,0,0
2272.62,1,0,37.72,8.36,133.7,0,17,1,0,0
119972.97,0,0,11.59,23.02,322.6,0,15,0,0,0
133899.78,1,1,77.83,17.15,52.89,0,18,0,0,1
13899.92,1,2,18.12,29.93,2522.27,1,5,0,0,1
5997.19,1,5,9.58,1.11,387.55,0,5,0,0,0
1059.68,0,0,52.49,11.17,122.22,0,13,1,0,1
2338.65,0,1,21.46,16.79,14.21,0,23,0,0,0
95766.86,1,0,43.66,67.95,36.87,0,0,0,1,1
1208.93,0,3,15.86,10.76,131.67,0,7,0,1,0
1188.13,0,0,17.88,38.71,51.66,0,17,0,0,0
14140.08,1,0,51.87,27.32,47.8,0,18,0,0,0
1179.26,1,8,48.56,16.42,227.03,0,22,0,0,0
9213.6,1,1,15.6,9.49,371.21,0,14,0,0,0
2025.39,1,1,5.89,3.67,5.07,0,6,0,1,0
3054.47,0,1,21.19,15.38,5.23,0,4,0,0,1
5496.38,0,0,17.82,9.72,1.75,0,12,0,0,0
1722.34,0,0,3.22,100.0,57.88,0,23,0,0,0
5529.79,0,3,31.78,25.74,51.06,0,2,0,1,0
404.87,0,2,10.32,25.94,50.9,0,16,0,0,0
4864.44,1,4,23.6,25.73,31.3,0,2,0,0,0
265.46,0,0,17.33,16.9,0.64,0,16,1,0,0
2497.77,1,0,84.19,14.01,86.81,0,10,1,0,1
7363.15,0,0,22.25,10.44,151.01,0,17,0,0,0
5838.89,0,0,33.62,12.75,95.15,0,3,0,0,0
855.42,0,1,42.38,34.25,75.26,0,16,1,0,0
972.95,0,3,20.59,12.45,57.53,0,19,0,0,0
1573.93,1,9,8.03,6.9,0.96,0,17,0,0,0
3775.23,0,2,27.51,21.76,4999.06,1,23,1,0,1
410.78,0,1,43.46,8.79,3559.26,1,1,0,0,0
3092.63,1,2,10.38,13.02,121.23,0,17,0,0,0
4278.81,0,1,9.34,40.16,73.22,0,17,0,0,0
2361.29,0,1,30.76,52.18,54.81,0,17,1,1,1
5299.25,0,3,15.44,11.51,112.36,0,14,0,0,0
3919.52,0,7,60.42,46.86,17.93,0,20,0,0,0
1823.2,1,7,22.19,17.27,37.77,0,2,0,0,1
452.06,0,1,18.15,25.41,69.52,0,7,3,1,0
3581.06,0,2,5.6,51.18,282.88,0,20,1,0,0
1208.25,0,1,17.61,9.97,312.59,0,22,0,0,0
1757.52,0,0,10.74,7.79,40.4,0,7,0,0,0
5060.01,0,1,9.82,40.38,14.87,0,2,0,0,0
151038.95,1,0,53.28,20.56,556.59,0,0,1,0,1
47400.44,0,0,20.79,30.46,24.16,0,14,1,0,1
5453.78,0,2,11.2,2.44,65.31,1,19,0,0,0
739.16,0,7,8.02,23.92,4034.07,1,11,0,0,1
4005.9,0,0,1.25,4.07,193.5,0,6,7,0,1
2951.57,0,4,34.05,13.2,6.57,1,7,5,0,1
146491.89,1,1,41.48,11.15,322.77,0,11,0,0,1
1825.38,1,2,22.29,4.99,84.56,0,20,0,0,1
2461.1,0,2,59.25,18.29,6.65,1,15,0,0,1
9034.58,0,0,19.08,39.1,27.66,0,3,0,0,0
2858.25,1,0,0.66,14.2,4.69,1,5,0,0,1
1033.97,0,1,80.03,2.85,58.95,0,0,1,1,0
40200.44,0,5,13.84,19.72,20.04,0,15,0,0,1
1065.72,0,1,83.77,3.54,3.62,0,14,0,0,0
2937.46,1,1,30.83,9.24,8.24,0,16,1,0,1
4432.36,1,1,8.08,11.98,47.05,0,21,0,0,0
4095.39,0,0,17.56,10.45,88.06,0,3,1,0,0
2592.18,1,2,4.01,16.79,2805.05,1,18,0,0,0
2605.13,0,1,10.79,25.47,5.55,0,2,0,0,0
2477.66,0,0,31.88,39.94,12.39,0,19,3,0,0
91025.36,0,4,27.84,24.63,126.31,0,22,5,0,1
26909.08,0,10,10.84,15.86,301.29,0,13,0,1,1
2514.95,0,2,4.54,30.8,36.63,0,17,0,0,0
5692.65,0,1,54.48,24.8,25.09,0,14,0,1,1
2242.5,0,1,8.29,15.25,72.92,0,21,0,0,0
2197.85,1,0,15.04,24.73,2.95,0,18,0,1,0
1987.35,0,1,13.36,24.63,5.63,0,2,1,1,1
665.24,0,3,11.06,20.8,36.37,0,21,0,0,0
2668.79,1,0,15.82,1.89,87.76,0,6,2,0,0
2085.98,0,1,11.71,8.97,24.64,0,2,0,1,1
10112.47,1,12,30.18,8.28,118.44,0,16,0,0,0
947.0,1,2,18.42,40.61,21.35,1,4,0,0,0
1759.62,1,12,16.7,20.62,125.09,0,2,0,0,0
1276.09,0,0,20.04,2.09,57.61,0,16,0,0,0
13260.31,0,2,24.69,87.47,207.95,0,1,0,0,0
1313.69,0,4,92.4,28.95,28.66,0,23,2,1,1
5498.88,0,2,1.9,8.63,74.03,0,17,0,1,0
8268.11,0,0,4.81,18.05,87.46,0,20,0,0,0
2707.76,0,5,0.38,20.79,9.88,0,13,0,1,0
790.91,0,0,2.73,11.83,69.31,0,19,0,0,0
800.99,0,2,20.42,18.79,82.72,0,14,0,0,0
7403.91,0,1,7.73,4.39,61.72,0,7,0,0,0
888.39,1,1,7.34,18.76,27.77,0,11,0,0,0
4637.94,1,1,11.7,22.94,20.38,0,11,0,0,0
3513.43,0,0,18.37,85.38,2934.37,1,20,1,0,1
4569.38,1,1,10.44,100.0,113.42,0,11,0,0,0
95705.42,0,0,15.06,25.45,213.97,0,19,0,0,1
1231.92,1,3,15.35,33.94,1761.31,1,14,0,0,1
1181.42,1,0,37.44,11.86,58.45,0,6,0,0,0
6405.6,0,3,22.64,1.46,150.56,0,10,0,0,0
1670.13,1,2,3.34,32.64,160.12,0,7,0,0,0
200.31,1,3,22.4,9.8,154.59,0,14,0,0,0
5995.45,1,2,22.28,12.37,6.57,0,19,0,0,0
1111.8,1,1,26.45,7.22,21.09,0,21,0,0,0
4999.71,0,0,13.11,43.09,0.15,0,13,0,0,0
12617.27,0,2,6.79,33.59,1218.23,1,10,0,0,0
3186.77,1,0,21.66,35.21,39.01,0,19,1,0,0
159446.55,0,0,11.78,8.01,6.84,0,1,0,1,0
3654.8,0,0,15.46,18.33,85.38,0,8,1,0,0
15327.89,0,0,18.36,8.12,41.24,0,6,0,0,0
1083.44,0,0,37.71,5.55,2.12,0,2,0,0,0
3108.16,0,9,89.76,9.11,68.31,0,16,4,0,1
6143.57,1,1,35.91,5.95,135.0,0,9,0,1,1
2590.45,0,1,15.48,6.15,59.92,0,21,1,0,0
157469.92,1,0,21.33,21.91,5.54,0,13,0,0,0
2034.41,1,1,7.45,93.22,45.55,0,7,0,0,1
24819.16,0,1,20.93,28.53,98.98,0,16,0,0,0
26165.51,0,2,2.33,26.35,230.06,0,0,1,0,0
4155.02,0,0,16.79,79.04,413.83,0,16,0,0,0
5445.81,1,2,1.7,85.21,2907.18,1,22,0,1,1
10318.27,1,4,2.26,38.84,330.99,0,3,1,0,1
956.04,0,12,14.57,33.88,313.86,0,22,1,0,1
843.87,0,2,44.7,18.81,114.25,0,20,1,0,0
11008.46,0,2,73.96,5.88,104.95,0,22,0,0,1
4121.57,0,0,21.3,15.76,176.12,0,14,0,0,0
2498.62,1,1,5.92,4.22,3.01,0,23,1,0,0
3168.85,1,3,17.88,23.54,344.46,0,2,1,0,0
288.29,0,1,15.37,16.89,161.35,0,19,1,0,0
2590.06,1,1,31.55,18.66,52.91,0,11,0,0,0
154422.21,0,1,36.82,27.33,142.12,0,19,1,0,1
7848.45,1,1,11.5,16.56,162.25,0,7,0,0,0
8476.31,0,1,36.65,5.27,45.16,0,6,4,1,0
5578.53,0,3,15.44,5.86,1.2,0,0,0,0,0
4653.89,1,1,7.2,15.72,123.86,0,23,0,0,0
701.1,0,2,4.99,29.65,2000.19,1,13,0,0,0
122794.72,1,1,13.67,57.74,146.26,0,16,0,0,1
5880.51,1,1,16.94,3.36,39.1,0,23,0,0,0
10885.56,0,1,49.4,14.6,13.41,0,3,2,0,0
26061.38,0,3,35.43,3.64,4.49,0,21,0,1,1
576.77,1,2,25.77,13.38,54.84,0,19,0,0,0
2124.99,0,1,53.0,12.76,83.39,0,11,0,1,0
33837.55,0,1,7.36,9.79,225.54,0,3,0,1,1
3723.83,0,1,13.79,6.01,275.12,0,19,0,0,0
3176.08,1,0,6.59,32.08,5.85,0,14,0,0,1
2479.76,0,2,9.1,22.89,29.85,0,12,1,0,0
8756.96,0,2,12.07,20.45,159.23,0,4,0,1,0
1041.68,1,4,15.07,29.9,308.69,0,4,1,1,0
1106.41,0,2,39.13,40.15,10.06,0,17,0,1,1
1125.27,1,0,18.44,10.34,185.24,0,3,0,0,0
2185.66,0,0,26.84,9.03,57.93,0,23,0,0,0
917.28,1,4,24.43,14.13,483.09,0,6,0,0,0
2985.22,1,3,11.44,8.83,27.65,0,10,0,0,0
2655.82,0,7,9.17,58.3,128.26,0,2,0,0,0
1427.22,1,2,1.86,36.54,94.13,0,7,1,0,0
7508.31,0,1,7.8,26.77,164.35,0,2,1,0,0
2952.77,0,3,8.01,28.37,61.62,0,14,0,0,0
9069.27,0,10,27.08,25.86,408.9,0,22,1,0,1
2578.47,1,1,7.59,8.72,166.54,0,17,0,0,0
3058.88,0,2,11.69,2.16,16.42,0,12,0,0,1
1785.08,0,2,16.09,10.71,56.61,0,18,0,0,0
3111.79,0,2,14.83,42.7,88.11,0,6,0,0,0
6388.35,0,2,23.99,18.68,63.57,1,5,0,0,1
2076.97,0,5,16.33,14.88,236.31,0,4,0,0,0
147374.56,0,2,11.41,37.98,218.62,0,4,0,0,1
1390.27,0,2,100.0,35.09,118.31,0,21,1,0,1
6694.56,0,1,5.52,26.35,133.88,0,18,0,0,1
1754.77,0,2,22.38,10.44,208.14,0,8,0,0,0
7344.3,0,3,8.69,37.1,3.11,0,10,0,0,0
3330.83,1,1,6.3,40.22,150.23,0,15,0,0,0
14342.09,0,1,1.3,3.33,25.14,0,17,0,1,0
988.25,0,1,24.9,90.41,1420.55,1,17,0,0,0
716.1,0,2,11.29,23.37,32.26,0,16,1,1,1
1692.2,0,0,15.75,11.69,159.34,0,21,2,0,0
784.77,0,2,5.73,8.79,24.66,0,15,0,0,0
786.24,1,2,13.45,11.34,210.01,0,11,0,0,0
5834.54,0,1,63.74,37.49,27.5,0,11,0,0,1
3120.73,0,1,77.32,36.14,91.05,0,12,0,0,0
1939.76,0,1,49.34,17.48,13.28,0,4,0,0,0
2128.21,0,0,13.04,12.8,84.58,0,3,0,1,0
1724.62,0,1,15.87,35.05,224.34,1,23,0,1,1
16323.63,0,5,14.24,56.73,40.82,0,21,0,0,0
1501.91,0,1,12.99,32.37,34.38,0,13,0,0,0
835.36,0,12,6.33,13.0,11.35,0,10,0,0,0
6946.9,1,2,3.33,0.97,505.69,0,15,1,0,0
2525.63,1,1,12.83,22.97,20.73,0,7,0,1,0
24071.26,0,1,87.57,50.92,75.01,0,20,0,1,1
1851.58,0,4,49.96,16.2,96.85,0,8,0,0,0
7302.59,1,0,19.24,2.4,91.74,0,2,2,0,0
9248.32,0,0,17.15,80.27,102.52,0,15,0,0,0
1860.62,1,1,77.27,29.18,20.63,0,4,0,0,1
1490.82,1,2,30.21,17.44,48.5,0,19,1,0,0
6577.21,1,0,18.88,26.44,15.23,0,11,0,0,0
5568.56,1,1,14.64,15.27,14.75,0,5,1,0,0
764.63,0,1,17.79,65.01,211.02,0,6,1,0,0
1013.9,0,2,26.33,5.16,39.03,0,18,0,0,0
248.04,0,0,25.88,15.51,55.43,0,6,5,0,0
5683.87,0,1,18.89,20.42,161.34,0,1,0,0,1
2411.91,0,4,56.44,22.22,106.39,0,4,1,0,0
2664.71,1,2,39.32,19.16,60.09,0,21,1,1,0
577.41,0,2,11.27,16.65,2.2,0,14,0,0,0
1045.13,0,1,11.16,23.97,46.82,0,9,1,0,0
1943.1,1,1,33.87,58.99,53.42,0,14,0,0,0
99156.22,0,1,7.0,32.89,0.86,0,22,1,1,0
3525.71,0,4,20.68,20.45,109.22,0,20,0,0,1
5616.52,1,1,67.22,9.53,11.1,0,4,0,0,1
30321.51,0,2,4.23,3.88,174.67,0,12,1,0,0
3071.69,0,0,6.0,19.16,108.28,0,9,0,0,0
9560.57,0,1,100.0,22.19,31.89,0,16,1,0,0
1366.53,1,2,30.13,37.87,99.89,0,6,0,0,0
587.02,0,2,26.47,88.33,111.08,0,10,0,0,1
2203.27,0,0,8.66,10.34,299.97,0,20,0,0,0
102484.11,0,0,3.01,56.02,3533.04,1,9,7,0,1
3180.12,0,2,7.69,11.82,227.87,0,11,0,0,0
1435.9,1,1,41.11,4.15,489.44,0,20,0,0,0
443.96,0,0,3.1,4.5,41.07,0,8,1,0,0
17783.48,1,0,17.4,7.52,37.37,0,23,0,0,0
1830.67,0,2,15.91,41.45,189.87,0,2,1,0,0
609.34,0,0,10.54,20.16,20.69,0,0,2,0,0
7693.81,1,8,10.89,22.21,1.63,0,14,2,0,0
1512.3,0,0,6.43,18.5,8.25,0,15,2,0,0
9322.31,0,1,77.46,29.61,90.2,0,14,0,0,1
1505.09,1,10,22.16,15.72,61.15,0,6,1,0,0
1824.57,0,2,5.91,7.02,149.95,0,10,0,0,0
4424.14,0,0,31.09,17.5,165.91,0,5,0,1,0
5671.56,1,3,0.5,0.11,186.63,0,7,1,0,0
6758.01,0,2,12.29,11.18,146.39,0,15,1,0,0
2864.81,0,1,31.44,35.96,251.39,0,13,2,0,0
147641.87,0,2,29.72,15.79,233.97,0,2,0,0,1
6605.31,0,1,5.08,19.12,11.47,0,1,0,0,0
140693.3,0,1,14.63,9.16,43.36,0,23,0,0,1
2717.16,1,1,12.83,51.89,2089.65,1,3,0,0,0
738.56,0,1,6.52,11.58,235.89,0,23,1,0,0
5705.43,1,1,21.01,21.55,148.46,0,0,0,0,0
3268.79,0,0,15.99,31.43,51.33,0,7,1,1,0
2072.24,0,1,16.59,2.81,10.37,0,19,1,0,0
11245.98,0,1,2.39,7.92,46.85,0,16,0,0,0
751.57,1,9,24.83,26.93,3152.72,1,22,1,0,1
16220.58,0,0,10.36,12.49,254.16,0,2,1,1,0
3064.77,0,0,18.95,100.0,347.86,0,21,0,0,0
4304.94,1,1,11.42,10.34,25.87,0,0,1,0,0
88475.56,0,3,36.46,16.27,11.79,0,17,0,0,1
591.66,0,1,7.72,17.25,357.59,0,4,1,0,0
2725.45,1,1,5.28,16.87,397.86,0,22,0,0,0
4379.74,0,3,3.65,11.02,246.48,0,1,1,0,1
6162.42,0,2,6.96,42.84,162.24,0,17,0,0,0
2570.79,0,3,50.32,19.35,65.09,0,0,0,0,0
349.83,0,0,15.31,21.76,11.75,0,13,0,0,0
670.71,0,0,12.3,29.79,19.04,0,2,0,0,0
24392.22,1,0,8.1,42.33,18.68,0,22,2,0,0
1050.96,0,1,70.56,46.11,256.37,0,0,1,0,1
13056.61,1,2,10.11,10.13,249.05,0,21,0,0,1
1231.41,1,1,29.3,76.92,20.21,0,5,0,0,1
2611.14,0,0,16.99,44.86,425.71,0,4,0,0,1
5855.92,1,1,5.04,36.34,243.86,0,18,0,1,1
1379.95,1,0,15.62,28.27,181.79,0,13,0,0,0
15401.42,1,2,26.3,44.54,198.75,0,18,2,0,1
3380.33,0,1,30.02,28.26,159.05,0,12,0,0,0
4968.39,0,1,72.66,20.49,49.29,0,4,1,1,1
2398.01,0,0,0.78,27.63,540.71,0,7,0,0,0
47472.58,0,1,20.29,4.2,70.46,0,5,0,0,1
15196.08,0,0,33.36,28.64,141.37,0,5,0,1,0
2748.23,0,3,32.04,14.86,13.45,0,12,0,0,0
17671.58,0,1,4.11,7.35,110.85,0,21,0,0,1
1700.04,1,1,5.39,55.03,350.3,0,16,0,0,1
6728.42,0,2,56.26,19.01,148.11,0,20,0,1,0
5110.82,0,0,20.61,13.13,26.89,0,3,0,0,0
1076.44,0,0,18.96,13.7,344.63,0,10,0,0,0
3880.85,0,1,9.71,5.07,158.45,0,14,0,0,0
3156.96,0,1,2.77,29.2,115.93,0,7,0,0,0
1335.16,0,1,8.05,18.46,85.49,0,1,0,0,0
4482.8,0,0,17.98,14.22,81.07,0,20,0,0,0
3627.47,0,0,19.37,62.29,17.77,0,4,0,0,0
2914.38,0,0,11.01,4.86,135.46,0,23,1,0,0
2926.09,0,0,17.27,14.27,94.1,0,4,0,1,0
2864.04,0,0,13.2,20.89,18.64,0,19,2,0,1
2169.6,0,2,7.32,29.61,76.26,0,7,0,0,0
3604.12,0,3,13.52,32.81,112.81,0,18,1,0,1
53908.27,0,4,16.06,71.07,25.47,0,17,0,0,1
44658.93,0,2,14.36,24.7,64.85,0,14,0,0,0
765.61,1,0,10.06,33.58,316.56,0,12,0,0,0
1746.32,1,2,16.32,9.46,202.71,0,9,0,0,0
1889.86,1,0,15.54,4.78,16.85,0,19,2,0,1
24112.69,0,1,0.94,4.99,19.72,0,11,2,0,0
837.03,0,1,23.7,16.02,163.1,0,20,0,0,0
4797.85,0,0,57.2,18.55,120.52,0,16,0,0,0
4017.42,1,3,2.23,13.87,69.11,0,14,0,0,0
4374.74,1,6,10.26,3.15,220.53,0,11,0,0,1
10789.66,1,0,5.96,33.95,217.8,0,15,0,0,0
10570.57,1,9,7.1,3.16,4315.72,1,22,0,0,1
1996.28,0,0,7.37,37.31,56.88,0,0,0,0,0
3804.8,1,1,17.08,1.04,58.75,1,10,0,0,0
485.85,1,2,26.46,45.81,25.53,0,18,0,1,1
3460.24,0,1,12.71,6.78,5.11,0,9,1,0,0
1416.59,1,2,27.77,20.28,460.34,0,6,0,0,0
2600.91,0,1,17.96,3.61,28.61,0,20,0,1,0
580.93,1,4,5.3,5.31,28.45,0,17,0,0,0
4697.91,1,0,9.8,24.4,138.11,0,15,0,1,0
574.46,0,0,20.32,11.73,35.62,0,16,1,0,0
3634.71,1,2,9.64,4.23,2104.31,1,19,0,0,0
919.19,0,1,18.57,11.8,37.62,0,2,1,0,1
1339.91,1,7,20.83,20.59,39.14,0,7,0,1,0
9944.07,1,2,11.96,25.76,45.0,0,18,1,1,1
5641.57,0,1,7.88,25.85,120.41,0,17,0,0,0
9889.25,1,9,34.55,24.76,271.96,0,15,0,0,0
167182.81,0,9,9.86,9.37,97.48,0,21,0,0,1
1446.87,0,0,15.91,9.65,172.11,0,11,6,0,0
14030.26,0,1,68.65,4.87,104.86,0,1,1,1,1
723.78,0,2,23.6,26.89,84.03,0,20,0,0,0
127957.0,0,0,9.4,11.34,39.53,0,6,0,0,0
1913.45,0,2,10.67,2.57,12.81,1,5,7,0,1
1236.08,0,0,45.03,26.08,238.31,0,18,0,0,0
63793.31,0,1,73.28,22.27,1371.73,1,12,0,0,1
8062.28,1,2,7.35,3.62,126.73,0,20,0,0,0
7826.48,0,2,13.24,86.04,45.16,0,4,1,0,0
3884.93,1,0,2.49,59.96,156.98,0,17,0,0,0
3575.85,0,1,14.97,2.87,83.98,0,16,0,0,0
5307.45,0,0,2.12,4.52,35.86,0,17,0,1,0
4246.13,0,0,2.39,16.07,101.19,0,23,1,0,0
156718.31,0,0,7.03,3.44,177.61,0,21,0,0,0
3842.96,0,0,10.87,19.1,40.79,0,0,1,0,0
7279.26,0,0,1.53,8.4,32.84,0,18,0,0,0
615.72,0,0,19.33,57.44,21.27,0,6,0,0,0
2748.27,0,0,14.84,8.79,124.4,0,2,0,0,0
785.37,0,0,6.38,22.97,404.08,0,16,4,0,0
4132.77,0,1,70.63,13.35,1808.75,1,7,0,0,0
16186.46,1,1,21.11,31.99,43.18,0,17,1,0,0
1950.64,0,1,69.45,7.45,60.25,0,13,0,0,0
3559.06,1,0,0.89,24.7,124.42,0,21,0,0,0
6677.42,1,1,15.57,36.06,160.57,0,9,1,0,0
396.34,1,2,21.67,20.77,67.24,0,19,0,1,0
1859.18,1,0,41.18,18.86,166.89,0,22,0,0,0
4512.09,0,0,30.21,17.45,275.37,0,18,0,0,0
133016.78,0,4,3.38,8.97,155.43,0,6,0,0,1
1179.91,0,9,4.67,5.58,165.25,0,19,0,0,0
9422.52,1,1,12.04,24.61,52.94,0,4,0,0,0
8544.11,0,1,6.23,19.36,507.37,0,11,0,0,1
4556.54,0,0,61.43,19.62,56.39,0,11,0,1,0
7571.89,1,0,41.44,23.36,128.25,0,11,4,0,0
3885.88,0,1,50.49,4.85,11.78,0,17,0,0,0
5461.04,0,0,19.87,19.79,147.08,0,3,0,0,0
2285.51,1,0,14.87,12.54,6.27,0,15,0,1,0
3518.58,0,2,11.86,16.91,48.36,0,3,0,0,0
1665.08,0,1,25.9,13.1,339.86,0,17,0,1,0
11086.5,1,1,22.61,4.74,4099.48,1,23,0,0,0
14350.78,0,0,24.02,8.29,116.89,0,19,0,0,0
12455.44,0,0,2.68,14.42,246.76,0,3,0,0,0
2083.68,0,2,5.61,9.28,291.12,0,18,0,0,1
1207.4,1,1,23.77,11.95,1608.86,1,4,1,1,1
11237.07,0,1,46.95,89.71,66.54,0,15,0,0,0
5398.67,1,3,20.5,13.8,198.71,0,4,0,0,0
4352.84,1,2,10.12,27.9,201.88,0,3,0,0,0
1662.98,0,3,1.39,9.97,89.03,0,15,1,0,0
63030.34,0,0,17.06,0.53,89.9,0,11,0,0,0
1058.62,0,2,44.75,8.13,194.5,0,0,0,0,0
5908.0,1,1,18.7,67.63,119.4,0,11,0,0,0
12442.67,0,2,12.11,7.2,211.71,0,17,0,0,0
16011.23,0,5,15.28,41.31,444.26,0,22,0,0,0
6364.71,0,1,25.62,21.18,2929.01,1,20,0,1,1
34511.11,1,0,29.28,6.09,81.79,0,8,1,0,0
3817.42,0,2,32.89,13.73,46.15,0,10,0,0,1
26627.02,1,1,30.81,9.55,47.54,0,21,0,0,0
157318.86,0,0,14.11,27.08,395.24,0,11,2,0,0
2953.71,1,1,21.89,12.42,6.06,0,19,1,1,1
12881.2,0,3,23.51,1.03,945.93,1,2,0,1,1
5808.83,0,1,13.16,5.91,59.3,0,17,0,0,0
37427.32,1,0,9.34,9.26,13.07,0,1,0,0,1
148841.86,1,5,3.9,27.94,37.31,0,0,1,1,1
1164.73,0,1,18.6,12.74,35.73,0,18,1,1,0
10658.63,0,3,74.76,27.15,35.58,0,15,0,0,0
947.78,0,2,100.0,5.31,204.45,0,16,1,0,0
2574.04,0,1,10.82,12.33,80.82,0,17,0,0,0
2934.68,0,3,36.44,18.55,91.64,0,17,2,0,1
164237.56,1,2,16.84,25.23,36.46,0,20,1,0,1
5792.2,0,1,5.32,11.33,246.03,0,18,0,0,0
4949.61,1,1,25.09,20.33,56.87,1,10,2,1,1
2095.55,0,2,11.79,23.79,215.57,0,8,0,0,0
10561.85,0,2,3.53,32.02,20.34,0,7,0,0,0
175575.43,1,0,7.49,11.83,120.72,0,17,0,0,0
6255.91,0,2,11.22,30.2,150.78,0,23,2,0,0
3462.24,1,1,6.89,25.18,136.88,0,9,0,0,1
855.89,0,0,14.48,34.16,391.26,0,13,0,0,0
1656.59,1,2,11.35,31.75,51.73,0,0,0,0,0
2530.8,1,2,0.34,21.31,229.4,0,22,8,0,1
1836.1,1,0,0.75,8.5,34.24,0,4,0,0,0
3083.81,0,0,14.21,7.8,78.68,0,6,0,0,0
18546.12,0,3,0.48,10.84,135.84,1,8,0,1,1
10907.07,0,0,44.34,38.88,54.18,0,5,1,0,0
2673.56,0,0,14.5,27.63,321.08,0,0,0,1,0
936.1,0,0,6.43,9.23,162.37,0,16,0,0,0
11936.64,0,1,14.98,11.98,2232.44,1,12,0,0,1
2983.78,0,0,0.93,27.09,46.9,0,17,0,1,0
557.52,0,0,4.12,11.59,31.88,0,12,0,0,0
6389.62,0,1,30.16,13.59,322.29,0,16,0,0,0
8740.19,0,0,1.65,1.41,182.62,0,8,1,0,0
277.02,0,2,5.93,27.25,279.96,0,3,0,0,0
1373.95,1,3,20.99,35.67,32.75,0,15,0,1,0
2806.09,0,2,9.87,10.19,53.57,0,17,0,0,0
6532.28,0,1,13.41,98.19,95.67,0,8,0,0,0
1871.05,0,2,91.08,5.26,35.8,0,19,1,0,0
1363.57,1,0,15.49,46.17,196.91,0,22,0,0,0
6484.5,0,1,25.09,8.06,135.84,0,14,0,0,0
1961.92,0,2,24.91,16.06,79.66,0,22,0,0,0
5388.67,1,3,37.29,12.83,95.06,0,4,8,0,0
1031.21,0,0,24.96,15.3,19.06,0,12,0,1,0
810.51,1,9,6.6,23.57,196.98,0,7,0,0,0
6669.29,1,1,82.94,11.31,243.47,0,2,0,0,1
4034.02,0,0,11.97,10.0,52.03,0,10,0,0,0
7882.94,0,2,10.8,2.75,670.96,0,6,0,0,0
1839.79,1,1,4.8,4.9,87.0,0,6,0,1,0
1415.01,1,3,83.18,0.86,114.11,0,14,0,0,0
12218.65,0,0,7.69,14.48,278.58,0,13,0,0,0
683.37,0,1,16.37,4.22,445.39,0,7,0,1,0
10954.01,0,0,12.83,18.09,68.37,0,9,1,0,0
11737.04,0,3,12.54,19.38,19.19,0,19,0,1,0
7406.32,1,3,3.1,11.93,3216.77,1,7,0,0,1
1575.29,0,2,4.98,12.26,26.98,0,10,0,0,0
1385.03,1,2,15.85,3.13,36.71,0,19,1,0,0
2540.06,1,1,21.61,12.34,73.46,0,7,0,0,0
858.31,1,3,19.6,5.28,4092.9,1,3,0,0,1
1197.88,0,8,2.83,13.04,94.0,0,14,2,0,1
5971.39,1,12,13.9,38.05,127.2,0,8,7,0,1
5999.01,1,0,5.5,11.51,197.92,0,17,0,0,0
1097.1,1,2,7.79,10.32,369.05,0,14,1,0,0
6161.79,0,3,19.69,13.51,13.13,0,5,0,0,0
4935.96,0,1,14.64,10.52,2376.07,1,23,2,0,0
14184.23,0,9,18.1,95.54,63.88,0,19,0,0,1
5536.6,1,0,12.41,41.82,4.02,0,9,0,0,0
66258.67,1,1,4.96,9.19,11.54,0,6,1,0,1
5049.67,0,2,34.14,23.29,118.43,0,21,1,0,0
8349.27,0,1,7.05,100.0,168.84,0,13,1,0,0
865.13,0,12,1.05,9.37,16.73,0,12,0,0,0
2774.58,1,4,25.84,5.27,63.08,0,10,0,1,0
3013.98,0,2,8.01,7.34,40.65,0,4,2,0,0
2455.9,0,9,16.19,9.44,164.76,0,11,0,0,1
4884.81,1,0,11.21,59.19,227.42,0,22,2,0,0
5909.87,1,4,8.16,24.87,248.22,0,3,1,0,0
4639.01,0,1,21.05,5.88,85.97,0,3,6,0,0
2625.58,0,1,17.69,6.03,165.66,0,12,0,0,0
1501.58,1,0,7.93,16.78,5.1,0,20,0,0,0
9387.99,1,2,9.61,8.7,83.42,0,4,0,0,0
4445.88,0,3,28.52,4.03,18.31,0,1,1,0,0
1131.6,0,1,4.61,12.19,62.16,0,7,0,0,0
2581.98,0,2,21.76,14.77,193.36,0,5,1,0,0
548.23,0,1,5.91,31.78,51.48,0,20,0,0,0
3246.62,1,8,31.04,37.96,54.59,0,10,1,0,1
2569.89,0,1,21.91,28.97,160.87,0,18,1,0,0
1764.34,0,3,6.51,19.34,32.07,0,9,1,0,0
15284.59,1,4,39.55,8.84,55.6,0,16,0,0,1
986.19,1,1,13.47,18.9,109.32,0,0,0,0,0
6351.16,1,3,24.41,2.77,79.87,0,16,0,1,1
27909.1,0,1,15.15,8.85,72.93,0,2,0,0,1
9202.84,0,0,8.07,35.53,98.08,0,18,0,0,0
3036.5,0,2,76.4,14.69,144.19,0,5,7,0,0
1008.21,0,1,18.15,6.06,120.61,0,0,0,0,0
802.67,0,1,8.64,22.56,1886.38,1,14,0,1,1
2076.52,0,1,9.83,11.1,327.44,0,6,5,0,0
1576.56,0,2,11.08,1.93,10.33,0,0,0,0,0
1526.07,1,2,100.0,17.68,12.42,0,4,1,0,0
2261.28,1,1,25.1,14.32,15.62,0,16,3,1,1
2829.21,0,3,10.39,2.37,56.64,0,20,1,1,0
5090.91,0,2,18.05,13.09,62.17,0,6,0,0,0
908.87,0,2,32.45,13.21,7.37,0,15,2,0,0
1584.08,0,0,22.11,7.05,58.2,0,21,0,0,0
2671.32,0,0,14.29,13.71,177.25,0,11,0,1,0
2577.34,0,0,3.68,5.74,3989.31,1,19,0,0,0
19661.62,1,0,5.85,9.51,6.55,0,20,0,0,0
3953.07,0,2,28.13,44.3,159.08,0,17,0,1,0
624.16,1,0,8.26,57.44,168.9,0,1,0,0,1
4760.85,0,12,6.11,20.41,28.1,0,5,0,0,0
5408.16,0,0,17.67,13.35,15.97,0,0,0,0,0
2765.21,0,4,26.07,4.62,37.77,0,1,0,0,1
931.32,0,1,20.46,1.73,25.38,0,2,1,0,0
18179.59,0,9,22.39,4.82,38.56,0,1,0,0,0
33164.09,1,1,25.79,1.6,5.89,0,6,0,0,0
6067.93,0,2,37.22,79.55,182.79,0,0,0,0,0
3827.82,0,1,14.76,16.26,12.67,0,9,0,0,0
5714.78,0,2,10.57,1.35,54.27,0,20,0,0,0
17272.28,0,0,3.8,9.71,3.72,0,3,0,1,0
5495.25,0,3,12.24,70.57,64.05,0,5,0,0,0
1792.44,0,1,11.74,35.22,12.08,0,13,0,0,0
9471.02,1,5,19.06,8.62,633.62,1,13,0,1,1
1667.2,0,1,14.28,12.31,12.11,0,14,0,0,0
3690.65,0,1,79.38,45.38,202.4,0,11,0,0,1
859.99,1,5,5.08,12.81,23.75,0,12,0,0,1
1115.12,1,1,23.36,12.63,9.29,0,0,1,0,0
3299.04,0,0,24.91,18.45,121.46,0,9,0,0,0
4528.23,0,1,12.38,37.93,5.4,0,21,0,0,0
571.13,0,2,1.8,22.04,70.81,0,17,0,0,0
5152.76,0,2,2.26,18.68,38.71,0,16,2,0,0
1381.01,0,1,3.26,41.68,182.4,0,18,0,0,0
11267.62,1,0,8.46,64.69,27.38,0,11,0,1,1
2204.01,0,1,27.64,13.51,406.46,0,7,0,0,1
1018.8,1,1,4.01,6.52,24.92,0,16,0,0,0
3380.59,0,1,86.43,4.5,76.36,0,2,8,0,0
1253.59,1,2,15.57,13.87,2179.33,1,18,0,0,0
11147.22,1,0,4.49,3.91,18.6,0,8,0,0,0
3135.46,0,1,17.89,10.25,49.5,0,12,0,0,0
2692.76,0,0,16.23,23.46,107.17,0,16,1,0,0
5663.52,0,2,3.83,11.42,126.43,0,20,3,0,0
1147.17,1,1,6.07,15.18,282.29,0,0,0,0,0
146938.88,0,12,8.64,8.15,12.3,1,16,0,0,1
4714.28,0,1,9.67,100.0,317.37,0,9,0,0,1
1043.49,0,1,12.58,9.38,28.17,0,22,1,0,0
1043.14,1,11,7.9,11.12,341.12,0,18,0,0,0
7235.51,0,0,22.26,6.39,429.83,0,11,0,0,0
5297.89,0,2,4.68,12.78,292.27,0,13,1,0,0
894.42,1,0,19.47,14.27,194.17,0,14,0,1,0
1687.26,0,14,15.34,70.84,116.52,0,20,0,1,1
1269.36,1,1,24.24,16.92,77.07,0,10,1,0,1
18514.68,0,1,5.67,12.68,43.46,0,2,0,1,0
7754.36,0,2,19.81,26.23,11.27,0,18,0,0,0
2057.31,1,1,1.81,21.41,93.8,0,12,0,0,1
5575.82,1,1,39.36,17.8,58.41,0,3,0,1,1
807.4,1,5,19.9,21.34,23.06,0,16,1,0,0
52622.64,0,1,15.13,100.0,27.01,0,22,1,1,0
29957.88,0,1,22.78,17.84,18.11,0,9,0,0,0
4925.74,0,8,16.62,82.2,2485.91,1,10,0,0,1
2842.79,0,0,10.6,46.97,175.44,0,10,0,0,0
4015.89,0,1,29.0,20.49,65.03,0,15,1,1,0
3389.16,0,1,23.81,64.59,2.18,0,11,1,0,0
2660.91,0,8,12.77,28.03,95.0,0,6,1,0,0
2330.54,0,5,38.22,20.81,12.18,0,3,1,1,1
2046.19,0,4,6.32,19.54,49.29,0,4,0,1,0
3951.84,0,1,13.87,5.33,4.32,0,12,1,1,0
4725.91,1,2,55.69,19.8,3.73,0,17,1,0,0
3821.35,0,1,13.09,15.93,92.92,0,6,1,1,0
964.3,0,1,22.27,2.18,75.05,0,17,0,0,0
1154.1,1,1,11.43,37.36,2.66,0,9,1,0,0
94305.59,1,2,22.18,82.45,356.99,0,1,1,1,1
13652.44,0,1,13.54,14.56,199.73,0,5,0,0,0
142715.01,0,2,11.45,99.74,56.18,0,3,0,1,1
2076.28,0,3,29.46,14.09,44.76,0,9,1,0,1
3921.94,0,13,5.25,3.55,56.92,0,15,0,0,0
1005.44,1,0,7.51,4.74,3494.11,1,17,0,0,0
11602.12,1,1,19.17,62.97,107.45,0,8,0,0,0
3776.66,0,5,11.75,9.71,103.59,0,11,1,0,0
1604.46,1,3,8.47,25.78,423.25,0,0,0,0,0
2652.36,0,0,3.25,10.64,27.93,0,19,0,0,0
1850.04,0,7,0.22,32.42,83.71,0,4,0,0,0
11633.8,1,5,8.43,2.55,46.25,0,19,0,0,1
2559.99,0,1,28.06,13.11,2770.19,1,5,0,0,1
91368.85,0,0,33.75,85.94,726.97,0,3,1,0,0
100237.42,0,2,56.62,4.01,14.82,0,13,0,0,0
1494.03,1,2,1.09,25.91,16.92,0,1,0,0,0
3803.62,0,1,0.8,19.05,292.05,0,6,0,0,0
79227.85,0,1,10.12,18.25,58.33,0,7,0,0,1
662.43,0,1,88.32,11.25,255.32,0,11,0,0,0
4034.74,0,2,5.51,5.61,136.08,0,12,0,0,1
2993.62,0,3,27.98,19.2,58.98,0,16,0,0,0
3568.73,1,0,19.75,11.88,29.61,0,7,0,0,0
3247.46,1,2,5.35,6.09,53.74,0,5,1,1,1
4060.94,1,10,37.67,12.88,123.87,0,1,0,0,0
11936.34,1,2,31.31,32.85,7.91,0,20,0,0,0
963.42,0,0,7.09,14.9,3133.94,1,12,0,1,1
2225.75,0,0,29.82,8.37,117.03,0,12,0,0,0
6103.51,0,1,14.16,16.36,4.81,0,11,0,0,0
5069.14,0,9,13.71,16.82,11.41,0,11,0,0,0
4961.21,1,0,21.9,26.37,76.94,0,17,0,0,0
49196.47,1,2,81.2,69.5,153.07,0,16,1,0,1
5791.44,1,4,8.17,18.28,184.94,0,5,5,1,1
9710.25,0,1,23.24,4.21,247.95,0,4,0,0,0
2305.21,0,2,12.07,14.2,14.79,0,1,0,0,0
1161.06,0,0,18.4,71.56,1196.11,1,20,0,1,1
2288.57,0,3,19.79,11.56,117.15,0,16,0,0,0
6386.62,0,1,2.38,8.83,44.72,0,20,0,0,0
4707.1,0,3,27.78,13.27,235.92,0,16,0,0,0
102527.61,0,1,15.54,31.52,28.77,0,12,1,0,0
2529.19,1,0,10.46,28.56,67.75,0,0,0,0,0
2156.4,0,2,0.22,13.53,3.67,0,19,0,0,0
2617.94,0,1,1.2,8.09,44.29,0,9,1,0,0
6467.05,1,0,41.34,31.67,19.49,0,3,1,0,0
7264.3,0,9,3.59,21.38,21.06,0,6,0,1,0
1145.69,1,13,17.31,19.83,157.59,0,11,0,0,1
158718.77,1,8,19.06,17.17,75.01,0,23,0,0,1
93059.11,0,1,48.86,10.13,176.58,0,10,6,0,1
5008.65,1,3,44.99,52.35,0.94,0,13,0,0,1
2586.43,1,0,40.28,24.8,6.3,0,0,1,0,0
14999.75,1,1,8.77,29.69,143.73,0,4,1,0,1
2063.02,1,6,2.86,28.66,29.39,0,14,1,0,0
3746.63,1,1,8.06,26.02,187.88,0,14,0,0,0
5747.92,0,0,1.37,14.96,108.86,0,16,0,0,0
1307.72,0,1,0.59,58.47,3187.26,1,4,0,0,1
2913.59,1,1,36.12,3.74,97.91,0,1,0,0,0
2400.46,1,1,4.6,13.8,24.48,0,14,0,0,0
1874.67,0,1,4.32,8.47,212.14,0,23,2,0,0
2018.84,1,1,37.34,25.41,278.26,0,21,1,0,0
9528.23,0,13,14.11,7.31,421.96,0,15,0,0,1
1722.36,1,0,25.82,27.05,115.71,0,12,0,0,0
5521.52,1,4,28.95,63.66,29.78,0,2,0,0,0
4292.37,0,2,17.12,1.6,77.42,0,12,0,0,0
775.12,0,2,8.67,31.65,62.11,0,11,0,0,0
5266.75,0,1,15.36,9.54,18.32,0,0,1,0,0
762.41,0,1,28.17,10.39,115.69,0,21,0,0,0
5872.83,0,1,17.82,15.71,90.47,0,14,0,0,0
1887.12,0,1,4.0,4.7,247.67,0,10,0,1,0
77448.02,0,0,20.25,9.75,187.86,0,1,0,0,1
858.96,0,1,17.65,6.22,190.66,0,7,0,0,0
3541.77,0,10,69.93,28.59,3433.43,1,13,0,0,1
7918.45,1,4,5.27,15.6,1757.35,1,22,2,0,1
1398.33,1,1,6.06,18.49,26.62,0,13,0,0,0
1707.58,1,8,6.26,17.92,59.82,0,8,1,0,1
4937.53,1,0,22.47,17.36,26.23,0,6,0,0,0
5062.51,1,2,35.55,7.75,2.38,0,4,0,0,0
274.74,0,1,37.67,28.55,62.92,0,22,1,1,0
23515.3,0,2,10.28,85.09,113.83,0,17,0,0,0
5316.41,0,2,36.26,14.99,189.48,0,4,0,0,0
6291.27,0,0,9.37,9.87,71.17,0,16,6,0,0
2714.76,0,8,17.82,17.32,32.86,0,7,0,0,1
490.12,1,1,4.15,19.47,18.29,0,9,0,1,0
6153.17,1,0,24.83,28.67,26.85,0,20,0,0,0
1780.79,0,5,17.44,67.03,181.58,0,17,0,0,0
5398.8,0,1,64.59,4.47,279.19,0,22,7,0,1
2517.95,0,4,16.16,10.06,313.94,0,15,0,0,0
156568.0,1,1,3.56,4.42,57.58,0,22,0,0,0
1443.76,1,1,16.11,13.83,120.29,0,2,0,0,1
7438.24,0,2,6.25,46.3,197.39,0,18,0,0,1
954.91,0,1,20.12,6.47,355.69,0,11,0,0,0
29601.18,0,3,3.43,19.56,158.24,0,2,0,0,0
29376.45,0,1,69.89,20.45,328.45,0,14,1,0,1
16037.73,1,0,92.72,5.68,93.38,0,0,0,0,0
11220.29,1,0,60.54,5.12,19.8,0,13,0,0,0
2879.73,0,1,7.44,16.39,61.67,0,9,1,0,0
10062.26,0,1,16.47,34.56,200.91,0,21,0,0,0
2846.44,0,0,15.24,86.64,1625.75,1,17,1,1,1
662.81,0,1,11.04,14.44,16.44,0,15,0,0,0
14089.73,0,0,5.2,16.07,26.38,0,23,1,0,0
117344.6,0,0,14.27,4.15,18.55,0,11,0,0,0
3037.11,1,1,3.36,31.88,101.13,0,20,0,0,0
98226.41,0,2,31.68,11.36,2100.61,1,10,1,1,1
1743.76,0,0,30.63,21.21,398.03,0,21,0,1,0
507.17,0,1,35.77,29.31,67.03,1,17,0,0,0
8063.32,0,0,4.26,64.39,38.2,0,9,0,0,0
630.61,1,5,53.14,8.39,211.01,0,3,1,0,0
4174.84,0,2,1.06,5.85,69.31,0,6,0,0,0
1347.9,1,0,14.89,43.61,2.46,0,20,0,0,0
752.42,1,1,8.57,20.9,437.99,0,10,1,0,0
3977.29,0,2,38.44,5.4,112.55,0,13,0,0,0
2244.42,0,1,3.16,30.35,13.44,0,10,3,0,0
7245.89,1,2,8.08,2.66,128.72,0,6,0,0,0
882.18,0,1,12.8,22.29,529.81,0,14,0,0,0
1469.51,0,1,5.47,18.06,78.65,0,4,1,0,0
287.83,1,1,14.57,26.36,227.16,0,0,0,0,0
352.71,1,1,4.03,15.41,180.99,0,18,1,0,0
18924.12,0,3,75.4,58.89,27.15,0,13,0,0,0
25174.79,0,0,26.85,31.41,61.52,0,22,2,0,0
3438.28,0,4,4.28,28.64,238.42,0,3,0,0,0
1374.95,1,3,22.59,17.01,33.69,0,0,0,0,0
2325.18,0,1,3.69,0.28,25.96,0,2,0,0,0
7506.87,0,0,8.82,24.13,338.69,0,15,0,0,0
1873.59,1,1,2.79,28.86,67.22,0,11,0,0,0
3974.42,1,0,19.06,5.05,161.44,0,2,0,0,0
3094.07,1,4,5.03,18.1,263.72,0,13,5,0,0
1774.35,0,3,14.55,29.82,91.39,0,1,1,0,1
1851.6,0,3,27.43,14.49,8.26,0,16,0,1,1
4202.02,1,2,18.77,66.23,27.99,0,2,0,0,1
1179.81,1,0,2.15,17.65,22.99,0,7,8,1,1
4923.28,0,0,27.03,3.38,152.1,0,20,2,0,0
1955.54,1,7,7.53,4.47,19.02,0,22,0,1,0
3559.47,0,7,37.73,8.52,140.8,0,20,0,0,0
12505.98,0,0,33.42,28.13,6.57,0,1,0,0,0
132945.38,0,3,75.34,2.81,95.53,0,18,0,0,1
7862.06,0,0,31.38,20.89,341.21,0,22,0,0,0
522.16,0,0,4.65,5.97,69.35,0,12,1,0,0
1957.92,1,0,5.19,81.97,40.28,0,17,0,0,0
3221.78,0,0,20.6,26.03,82.43,0,3,0,0,0
21446.8,0,1,24.0,25.04,13.75,0,9,3,1,0
441.44,0,2,73.52,25.94,33.2,0,7,0,0,0
2846.34,0,2,70.88,72.61,148.24,0,19,0,0,0
13449.39,0,2,21.33,16.78,213.12,0,0,0,0,0
1429.36,0,6,7.14,92.43,11.31,0,13,0,0,0
2533.0,0,4,3.52,2.34,10.73,0,14,0,0,0
4366.6,1,1,39.03,99.91,83.69,0,17,0,0,1
3768.79,1,0,23.34,8.85,41.04,0,3,1,0,0
14999.47,0,1,51.46,10.54,35.53,0,1,0,1,0
4907.27,1,3,20.84,26.83,4.84,0,6,0,0,0
11822.66,1,1,4.37,7.89,440.49,1,8,3,1,1
2186.36,1,1,15.03,26.84,180.6,0,15,0,0,0
1494.39,1,2,8.98,36.61,259.68,0,7,0,0,0
99251.18,1,1,21.1,17.41,4.19,0,12,1,0,0
983.28,1,2,21.73,50.3,284.32,0,13,2,0,0
5082.26,1,0,34.46,23.15,154.94,0,4,0,0,1
2130.52,0,1,35.91,11.04,40.41,0,17,0,0,0
1600.72,1,4,24.5,12.06,19.33,0,23,0,0,0
5159.83,0,2,19.93,19.12,86.09,0,4,0,0,0
998.53,1,2,3.76,29.21,50.89,0,19,5,0,0
6771.66,0,1,11.52,34.11,81.17,0,17,0,0,0
96547.24,0,3,19.61,11.98,93.84,0,17,0,0,1
9987.57,0,2,23.61,12.32,26.15,0,14,0,1,1
2115.96,0,1,3.02,25.48,11.16,0,22,0,0,0
5895.29,0,0,22.16,9.18,108.54,0,16,0,0,1
3750.19,0,2,3.34,14.54,189.06,0,14,0,1,0
6593.91,0,0,95.95,17.65,249.57,0,9,1,1,1
3498.0,0,1,13.33,25.55,3393.61,1,15,1,0,0
593.84,0,2,14.53,51.8,130.49,0,4,0,0,0
8593.78,1,1,98.49,12.55,369.93,0,4,0,0,1
2870.72,0,1,23.33,44.09,37.96,0,10,0,0,0
6901.65,0,0,7.47,3.77,384.19,0,22,1,0,0
6249.44,0,0,79.63,7.2,246.97,0,7,1,1,0
1446.21,0,1,28.52,11.05,181.28,0,6,0,0,0
1255.39,0,2,6.34,1.56,19.01,0,10,0,0,0
6035.14,1,1,21.0,12.04,283.89,0,5,0,1,1
2314.04,1,11,10.58,15.32,19.18,0,15,0,0,0
7993.86,0,1,21.08,9.62,39.04,0,23,0,0,0
2622.28,1,4,40.48,27.29,114.17,0,3,2,0,1
159148.59,0,1,42.34,3.38,161.39,0,19,1,0,1
4785.3,0,0,12.16,25.38,48.33,0,23,0,1,1
4179.62,0,2,27.48,9.95,217.51,0,18,0,0,0
2155.95,0,3,15.42,42.13,117.06,0,6,0,0,0
3953.78,0,1,17.4,33.66,75.98,0,8,0,0,0
10330.47,1,0,65.38,70.77,44.78,0,21,2,0,1
2968.42,1,2,37.85,14.57,1444.5,1,15,0,0,1
5330.36,0,0,72.22,100.0,75.48,0,11,0,0,1
3282.5,0,0,11.79,15.25,146.56,0,11,1,1,0
3549.65,0,1,14.78,76.46,106.46,0,15,0,0,0
17560.56,0,2,9.59,20.75,8.51,0,14,0,0,0
10422.58,0,2,0.86,14.24,317.97,0,12,1,0,0
3392.78,1,8,1.28,4.51,210.53,0,1,0,0,0
3883.35,1,1,18.12,3.19,230.04,0,18,0,0,0
1553.29,0,2,15.34,41.57,317.68,0,13,1,0,0
2636.03,0,1,17.02,10.44,196.93,0,4,0,0,0
4270.12,1,1,24.03,15.18,24.7,0,9,0,0,1
7336.47,1,2,11.53,40.95,2205.75,1,21,1,0,0
6629.08,0,1,36.12,32.13,142.38,0,1,0,0,1
1033.54,0,1,12.07,19.25,3.8,0,8,3,0,0
8324.7,1,1,8.53,13.3,1816.44,1,7,0,0,0
2867.59,1,2,15.97,92.29,17.22,0,10,1,0,1
1167.95,0,0,7.22,11.52,289.07,0,9,0,0,0
11924.91,1,3,28.07,14.43,408.61,0,16,2,0,0
13538.31,0,1,67.48,21.91,571.38,0,5,0,1,1
4079.57,1,1,9.41,43.46,7.05,0,5,0,0,0
6366.43,0,0,11.31,26.36,249.88,0,17,0,0,0
6751.02,0,0,5.7,93.29,1395.24,1,20,0,1,0
170711.98,0,0,58.23,15.05,15.83,0,22,1,0,1
6490.33,0,0,5.16,15.07,35.84,0,23,2,0,0
830.74,0,1,18.73,17.39,72.64,0,11,0,1,0
23384.01,0,3,17.74,27.11,204.84,0,5,2,0,0
9096.61,0,1,19.36,13.62,103.9,0,2,0,0,0
1882.73,0,2,33.41,42.85,3532.65,1,9,2,0,1
1119.21,1,2,5.8,8.74,174.15,0,1,0,0,0
5191.68,1,6,5.91,37.01,341.06,0,21,0,0,1
2372.6,1,4,11.96,25.19,13.27,0,8,0,0,0
4358.99,0,0,11.64,39.81,24.49,0,21,0,0,0
6590.65,0,3,10.15,9.84,48.99,0,16,0,0,0
1778.56,1,1,3.72,74.62,155.69,0,18,0,0,0
1026.48,0,7,23.6,2.85,128.15,0,16,0,0,0
4609.24,0,6,12.93,2.51,39.26,0,7,0,0,1
1838.33,1,0,11.33,9.09,23.81,0,3,0,0,0
3626.76,1,2,39.42,10.11,525.23,0,15,0,0,0
45014.67,0,1,14.65,33.74,1.28,0,2,0,0,1
2435.28,1,5,13.68,22.14,23.26,0,14,0,0,0
6405.75,0,1,23.12,11.0,7.31,0,15,0,1,0
5744.12,1,3,17.56,39.73,2279.05,1,18,0,0,1
120220.78,0,1,20.02,29.31,18.48,0,16,0,0,1
974.32,0,1,2.01,16.06,32.58,0,17,0,0,0
3183.59,0,0,16.97,87.31,91.49,0,16,1,0,0
5491.92,0,1,36.23,15.54,332.51,0,20,0,0,0
4699.33,1,0,87.16,25.14,91.28,1,17,0,0,1
1877.77,0,1,2.38,52.66,295.22,0,18,0,0,0
4220.99,1,1,25.19,26.07,84.9,0,21,0,0,0
14077.82,1,0,15.52,17.26,61.21,0,16,1,1,1
3847.37,0,12,20.56,7.74,6.18,0,12,0,0,0
612.07,1,1,8.09,33.83,179.58,0,9,2,0,0
3839.9,0,1,48.6,43.82,0.97,0,11,1,0,0
24196.35,0,0,4.86,28.99,160.87,0,5,0,0,0
864.9,0,3,19.57,12.45,224.8,0,10,0,0,1
3228.34,1,1,23.62,6.62,38.47,0,3,0,0,0
2499.05,1,3,10.58,16.58,83.04,0,21,0,0,0
3449.15,1,0,2.32,1.54,204.34,0,1,1,0,0
3805.69,1,2,12.53,15.63,16.83,0,11,0,0,0
9798.38,1,2,58.21,9.07,93.45,0,3,1,1,1
3411.08,0,1,18.9,19.11,118.4,0,21,0,0,1
11240.29,1,0,3.06,13.33,37.71,0,6,1,1,0
2785.95,0,0,26.66,5.38,140.77,0,9,0,0,0
2208.05,0,1,21.2,10.07,98.78,0,21,0,0,0
1604.9,0,13,4.39,11.52,405.3,0,13,0,0,0
509.24,0,0,6.48,19.35,22.85,0,6,0,0,0
4128.96,0,2,31.36,15.24,185.63,0,20,6,0,0
24440.58,0,7,19.51,15.65,82.05,0,3,1,0,1
4955.41,0,3,8.44,10.43,146.06,0,23,0,0,0
6227.61,0,1,1.8,33.26,50.0,0,17,0,0,1
2073.45,1,1,23.26,45.5,35.62,0,5,0,0,0
2454.47,1,0,24.69,12.3,89.53,0,15,0,1,0
8388.71,0,1,12.22,61.38,76.33,0,4,0,1,1
23357.97,0,1,24.41,22.56,220.2,0,21,6,0,0
13876.44,0,2,32.65,15.51,205.51,0,15,0,0,0
7011.06,0,1,22.25,24.6,81.13,0,13,0,0,0
3245.91,1,1,66.56,5.2,119.76,0,15,0,1,1
3865.01,0,1,21.43,50.71,310.45,0,13,1,0,0
1475.12,1,0,4.69,15.63,429.11,0,16,0,0,0
736.44,1,0,29.81,10.2,27.47,0,3,0,0,0
1015.57,0,1,12.12,16.78,277.76,0,23,0,0,0
3293.81,1,6,94.33,27.08,118.6,0,19,0,0,0
2340.24,0,1,7.6,34.28,36.94,0,13,0,0,0
720.94,1,0,27.32,13.92,173.8,0,9,0,0,0
3018.99,1,9,39.47,5.88,1441.86,1,15,1,0,1
2279.18,1,0,3.79,8.94,86.44,0,14,0,0,0
969.86,1,2,8.11,9.4,3.51,0,6,1,0,1
2164.23,1,2,40.16,22.06,242.82,0,20,0,1,0
2273.43,1,2,12.89,40.79,45.25,0,5,0,1,0
1691.49,0,3,11.74,76.48,15.34,1,12,0,0,1
7916.23,1,1,3.32,4.69,305.08,0,7,0,0,0
467.36,1,1,6.05,5.97,23.61,0,21,0,0,0
430.18,0,0,4.8,2.36,146.57,0,9,0,1,0
3144.11,1,1,52.76,22.98,323.41,0,14,1,0,0
3449.99,0,1,30.91,10.4,9.04,0,2,0,0,1
4694.82,0,2,24.43,17.54,126.84,0,14,0,0,0
1828.09,0,1,12.42,6.26,25.79,0,7,0,1,0
1251.47,0,2,72.41,15.09,53.84,0,6,0,1,1
3110.95,1,11,38.15,1.62,49.23,0,4,0,0,1
2015.1,0,1,23.38,67.57,72.8,0,2,0,1,1
14780.61,0,1,27.75,48.36,1976.59,1,0,1,0,1
2266.0,0,0,12.27,13.14,27.0,0,16,2,0,0
2971.48,0,1,32.57,20.42,34.99,0,17,0,0,0
37250.41,1,3,20.35,4.12,49.1,0,10,0,0,1
2579.21,1,4,2.34,23.7,85.93,0,20,0,0,0
5465.2,0,0,15.2,8.95,37.54,0,7,0,0,0
5980.8,0,10,29.94,12.96,186.24,0,12,0,0,1
6512.0,0,1,1.74,20.28,52.75,0,19,0,0,0
4185.94,0,3,38.05,1.45,230.05,0,13,1,0,0
3804.12,0,6,13.96,17.9,4541.52,1,15,0,0,1
3464.54,0,0,60.67,14.0,66.37,0,4,0,0,0
151442.63,0,1,25.75,45.43,484.86,0,11,0,1,0
4339.52,0,1,24.48,21.25,51.01,0,20,0,0,0
23828.7,0,3,2.51,14.71,60.02,0,20,1,0,0
10516.3,0,2,21.5,19.54,13.27,0,23,3,0,1
4246.79,1,2,29.19,9.37,77.59,1,15,0,0,1
7374.84,1,1,5.86,16.11,342.64,0,22,0,0,0
1313.99,0,7,14.01,4.32,92.6,1,0,0,0,1
2415.08,1,1,18.48,10.51,84.63,0,17,0,0,0
8085.68,1,1,26.83,14.59,183.89,0,23,0,0,0
13865.61,0,0,1.58,47.1,69.86,0,14,0,1,0
1449.73,0,1,1.9,96.4,49.65,0,11,0,0,0
1932.19,0,0,39.62,36.68,34.07,0,9,1,0,0
27760.68,1,0,11.07,11.55,6.08,0,16,0,1,1
3450.45,0,0,22.6,46.1,295.09,0,23,0,0,0
19406.47,1,2,13.17,11.1,1.62,0,6,0,1,1
3853.96,0,2,17.07,45.32,363.57,1,23,0,0,1
4008.53,0,0,6.68,3.81,150.63,0,1,1,0,0
2308.86,1,0,12.92,6.83,103.59,0,13,1,1,0
8042.98,0,2,2.3,19.34,72.43,0,0,0,0,1
12182.77,1,0,10.74,55.88,59.85,0,22,1,1,0
1113.2,1,0,5.61,10.71,104.37,0,14,2,1,0
2202.94,1,1,86.74,26.36,20.82,0,9,1,1,1
7825.0,0,2,15.76,8.95,55.48,0,8,1,0,0
2753.01,1,0,14.97,17.28,62.95,0,7,0,0,0
1913.36,0,1,16.06,21.94,45.11,0,0,1,0,1
8600.21,0,2,11.48,5.25,273.01,0,0,0,0,0
9447.01,1,0,22.43,17.37,147.0,0,18,0,0,0
1998.91,1,3,30.58,35.84,2.54,0,0,2,0,1
3875.25,0,9,13.14,31.7,124.77,0,13,0,1,1
935.92,0,0,14.21,12.26,145.12,0,19,0,0,0
1279.88,1,5,7.65,14.46,19.48,0,14,4,0,0
3548.09,1,1,14.46,76.56,67.06,0,14,0,0,0
3233.78,0,0,10.56,65.65,68.66,0,3,0,0,0
1191.69,1,0,21.13,16.25,136.62,0,16,0,0,0
1531.54,0,0,30.46,12.57,167.98,0,11,0,0,0
1080.26,0,0,14.82,41.07,109.82,0,13,0,0,0
4939.7,1,6,7.63,37.59,82.28,0,11,1,0,0
438.06,1,0,26.08,3.99,542.34,0,14,0,0,0
1139.59,0,2,13.13,21.56,200.61,0,6,1,0,0
486.41,0,1,44.51,73.01,39.7,0,15,0,0,1
4764.85,0,0,11.61,18.21,46.65,0,23,0,1,0
516.6,1,9,22.67,6.16,155.35,0,10,0,0,0
3234.82,0,1,18.32,68.53,3.97,0,19,2,0,1
16147.56,0,2,24.43,68.06,261.25,0,5,0,0,0
16704.51,1,5,51.09,6.52,53.59,0,13,0,0,0
514.96,0,2,7.61,27.88,142.84,0,6,0,0,0
4223.46,0,0,54.22,9.92,81.33,0,4,0,0,0
1165.64,0,0,9.52,0.68,188.45,0,20,0,0,0
950.38,1,0,12.27,63.67,186.25,0,0,1,1,1
2797.64,0,1,7.94,9.82,257.46,0,13,1,0,0
10703.13,0,1,2.23,40.81,141.45,0,20,0,0,0
5708.2,0,0,12.01,9.6,524.2,0,17,0,0,0
1532.81,1,2,87.44,25.22,196.7,0,3,2,0,1
6342.54,1,1,20.68,19.61,65.81,0,6,1,0,0
53852.35,0,1,7.24,6.92,3.39,0,21,0,0,0
1475.95,0,1,16.22,11.53,10.1,0,4,0,0,0
1374.86,1,0,8.67,24.67,71.11,0,5,1,1,0
3389.1,0,2,13.84,15.47,54.52,0,20,0,1,0
2558.49,0,2,4.53,7.43,184.61,0,12,1,0,0
2720.39,0,1,9.2,54.36,110.02,0,13,0,1,0
2631.42,0,2,16.78,45.54,145.22,0,10,0,0,0
3204.81,0,0,16.29,31.8,52.01,0,15,0,0,0
5378.32,0,0,31.44,15.47,28.14,0,0,2,0,0
3638.52,0,11,91.82,16.24,89.83,0,6,0,0,1
2358.19,0,1,36.15,8.49,36.8,0,23,0,0,1
4683.25,1,1,14.35,11.05,67.29,0,17,0,0,0
7158.99,0,1,10.49,23.12,15.16,0,22,1,1,0
1797.18,0,2,7.36,0.82,26.04,0,4,0,0,0
2953.06,1,2,5.23,5.93,26.99,0,12,0,1,0
10015.67,0,3,8.08,80.51,77.12,0,10,0,0,1
1040.27,1,0,23.43,39.76,235.85,0,13,2,0,0
19047.71,0,3,39.06,22.81,2491.84,1,12,0,0,1
821.26,1,1,41.89,12.84,27.17,0,20,2,0,1
107610.34,0,1,39.04,40.35,16.98,0,6,2,0,1
1211.74,0,10,20.71,15.11,43.81,0,23,0,1,0
27943.14,0,1,3.25,29.96,114.22,0,12,0,1,1
1894.39,0,2,13.41,6.79,113.93,0,21,0,0,0
1899.14,0,1,44.78,15.06,124.07,0,21,0,1,0
2163.0,1,0,27.51,47.64,158.04,0,1,2,0,1
3448.18,1,1,44.21,11.29,187.64,0,10,0,0,1
2256.47,0,4,5.26,6.81,565.83,0,10,0,0,0
2743.84,1,1,79.03,45.15,22.31,0,11,0,0,1
91.91,1,1,2.29,33.83,144.3,0,20,1,0,0
3318.14,1,2,8.73,25.92,19.4,0,2,0,1,0
3190.1,1,2,30.93,6.1,919.36,1,16,0,0,0
8853.51,1,3,36.59,16.16,43.26,0,10,0,0,1
11603.49,0,0,7.14,39.63,23.82,0,13,8,0,0
2597.47,1,0,6.58,12.47,111.3,0,18,1,0,0
7088.5,1,13,7.35,5.99,21.29,0,13,4,0,0
1041.51,0,0,19.19,18.74,79.83,0,22,0,0,0
6750.3,0,1,12.26,18.36,87.27,0,20,0,0,0
1767.86,0,1,1.5,60.21,92.41,0,10,1,0,1
958.44,1,2,30.88,17.56,62.49,0,23,0,0,0
2602.98,0,1,7.86,4.34,186.81,0,18,0,0,0
12714.17,1,11,36.39,44.45,3782.81,1,21,0,0,1
3755.61,1,2,28.2,20.56,32.85,0,5,0,0,0
13995.46,1,2,3.83,10.91,7.75,0,7,0,0,0
1482.18,0,1,34.14,19.63,8.61,0,17,0,1,0
8936.07,1,1,34.51,37.44,98.32,0,9,0,0,0
1632.45,1,2,41.28,12.65,25.11,0,17,0,0,0
3925.81,0,1,9.1,52.14,56.39,0,21,0,0,0
3892.02,1,1,2.18,5.56,52.5,0,22,0,1,0
6072.29,0,1,31.17,15.3,24.11,0,16,0,0,0
4026.85,1,1,28.28,14.1,148.35,0,2,0,0,0
1496.4,0,1,30.4,12.39,45.13,0,0,0,0,0
7557.58,0,2,87.64,2.23,99.1,0,7,1,0,0
17705.96,0,0,3.47,2.21,265.38,0,16,1,0,0
1747.95,0,0,6.34,26.88,68.05,0,8,0,0,0
500.08,0,0,2.92,11.27,16.9,0,16,1,0,0
5163.24,1,1,23.11,2.56,61.46,0,15,0,0,0
2250.3,0,0,37.48,5.79,20.44,0,8,0,0,0
2748.74,0,0,12.91,68.34,118.69,0,5,0,0,0
5465.32,1,2,24.0,4.0,17.6,0,11,0,1,1
1985.46,1,1,14.96,13.57,26.21,0,6,0,0,0
2395.02,0,1,4.96,6.66,273.41,0,0,0,1,0
2835.24,1,1,56.24,23.36,233.13,0,13,0,0,1
13626.26,0,3,30.29,7.08,2667.93,1,5,0,0,1
3229.46,1,11,12.2,40.05,248.48,0,5,0,0,0
910.8,0,2,6.27,20.89,208.99,0,13,1,0,0
947.78,1,0,21.11,20.24,543.13,0,5,0,0,1
3601.95,1,1,3.84,15.99,236.36,0,2,0,0,0
1012.9,1,2,14.49,9.31,171.17,0,0,0,0,0
657.01,0,1,2.69,46.5,17.84,0,4,0,0,0
5916.71,1,2,6.16,75.13,178.2,0,7,1,0,0
6213.62,0,2,8.39,13.69,335.44,0,19,0,0,0
2168.66,1,0,7.53,2.89,73.27,0,14,0,0,0
4203.44,1,0,36.38,80.28,4485.41,1,3,1,1,1
3782.43,1,0,9.33,2.93,177.29,0,1,0,1,0
5723.98,0,2,19.2,4.89,120.39,0,4,0,0,0
5737.33,0,1,16.3,8.74,137.52,0,11,1,0,0
231.41,0,0,18.45,16.85,289.11,0,13,1,1,1
2463.9,0,2,4.04,14.5,77.27,0,7,0,0,0
5260.09,0,4,11.4,19.32,191.58,0,1,0,0,0
2078.79,0,2,17.02,30.27,251.44,0,20,0,1,1
3249.33,1,0,24.9,33.01,160.4,0,9,0,0,1
6638.89,0,2,8.09,3.55,415.35,0,1,1,0,0
3397.94,0,2,98.86,19.03,402.08,0,19,0,0,1
14156.36,0,0,24.02,61.43,42.89,0,1,1,0,1
9671.96,1,2,3.32,7.83,51.98,0,11,1,0,0
2783.42,1,1,11.79,21.54,204.94,0,13,0,0,0
2570.75,0,0,29.1,3.14,12.01,0,1,0,0,0
181.21,0,0,19.77,6.62,2514.08,1,5,0,0,1
2260.85,0,0,8.59,6.08,111.36,0,14,0,0,0
809.75,0,1,14.95,5.36,262.35,0,3,0,0,0
3909.75,0,0,7.79,15.66,73.27,0,7,0,0,0
3651.42,0,1,13.55,31.41,4172.59,1,15,0,0,1
46464.83,1,2,21.37,16.19,12.9,0,1,1,0,0
12665.92,0,3,16.47,21.52,115.36,0,22,8,0,1
3052.54,1,0,6.1,34.2,112.15,0,21,0,1,1
30650.87,0,2,37.6,4.93,20.99,0,21,0,0,1
3953.88,1,1,4.08,72.75,402.76,0,4,0,0,0
845.38,1,1,38.54,30.42,36.61,0,17,0,0,0
35612.74,1,1,9.0,60.65,102.01,0,9,0,0,0
2158.68,0,6,19.22,7.13,51.65,0,6,0,0,0
5665.37,0,1,9.66,24.08,21.01,0,8,0,1,0
1215.3,1,0,2.49,7.13,153.12,0,10,0,0,0
2326.28,1,1,2.33,20.92,211.79,0,9,1,0,0
2667.67,0,1,5.71,7.94,215.58,0,3,0,0,0
2001.95,0,0,4.85,19.47,96.64,0,8,0,0,0
7054.46,0,0,12.42,26.77,1.61,0,22,0,0,1
5951.04,1,0,1.88,7.82,177.0,0,5,0,0,0
10062.46,1,0,68.14,5.12,125.22,0,17,3,0,0
2250.65,1,7,11.7,77.41,8.09,0,9,0,0,1
10430.9,1,6,34.47,2.26,59.4,0,9,0,0,0
801.11,0,1,39.21,17.65,140.59,0,2,0,0,0
781.81,0,0,18.33,47.65,52.36,0,17,0,0,0
930.94,0,2,17.92,7.59,101.04,0,21,0,0,0
3162.8,1,1,3.73,16.53,34.94,0,9,0,1,0
10429.34,0,0,27.55,22.34,2409.95,1,18,0,1,0
1716.18,0,0,16.43,6.26,477.3,0,10,0,0,0
1945.56,0,5,0.22,0.22,44.56,1,15,7,1,1
2524.96,0,1,4.48,9.49,6.74,0,23,0,0,0
5557.08,0,0,100.0,16.03,4219.76,1,23,0,0,1
1943.75,0,0,33.12,74.44,15.3,0,8,0,0,0
1838.28,0,3,25.62,13.84,311.49,0,21,0,1,0
816.16,1,0,11.78,6.41,313.34,0,6,1,0,0
1769.19,0,0,16.22,79.08,112.57,0,11,0,0,0
10172.69,0,3,40.86,19.14,65.72,0,8,0,1,0
3432.09,0,2,8.82,9.13,11.92,0,18,0,0,0
1495.39,1,1,74.51,0.09,3739.71,1,4,0,0,1
10787.51,0,2,15.1,23.22,58.37,0,2,0,0,0
1745.48,1,3,8.11,16.25,23.73,0,11,0,0,0
12964.31,1,0,24.02,0.72,127.29,0,21,2,1,1
12754.09,1,3,4.33,7.77,54.07,0,3,0,0,0
3314.33,0,6,41.43,14.64,138.99,0,23,0,0,1
700.26,1,0,29.7,5.82,106.82,0,17,0,0,0
30930.58,0,0,57.4,20.37,304.86,0,15,0,0,1
4615.96,0,1,6.22,12.64,49.79,0,19,0,0,0
2266.77,0,1,12.69,17.63,44.93,0,10,0,0,0
8152.89,0,2,47.8,4.89,134.45,0,6,0,0,0
158500.77,0,0,16.18,4.08,48.91,0,20,0,0,1
11625.29,0,2,4.46,20.47,54.64,0,4,1,0,0
1615.91,0,1,4.85,12.19,187.94,0,3,0,1,0
4309.05,0,3,12.26,35.03,4269.27,1,8,1,0,0
957.31,0,0,96.42,10.18,59.59,0,17,0,0,0
6101.77,1,0,12.23,24.12,112.53,0,10,0,1,0
3062.71,0,2,21.17,5.7,3387.65,1,2,1,0,1
4150.6,1,2,4.99,2.48,79.23,0,23,0,0,0
2707.15,0,0,11.49,40.76,417.58,0,4,1,0,0
2438.19,0,2,28.43,8.46,125.5,0,12,1,0,0
1315.23,0,0,1.94,11.49,117.23,0,11,0,0,0
6907.96,0,0,20.32,5.32,169.56,0,6,0,0,0
13900.83,0,1,9.38,11.25,58.23,0,4,0,0,0
1796.03,0,1,51.41,39.15,22.64,0,1,3,0,0
5450.92,0,2,14.2,7.55,70.09,0,18,0,1,0
4827.98,0,2,29.5,35.4,54.9,0,15,0,1,1
3159.27,0,2,8.85,13.63,62.17,0,13,0,0,0
680.89,0,1,42.03,37.81,28.47,0,9,0,0,1
852.7,0,1,64.43,11.39,12.27,0,16,1,0,0
1435.14,0,1,72.18,100.0,36.94,0,23,0,0,1
369.07,0,1,43.97,8.63,87.02,0,10,0,0,0
12810.63,0,1,5.93,19.85,3.98,0,10,0,0,0
4526.5,0,0,75.03,13.92,96.9,0,17,1,0,0
3041.3,0,0,3.94,12.44,65.43,0,23,1,0,0
350.64,1,2,8.28,19.02,84.43,0,18,0,0,0
505.79,0,13,78.4,16.04,31.09,0,23,0,0,0
3126.47,0,3,15.1,22.09,18.96,0,18,0,0,0
22482.44,0,1,4.08,34.56,2285.82,1,22,0,0,0
1558.31,1,11,7.95,62.39,508.31,0,23,7,0,1
7433.84,0,3,32.18,16.9,376.09,0,8,0,1,0
1939.33,0,0,24.05,5.58,72.11,0,11,0,0,0
3311.77,1,5,7.39,31.8,20.11,0,5,0,1,0
10558.47,0,0,26.53,12.43,63.03,0,12,4,0,0
2217.31,1,0,16.54,2.72,125.91,0,16,0,0,0
1571.67,0,3,27.96,12.95,4334.72,1,15,0,0,1
12939.9,1,2,14.08,19.92,23.27,0,22,0,0,1
3279.87,0,2,25.24,60.43,80.6,0,8,0,0,0
9332.0,0,6,8.04,23.26,39.62,0,23,0,0,0
1579.32,1,2,21.74,72.75,23.2,0,13,0,0,0
12793.27,0,13,8.21,48.87,96.29,0,2,0,1,1
4120.08,1,1,5.2,11.35,53.44,0,1,0,0,0
4840.57,0,0,5.55,28.73,71.65,0,17,0,1,0
54920.95,1,0,12.7,3.24,60.58,0,17,0,1,0
1890.36,1,2,0.31,9.9,129.88,0,12,0,0,1
3128.53,0,1,7.03,39.05,38.16,0,2,0,0,0
2013.06,1,3,18.6,30.45,36.59,0,8,1,0,0
8180.81,0,2,99.0,7.06,1487.79,1,15,1,0,1
2557.9,1,6,70.24,17.15,232.27,0,15,0,0,0
701.69,0,2,11.18,48.93,25.06,0,19,0,1,0
584.39,0,5,26.67,26.04,35.06,0,13,0,1,1
557.4,1,2,27.33,77.18,22.64,0,14,1,0,1
5813.69,0,0,9.25,11.1,13.46,0,10,1,0,0
990.78,0,2,6.68,45.19,169.21,0,3,0,0,0
4230.54,0,1,1.33,27.68,175.12,0,18,0,0,0
89254.06,1,0,11.55,35.05,42.94,0,11,0,0,0
2937.43,0,2,7.23,8.72,55.0,0,0,0,0,0
4858.11,1,1,19.2,16.42,4447.12,1,11,0,0,0
3671.31,1,1,34.83,6.61,2825.36,1,14,1,0,1
208.57,0,1,1.82,10.34,86.76,0,12,0,0,0
2267.37,0,2,13.47,22.24,20.12,0,4,0,0,1
4793.92,1,2,16.42,15.99,36.15,0,8,1,1,0
16159.81,0,3,24.42,87.55,115.38,0,18,1,0,0
16923.49,0,0,65.17,60.27,1435.63,1,23,0,0,1
801.79,1,0,71.1,10.19,134.28,0,1,0,0,0
2208.95,0,3,41.39,21.75,0.48,0,7,0,0,0
654.51,0,0,15.62,1.91,15.07,0,5,0,0,0
14326.77,1,0,26.16,5.25,17.68,0,1,2,0,0
8628.76,0,1,7.43,4.45,15.29,0,19,1,1,0
4449.68,0,1,5.98,1.92,112.85,0,19,0,0,0
3700.03,0,10,1.74,11.85,440.74,0,20,0,0,0
12464.39,1,0,81.93,8.01,0.86,0,7,0,0,1
10523.07,1,1,13.53,1.29,58.45,0,5,4,1,1
9977.07,0,2,29.23,52.12,72.08,0,2,0,1,1
4947.71,0,1,20.99,46.94,218.81,0,14,0,1,0
2210.05,0,4,22.54,24.0,39.34,0,0,0,0,0
6748.83,0,1,18.68,18.8,145.12,0,18,1,0,0
7087.17,0,1,1.75,21.44,159.82,0,1,0,1,0
2589.87,1,0,5.81,19.04,587.95,0,6,0,0,0
2205.59,0,2,6.74,16.03,1.82,0,10,0,0,0
9733.35,1,2,86.61,4.97,341.04,0,10,0,0,0
16549.58,0,4,29.69,3.87,279.44,0,20,0,1,0
1481.19,0,13,10.63,33.05,26.23,0,15,0,1,1
2408.17,0,1,19.92,7.64,96.73,0,6,2,0,0
4451.22,0,2,29.32,28.25,39.77,0,11,0,0,0
5097.98,1,1,8.16,25.35,24.0,0,13,0,0,0
1858.7,1,1,96.13,8.92,116.81,0,14,0,0,1
20609.77,1,2,100.0,23.1,354.94,0,4,0,1,1
4779.52,0,1,27.2,14.52,3.24,0,3,0,0,0
42693.11,1,4,27.38,18.92,204.23,0,13,0,0,0
18194.67,0,0,4.72,1.71,47.22,0,15,1,0,0
2000.07,1,2,15.29,9.9,15.23,0,20,0,0,0
2868.57,0,1,35.66,11.48,183.8,0,12,0,0,0
894.87,0,1,7.49,23.45,2665.24,1,16,0,0,0
2637.67,0,3,6.78,10.97,155.05,0,2,0,1,0
707.03,0,0,37.66,9.99,201.17,0,10,0,0,0
6619.99,0,0,25.08,8.49,22.97,0,21,0,0,0
4769.5,1,2,34.16,48.04,4.13,0,17,0,0,0
2375.42,1,0,28.77,18.87,0.73,0,19,0,0,0
2834.37,1,0,33.91,15.17,98.96,0,15,0,1,1
6710.75,0,2,23.15,4.92,83.43,0,1,1,0,0
1006.47,0,2,14.78,3.25,34.42,0,11,0,0,0
3843.61,0,0,34.76,100.0,42.17,0,9,0,1,0
6307.6,0,0,44.32,40.73,4551.28,1,2,0,1,1
527.28,0,0,37.24,0.73,144.12,0,12,0,0,0
6216.35,0,2,8.63,4.34,22.0,0,13,0,1,0
72129.39,0,1,11.35,7.05,11.91,0,4,0,0,0
2786.12,0,1,12.93,33.12,2762.73,1,1,0,0,1
979.08,0,1,0.73,59.81,129.13,0,0,0,0,0
13111.52,1,2,18.99,27.04,146.68,0,1,0,0,1
985.23,0,1,21.54,13.87,32.3,0,12,0,0,0
601.73,1,0,15.59,25.34,98.12,0,5,0,0,0
3580.84,0,1,16.16,40.88,175.39,0,19,1,0,0
2072.06,1,1,10.92,89.9,445.47,0,1,0,0,0
696.03,1,0,11.63,25.71,0.19,0,15,0,0,0
5301.87,1,2,21.71,12.72,36.44,0,3,0,0,1
427.73,1,1,2.93,9.08,2389.96,1,17,0,0,1
1111.83,1,0,1.04,30.34,280.57,0,13,0,0,0
1763.02,0,1,8.51,21.97,28.6,0,5,0,1,0
6989.91,0,2,44.17,27.62,9.89,0,9,0,0,0
11446.83,0,1,15.36,44.6,14.89,0,12,1,1,0
9440.67,0,1,38.43,22.81,21.54,0,14,0,1,0
2688.47,0,1,18.07,6.4,55.36,0,22,0,0,0
276.63,0,0,26.48,7.25,26.68,0,2,0,1,0
4632.5,0,0,17.48,68.27,14.68,0,21,0,0,0
13637.43,0,1,18.33,15.08,28.61,0,17,0,1,0
10762.15,0,1,63.46,15.45,35.46,0,5,5,0,1
4978.82,0,1,4.88,14.0,68.97,0,5,1,0,0
953.84,1,0,12.74,3.98,25.78,0,19,0,0,0
1853.24,1,1,60.25,11.48,172.57,0,18,0,0,0
21672.82,0,0,15.2,12.13,132.84,0,9,0,0,0
759.96,0,1,3.14,15.57,106.08,0,15,0,1,0
994.42,0,3,10.89,16.94,130.37,0,12,0,0,0
8042.95,0,1,5.19,24.38,142.3,0,19,0,0,1
2036.2,1,1,4.84,21.32,433.22,0,9,0,1,0
153755.39,0,0,6.37,19.16,2930.33,1,17,0,1,1
14443.09,1,0,17.87,5.9,26.41,0,6,7,0,0
4969.41,0,1,16.92,11.46,25.05,0,1,0,0,0
2139.22,1,1,9.75,14.78,49.63,0,1,0,0,1
996.48,0,1,7.11,8.84,34.16,0,19,2,0,0
60449.09,0,0,22.73,37.61,241.32,0,3,0,0,0
76112.24,1,1,9.87,7.29,186.22,0,16,1,1,1
12674.26,0,2,13.31,18.68,43.47,0,1,0,0,0
33917.32,1,0,14.91,15.31,109.69,0,16,0,0,0
1861.43,0,0,10.98,6.29,30.72,0,5,1,1,0
158588.64,0,1,20.36,25.21,373.52,0,12,1,0,1
13310.59,0,9,9.09,16.83,315.95,0,21,0,0,0
13528.01,1,1,3.6,32.41,48.64,0,15,0,0,0
479.66,0,2,27.54,7.8,75.69,0,4,0,0,0
5430.47,1,0,21.01,10.28,148.65,0,16,0,1,0
2776.05,1,1,4.37,15.9,88.73,0,13,2,1,0
1115.07,1,2,11.46,14.56,54.46,0,20,1,0,0
4071.42,0,0,77.39,15.49,6.86,0,0,0,0,0
812.73,1,4,2.84,17.07,156.03,0,6,0,0,0
1965.58,1,1,68.55,14.16,6.4,0,12,0,1,1
1410.26,0,0,2.48,6.73,20.06,0,20,1,1,1
1901.14,0,3,7.78,30.33,53.95,0,9,1,1,1
2917.61,0,3,36.68,9.37,210.1,0,12,0,1,1
1135.05,0,1,3.9,2.26,8.37,0,8,0,0,0
15111.01,1,4,2.71,25.54,345.0,0,19,0,1,0
5132.17,0,2,1.27,2.74,185.96,0,19,0,0,0
18855.56,0,3,28.57,30.08,44.24,0,8,1,0,0
2670.23,0,8,5.2,8.64,3442.23,1,3,1,0,1
1810.23,0,5,13.44,17.13,177.88,0,2,0,0,0
18186.15,0,1,34.37,1.82,77.61,0,7,0,0,0
1758.01,1,1,16.91,81.55,302.41,0,2,3,0,1
2622.04,0,2,17.46,6.66,171.26,0,11,0,0,0
6438.48,0,3,7.24,12.68,272.82,0,20,0,0,0
908.94,1,1,19.43,10.86,91.51,0,7,1,0,0
6382.37,0,3,3.49,66.92,40.14,0,13,0,0,0
5615.84,0,1,24.02,39.96,232.35,0,20,0,0,1
11151.46,0,11,12.83,10.65,10.24,0,23,0,0,0
7631.54,1,0,37.82,7.11,31.96,0,3,0,0,0
11498.57,1,0,37.84,24.09,53.53,0,23,0,0,0
2806.18,0,3,8.34,2.28,15.56,1,7,0,0,0
1322.57,0,2,2.73,22.05,141.56,0,16,3,1,0
25847.92,0,2,39.23,7.02,16.11,0,8,0,1,0
680.82,1,1,15.88,35.24,9.86,0,18,1,0,0
98639.8,0,0,65.11,10.5,3336.91,1,16,0,0,1
5514.45,1,1,22.98,67.3,170.77,0,3,0,0,0
15914.5,1,1,4.42,2.31,43.12,0,19,0,0,0
3787.84,0,0,19.04,17.82,29.24,0,1,0,0,0
8512.61,1,1,21.9,20.07,371.21,0,18,0,0,0
425.9,1,0,33.33,19.87,17.71,0,14,0,0,0
1901.61,0,1,41.4,21.52,68.81,0,13,0,0,0
481.09,1,1,43.75,5.81,21.17,0,10,2,0,1
6839.1,1,1,18.89,92.09,18.37,0,3,0,0,0
666.99,0,2,17.51,12.08,51.81,1,11,0,0,1
873.21,1,1,9.14,19.36,132.86,0,8,0,0,0
5239.73,0,2,31.25,27.86,16.39,0,20,1,0,1
67257.03,1,0,85.92,21.51,281.65,0,23,0,0,1
2673.2,1,3,8.48,12.6,26.5,0,0,0,0,1
5542.34,0,3,31.38,4.57,3301.89,1,9,0,0,1
5365.73,0,1,36.1,12.58,325.23,0,20,1,1,0
2526.46,0,1,15.41,11.64,21.79,0,4,0,1,0
1048.69,0,0,9.77,8.14,34.5,0,21,0,0,0
5513.15,0,0,50.16,10.82,30.94,0,2,0,1,0
5785.42,0,1,12.03,3.09,140.69,0,1,5,0,1
7661.97,0,2,13.2,48.59,28.03,0,6,3,0,0
4281.53,0,2,23.03,10.45,20.86,0,7,0,0,0
974.09,0,0,8.78,19.53,51.76,0,7,0,0,0
6250.02,1,0,15.91,42.19,204.04,0,21,0,0,0
3129.47,0,1,7.87,11.12,290.23,0,17,0,0,0
1933.84,0,1,16.53,2.41,2.16,0,9,0,0,0
2334.06,0,1,32.97,17.89,315.73,0,6,0,0,0
1571.43,0,2,11.99,14.35,2893.33,1,16,1,0,1
7622.38,1,3,7.12,11.23,220.63,0,15,0,0,0
758.91,0,0,8.03,13.64,338.11,0,9,0,0,0
1160.39,0,3,11.56,17.73,13.69,0,1,6,1,1
2255.73,1,2,4.06,48.64,41.57,0,3,9,0,1
15736.7,1,1,18.24,8.83,80.03,0,18,7,0,0
8993.71,1,11,12.85,25.02,2.82,0,23,1,0,0
607.38,1,3,15.63,26.46,70.56,1,22,0,0,0
12104.68,1,0,11.82,3.68,88.31,0,13,0,0,0
12081.37,0,1,0.68,10.99,60.25,0,7,0,0,0
968.74,0,1,31.18,1.74,116.02,0,19,0,0,0
251.78,0,1,7.99,8.05,230.26,0,1,0,0,0
2915.45,0,1,27.59,26.18,4430.5,1,5,1,0,0
9627.94,0,1,25.42,17.04,86.08,0,18,0,0,0
15386.75,0,4,2.41,50.39,123.77,0,6,0,0,0
1311.82,1,1,14.85,30.47,95.95,0,17,0,0,0
18069.47,1,1,35.85,0.68,224.73,0,13,0,0,0
337.67,1,2,5.62,8.01,49.58,0,17,0,0,0
2168.84,0,0,13.26,13.12,21.46,0,20,0,1,0
2064.8,0,0,12.29,20.62,22.04,0,7,0,0,0
9920.29,0,3,27.81,13.9,50.79,0,6,0,0,0
11479.32,0,0,30.23,54.89,168.78,0,12,0,1,0
8137.38,1,0,1.6,27.05,12.42,0,5,0,0,0
811.96,1,1,19.18,77.1,6.7,0,13,1,0,0
7425.08,1,3,38.47,11.32,346.76,0,20,0,0,1
5213.68,1,0,3.78,11.85,60.23,0,22,0,0,0
589.2,1,1,25.2,28.96,42.23,0,22,1,1,0
396.62,0,0,17.47,15.02,474.28,0,17,1,1,0
8848.38,0,1,16.1,14.75,134.63,0,21,0,0,0
2617.31,0,0,69.89,27.69,8.86,0,22,0,1,0
866.81,0,2,11.31,32.18,495.16,0,20,0,1,0
2544.85,0,1,16.44,90.18,13.62,0,11,0,0,0
80194.06,0,2,8.13,15.39,117.3,0,4,0,0,1
2884.62,1,1,10.88,7.96,106.62,0,2,1,0,1
128238.1,0,6,15.74,12.8,104.6,0,18,0,1,1
20651.78,1,1,1.64,2.69,87.69,0,7,0,0,0
8554.54,1,0,25.17,9.84,14.03,0,8,1,0,0
2240.88,1,1,50.39,31.24,37.73,0,1,1,1,1
2332.99,1,1,7.12,11.41,286.16,0,11,0,0,0
4489.46,0,4,28.34,5.35,1.28,0,22,7,0,0
1012.7,1,5,34.76,10.69,44.23,0,20,0,0,0
4327.2,0,2,7.02,12.44,89.82,0,9,0,0,0
828.21,1,0,5.87,68.53,40.62,0,11,0,0,0
2920.37,0,11,16.28,11.65,52.7,0,20,1,0,0
974.02,0,0,14.98,7.92,3.33,0,6,0,1,0
1024.45,1,12,11.48,2.69,59.24,0,18,0,0,1
16247.96,1,0,17.01,69.66,16.76,0,17,0,0,1
3325.0,0,2,17.76,4.8,238.43,0,12,1,0,0
3856.08,1,11,11.47,11.2,28.54,0,1,0,0,0
419.31,0,3,10.88,60.47,101.27,0,0,1,0,1
77278.69,1,5,24.95,3.55,608.73,0,3,0,0,1
4970.18,0,0,23.78,13.2,79.09,0,2,0,0,0
3805.25,0,0,16.52,45.51,39.02,0,6,1,0,0
363.57,0,0,4.95,64.67,81.72,0,16,0,0,0
3855.04,0,0,35.92,5.64,3010.36,1,18,0,0,1
4521.32,0,0,14.95,9.09,4106.66,1,21,0,1,1
11313.61,0,2,11.84,30.63,15.58,0,4,0,0,0
1627.45,0,2,14.13,13.15,70.15,0,23,1,0,0
332.93,0,0,24.12,3.9,361.88,0,0,1,0,1
1156.59,0,3,0.81,13.21,108.81,0,14,2,1,0
1046.22,0,2,11.1,6.98,380.65,0,19,1,0,0
6546.65,1,2,16.87,4.83,85.06,0,8,0,0,0
207.11,1,1,23.26,9.03,63.85,0,15,0,0,0
2001.48,0,2,17.0,10.04,93.22,0,18,0,0,0
13040.24,1,1,2.05,6.09,119.4,0,22,1,1,0
3156.48,0,0,10.18,22.48,161.77,0,21,0,1,0
7679.55,0,0,30.89,19.86,612.84,0,2,1,0,0
606.8,1,2,8.55,20.52,202.92,0,10,0,1,1
137533.51,1,3,3.1,46.05,13.42,0,17,0,1,1
13190.37,1,1,1.36,11.76,7.53,0,4,0,0,0
3467.59,0,1,11.57,22.63,147.41,0,11,0,0,0
158360.61,1,2,7.41,13.24,2204.43,1,23,0,0,1
1024.38,0,3,98.29,15.36,126.15,0,22,0,0,0
3466.09,0,1,4.03,10.64,28.76,0,5,0,0,0
996.31,0,1,44.0,11.88,142.84,0,20,2,0,0
134200.56,1,1,7.58,25.33,16.2,1,15,0,0,1
47946.0,0,2,50.6,23.3,75.71,0,0,1,0,1
5084.44,1,7,19.2,52.1,253.04,0,21,0,0,1
1660.8,1,1,11.59,7.14,85.32,0,10,0,0,0
248.72,1,2,16.61,10.93,99.14,0,5,0,1,1
581.46,1,0,9.53,4.73,18.56,0,15,0,1,0
14836.74,1,0,12.37,7.98,52.3,0,6,0,0,0
1119.69,0,3,24.23,8.35,74.43,0,23,1,0,0
2162.81,0,0,10.88,34.63,19.38,0,7,0,1,0
6034.97,0,0,16.21,21.32,20.68,0,15,0,0,0
13798.15,0,1,28.98,10.78,51.53,0,18,1,0,0
2566.79,0,3,20.99,29.77,17.78,0,12,7,0,0
2090.86,0,1,2.58,14.52,482.17,0,10,0,0,0
69428.23,0,1,94.6,10.66,123.01,0,9,1,0,1
1672.98,0,0,92.21,6.87,196.86,0,16,0,0,0
1765.49,0,1,2.35,92.07,23.34,0,9,0,0,0
4730.94,1,0,68.8,4.21,20.55,0,13,0,0,0
3771.74,0,2,39.17,5.85,483.51,0,6,2,0,0
26412.83,1,1,30.76,100.0,62.57,0,21,0,0,0
4860.27,1,1,0.27,17.68,121.18,0,1,0,0,0
9908.47,0,0,22.12,18.05,65.73,0,21,1,0,1
1073.54,1,2,24.77,20.73,95.57,0,1,0,0,0
5298.38,0,0,7.77,2.48,165.63,0,23,0,0,0
1520.84,1,0,42.96,14.54,3167.88,1,21,1,0,1
4653.86,0,1,13.35,66.59,305.25,0,18,0,0,0
6238.62,0,1,13.97,15.77,0.63,0,8,1,1,0
3294.04,0,0,32.92,73.02,8.7,0,16,0,1,0
34798.37,0,0,83.06,25.06,1.83,0,9,0,1,1
13068.76,1,0,25.7,66.16,109.01,0,10,1,0,1
10170.49,1,1,5.79,42.48,24.76,0,7,1,0,1
6729.7,1,1,33.82,14.81,65.58,0,6,1,0,0
18276.31,1,1,33.26,1.87,140.11,0,17,0,0,0
744.74,1,0,4.59,2.4,73.5,0,9,0,0,0
12336.07,0,0,5.38,7.7,80.98,0,20,0,0,0
1163.0,1,0,14.21,3.44,130.7,0,8,0,0,0
1782.3,0,0,33.28,31.02,136.83,0,8,0,1,0
5493.89,0,1,33.14,18.98,257.99,0,13,0,0,0
10756.01,0,1,1.21,15.5,36.55,0,4,2,0,1
988.73,1,1,21.31,5.97,182.0,0,0,0,1,1
1877.05,0,1,71.07,2.97,10.75,0,15,0,0,0
3454.84,0,1,7.31,5.14,266.18,0,17,0,0,1
2600.96,0,0,20.98,4.38,14.94,0,19,0,0,0
7361.6,0,1,23.15,86.96,110.68,0,3,0,0,1
97336.33,0,0,6.45,23.12,7.06,0,15,0,0,0
4766.28,1,2,37.28,11.73,54.16,0,10,1,0,0
1502.38,1,0,13.41,23.18,4.19,0,13,5,0,0
857.05,0,0,23.0,0.95,3057.23,1,23,1,0,0
2263.68,0,0,12.54,47.42,213.56,0,18,0,0,0
1223.84,0,1,11.15,19.13,386.94,0,11,0,0,0
5001.78,0,3,14.8,10.81,56.4,0,19,0,0,0
4924.71,0,3,20.08,9.79,2.67,0,23,0,0,0
1972.06,1,2,41.85,7.29,199.72,0,12,1,0,1
22810.02,1,2,1.43,4.64,142.74,0,2,0,0,0
1502.0,0,1,16.1,11.94,169.25,0,12,6,0,0
2781.01,0,2,4.18,30.99,121.71,0,3,0,1,0
58057.04,0,2,23.99,15.68,118.48,0,9,0,0,0
7646.89,0,1,14.19,39.52,127.95,0,15,0,1,0
11243.85,1,6,45.06,69.5,181.63,0,2,0,0,1
4810.21,1,2,35.2,21.55,108.05,0,20,0,0,0
100537.75,1,0,18.49,9.15,106.3,0,4,1,0,1
1611.45,1,0,56.13,13.78,6.97,0,8,0,0,0
7848.53,1,7,13.25,46.93,2133.32,1,5,0,0,1
7744.43,1,0,13.2,10.93,327.03,0,17,0,0,0
14226.86,0,0,48.46,86.07,21.01,1,15,2,0,1
590.85,0,3,49.22,19.24,188.64,0,17,0,0,0
1264.99,0,2,0.62,7.36,152.93,0,9,1,1,1
7137.66,0,3,1.79,18.31,18.89,0,14,0,0,0
221.1,0,2,24.13,4.07,223.32,0,10,0,0,0
5125.62,0,0,31.66,15.43,64.61,0,20,0,0,0
9043.53,1,1,3.89,4.35,104.41,0,5,0,0,0
1760.98,1,0,4.82,31.79,14.71,0,5,0,0,0
2038.17,0,0,21.1,19.06,42.55,0,5,2,0,0
1070.48,0,5,14.78,6.56,39.96,0,16,1,0,0
1860.23,1,1,21.41,19.61,2.55,0,15,0,1,1
1914.92,0,0,11.77,21.88,4495.16,1,9,0,0,0
1583.13,0,1,15.1,11.69,95.31,0,23,0,0,0
1498.65,0,1,28.04,32.0,39.16,0,18,0,0,0
2389.87,0,0,32.76,1.09,166.44,0,0,0,0,0
2361.13,0,1,100.0,25.83,23.63,0,15,0,0,0
20417.18,1,2,88.4,9.09,387.44,0,9,0,0,0
2112.9,1,1,2.42,17.8,64.22,0,1,1,0,0
4421.13,1,0,0.89,17.67,204.53,0,13,0,0,0
1760.08,0,1,6.54,11.57,151.01,0,20,1,0,0
1737.85,1,2,3.17,14.7,105.06,0,18,0,0,0
570.0,1,2,11.26,9.34,92.37,0,14,0,0,0
651.08,0,1,6.15,20.44,25.1,0,13,0,0,0
135232.46,1,1,47.58,7.53,90.98,0,2,0,1,1
3765.73,0,0,65.9,16.25,132.78,0,13,4,0,0
9192.78,0,2,9.58,19.65,132.1,0,14,7,0,1
524.97,0,1,17.73,29.17,3.52,0,3,0,0,0
160191.98,0,1,2.64,9.43,69.76,0,10,0,0,0
798.8,0,2,15.03,23.59,167.5,1,4,0,0,0
2406.0,0,1,100.0,10.34,14.56,0,1,0,0,0
9189.07,0,3,27.15,12.41,154.68,0,2,1,0,1
2004.44,1,3,22.78,2.41,51.02,0,19,1,0,0
2988.37,0,2,21.58,28.75,65.64,0,23,1,0,1
13429.76,0,1,16.9,55.6,46.2,0,19,0,0,0
4953.75,0,3,74.82,7.71,61.05,0,2,6,0,1
1465.44,1,1,35.87,64.24,57.21,0,21,0,0,0
3673.56,0,0,46.93,2.53,46.75,0,7,0,1,0
1369.84,1,11,17.29,17.21,44.81,0,15,0,0,0
4771.81,0,1,23.98,13.48,148.11,0,9,0,0,0
5246.62,0,0,7.27,21.92,69.64,0,22,0,0,0
798.58,0,0,24.78,40.62,3.18,0,5,0,1,1
3733.68,0,3,12.42,10.83,52.75,0,9,0,0,0
2786.18,1,6,32.53,32.41,2430.91,1,12,1,0,1
5402.83,1,11,29.6,17.53,14.14,0,5,1,0,1
7196.48,0,1,13.47,9.19,335.78,0,18,1,0,0
5051.55,1,6,9.83,9.14,62.69,0,6,0,1,1
2314.17,0,3,18.32,32.91,27.32,0,22,0,0,1
7969.13,0,1,30.07,71.74,70.56,0,1,4,0,0
1308.89,0,0,0.42,7.1,143.93,0,2,1,0,0
144042.64,0,1,4.4,17.83,138.24,0,15,0,0,0
128.34,1,1,17.51,19.18,114.18,0,16,0,0,0
2921.52,0,2,10.3,2.99,240.74,0,2,0,0,0
1378.09,0,1,41.86,58.58,121.89,0,5,0,0,1
4664.59,0,4,19.22,24.84,180.88,0,4,0,0,0
436.49,0,2,18.27,4.95,46.93,0,22,0,0,0
1640.61,0,2,54.42,2.31,468.5,0,16,1,0,0
5015.41,1,0,14.95,69.43,14.45,0,13,1,0,0
1118.97,0,0,41.39,8.34,293.06,0,12,5,0,0
4718.55,0,2,4.7,1.07,67.81,0,9,0,1,0
1795.39,0,1,7.47,47.61,3.37,0,20,3,0,0
3032.65,0,9,25.05,15.39,187.14,0,1,6,0,1
163261.09,0,0,4.75,10.07,85.09,0,23,0,0,1
8125.78,1,0,9.17,26.98,19.44,0,23,0,0,0
3437.47,1,3,8.4,89.4,134.84,0,22,0,0,0
1388.51,0,2,2.35,2.14,113.72,0,18,0,0,0
1982.2,1,2,11.14,4.53,39.05,0,17,0,0,0
5925.11,0,1,36.12,29.22,1.0,0,15,2,1,1
1128.61,1,8,3.35,11.26,28.64,0,18,0,0,1
2622.63,1,0,12.57,19.99,190.84,0,4,0,0,0
2130.51,1,11,9.72,26.87,6.43,0,9,0,0,0
2826.06,1,1,25.91,6.4,111.44,0,14,0,0,0
1142.21,0,3,21.24,73.23,21.59,0,7,1,0,1
491.79,0,0,19.51,10.98,48.24,0,0,0,0,0
5275.05,0,1,25.12,8.56,28.61,0,17,0,1,0
8218.4,0,1,24.45,14.63,118.42,0,7,0,0,0
522.08,1,1,19.74,1.45,194.75,0,15,0,0,0
4532.03,0,0,15.32,93.04,339.1,0,23,1,0,0
9257.44,0,3,14.85,7.45,51.52,0,13,0,1,0
5686.85,0,1,46.74,28.94,25.96,0,22,0,0,0
2065.92,0,1,30.96,21.04,4402.27,1,20,0,0,0
1219.87,1,1,4.23,62.46,356.77,0,10,0,0,0
3398.12,1,3,9.77,20.09,257.71,0,18,1,0,0
4014.97,0,2,0.43,15.75,132.31,0,19,4,0,0
3448.89,0,1,13.41,34.99,46.94,0,17,0,0,0
2617.21,0,4,20.17,6.16,394.05,0,5,0,0,1
1061.4,0,1,7.13,17.08,32.91,0,11,0,0,0
4782.35,1,1,12.42,17.41,9.48,0,15,0,1,0
5018.34,0,1,30.28,11.03,23.17,0,9,0,0,0
3830.77,0,1,48.45,87.48,93.4,0,3,1,0,1
63111.76,0,1,14.09,91.3,8.98,0,18,0,0,1
16801.94,1,1,55.85,4.17,3.54,0,3,0,0,1
1678.44,1,1,11.67,5.66,188.02,0,1,0,0,0
121471.92,0,1,25.96,46.82,308.54,0,20,4,0,0
1504.14,0,1,5.32,16.05,57.68,0,20,0,0,0
9499.08,0,1,9.7,9.9,229.92,0,16,0,1,0
10757.6,1,2,39.41,6.61,38.17,0,13,0,0,0
2337.76,0,0,1.86,15.87,4.08,0,14,0,0,0
16497.48,0,0,7.51,3.72,6.56,0,14,0,0,0
5009.22,1,4,30.11,12.96,53.36,0,22,0,0,0
1303.39,1,3,14.9,10.05,144.15,1,14,0,0,0
2155.64,0,9,14.75,8.08,11.23,0,10,0,0,0
9727.99,0,2,11.32,8.54,269.08,0,16,0,0,0
7887.74,0,1,5.21,28.0,167.95,0,1,0,0,1
1087.85,0,6,0.46,11.47,201.66,0,3,0,0,0
2726.41,0,9,8.44,0.25,39.22,0,0,0,0,0
3841.13,1,0,4.53,18.71,76.23,0,17,0,0,0
139454.85,1,0,20.08,7.57,75.11,0,5,0,1,1
33116.92,0,1,10.61,14.61,64.38,0,1,0,0,0
3958.67,0,0,6.59,68.06,232.23,0,5,0,0,0
2945.95,0,2,0.87,1.49,131.49,0,8,0,0,1
10309.81,0,9,19.74,3.14,256.69,0,5,1,0,1
2175.01,1,3,8.64,4.06,155.15,0,23,1,0,1
8582.05,0,1,19.43,14.11,87.71,0,14,0,0,0
591.27,0,0,20.76,20.67,369.98,1,5,0,0,0
1990.91,0,1,7.15,27.83,207.38,0,16,0,0,0
8946.97,0,2,5.39,34.58,51.31,0,17,0,0,0
15066.03,0,3,6.85,1.34,79.09,0,19,0,0,0
1446.21,1,1,6.82,5.31,12.89,0,13,0,0,0
1287.14,1,1,14.52,7.11,257.79,0,2,0,0,0
5527.25,0,0,25.95,13.22,30.14,0,4,4,0,1
1680.7,1,1,3.03,31.05,32.57,0,21,0,1,0
2395.68,0,3,17.16,20.7,203.4,0,23,0,0,0
7528.15,1,3,24.59,10.38,7.61,0,13,0,0,0
1818.74,0,1,7.93,34.35,7.48,0,5,1,0,0
439.03,0,5,36.98,32.41,75.6,0,17,0,0,0
853.13,1,2,73.16,20.49,27.42,0,18,1,0,0
3165.15,0,1,5.71,82.89,78.37,0,15,0,0,0
486.18,0,7,5.95,6.3,112.8,0,6,1,0,1
2328.17,0,1,12.26,15.89,165.83,0,12,0,0,0
778.92,0,2,16.71,15.6,86.62,0,2,1,0,1
16154.26,0,2,8.15,15.17,0.98,0,4,0,0,1
27313.67,0,0,34.83,25.42,1785.51,1,19,0,0,1
1087.68,1,1,14.19,9.88,407.34,0,22,0,0,0
4051.16,0,1,13.82,88.22,97.65,0,5,0,0,1
1199.42,0,10,10.22,8.14,177.22,0,6,0,0,1
2300.05,0,2,9.44,8.78,196.99,0,18,0,1,0
19024.24,1,2,77.66,8.24,32.66,0,17,1,0,0
1965.13,0,2,9.53,9.4,70.13,0,6,0,0,0
2354.21,0,1,51.79,9.16,118.43,0,11,0,0,0
1221.06,0,2,14.02,44.53,84.36,0,8,0,0,0
9859.49,1,1,87.0,17.4,0.64,0,12,0,0,0
119.91,1,0,27.18,70.72,87.85,0,0,0,0,0
2012.64,0,0,18.55,55.03,1.9,0,0,0,0,0
2993.25,1,2,3.16,17.41,38.67,0,13,0,0,1
1617.96,0,0,1.15,17.66,275.88,0,14,0,0,1
7431.96,0,2,12.41,10.36,36.21,0,7,0,0,0
10425.68,0,1,21.93,12.65,78.52,0,0,0,0,0
763.54,0,3,45.62,0.92,168.57,0,0,0,0,0
25424.96,0,0,6.02,44.68,8.27,0,17,0,0,0
755.02,0,1,2.01,6.27,58.64,0,20,0,0,0
11368.83,0,2,19.5,46.66,18.21,0,15,0,0,0
3640.32,0,4,26.81,15.21,115.32,0,0,1,1,1
82383.84,0,5,32.9,3.05,7.75,0,7,0,0,0
2081.06,1,0,17.8,8.85,51.34,0,17,0,1,1
134024.6,1,2,15.82,5.95,410.84,0,18,0,1,0
3859.98,0,1,12.13,11.31,46.09,0,11,0,1,0
1248.68,0,1,26.91,15.26,197.6,0,20,0,0,0
2480.11,0,1,31.0,9.97,63.46,1,8,0,0,0
1450.01,0,2,24.25,26.75,191.53,0,1,0,0,0
929.78,0,2,27.73,1.93,20.67,0,19,0,1,0
1383.94,0,2,16.64,11.62,92.84,0,19,2,1,0
992.3,1,4,9.14,11.41,31.56,0,16,0,0,0
2058.73,1,0,42.28,13.56,78.07,0,22,1,0,0
148657.39,0,1,4.73,93.32,28.28,0,0,1,1,1
3535.85,0,1,21.23,10.52,6.19,0,17,0,0,0
22569.28,1,0,2.66,19.56,16.62,0,18,1,0,0
343.62,0,2,73.84,37.72,13.07,0,9,3,0,0
5010.75,1,0,0.51,3.47,170.8,0,9,0,0,0
3153.98,0,1,4.8,16.71,53.3,0,4,2,1,0
7084.54,0,0,3.22,8.39,216.7,0,10,1,1,0
6415.46,0,1,33.66,80.13,225.82,0,14,0,0,0
2657.15,0,3,7.35,43.86,286.6,0,16,0,0,0
3724.36,1,1,6.41,59.9,30.73,0,2,0,0,0
1489.11,0,0,1.58,8.6,94.56,0,1,1,1,0
5788.8,1,1,20.41,24.67,1.85,0,21,0,0,0
478.72,0,9,46.61,52.4,9.02,0,11,0,1,0
6814.63,1,0,14.91,26.01,32.57,0,6,1,0,0
3062.01,1,0,38.54,3.43,74.7,0,16,0,0,0
1925.49,0,1,2.92,13.81,108.44,0,6,0,1,1
2483.61,0,2,12.22,6.76,37.43,0,19,3,0,0
2672.59,1,1,41.15,13.04,134.1,0,6,1,0,0
171082.56,0,1,37.76,15.35,93.84,0,6,1,0,1
138175.8,1,1,23.91,0.92,125.07,0,7,0,0,0
10613.38,0,1,27.77,25.91,2.76,1,19,0,0,0
70132.71,0,0,10.32,63.23,46.75,0,19,0,0,0
5882.76,0,0,9.18,26.68,11.3,0,15,0,0,0
6144.6,1,2,53.72,5.33,56.06,0,6,1,0,0
1242.45,1,2,13.22,50.7,196.39,0,16,1,0,0
888.2,0,2,15.44,18.93,154.0,0,23,0,0,0
2941.63,1,0,17.6,12.01,199.19,0,5,0,0,0
37409.6,1,1,0.6,53.58,59.29,0,19,0,0,1
625.28,0,1,15.95,27.3,79.72,0,16,0,0,0
1524.01,0,3,4.6,14.31,197.5,0,5,1,0,0
5556.1,1,2,29.82,13.15,6.84,0,6,0,0,0
3267.31,1,1,22.96,4.56,104.85,0,16,0,0,0
12916.67,0,2,2.12,27.02,62.35,0,3,0,0,0
764.05,1,1,91.66,14.05,112.05,0,23,0,0,0
32930.84,0,2,13.69,8.89,92.1,0,3,0,0,0
673.18,1,1,32.04,24.01,69.36,0,13,0,0,0
411.92,1,0,34.2,20.93,7.62,0,10,0,0,1
2954.51,1,1,19.97,63.0,51.74,0,19,0,0,0
1007.82,0,0,3.46,17.02,48.94,0,15,0,0,0
3014.67,0,0,16.53,15.02,218.04,0,5,2,1,1
2911.06,0,1,18.2,1.09,3.9,0,22,0,0,0
2576.6,0,1,18.21,15.07,332.03,0,19,2,0,0
1349.63,1,1,9.35,37.21,57.56,0,8,0,0,0
4830.26,0,4,2.3,75.49,91.68,1,19,0,0,0
2281.67,0,0,32.26,36.01,245.44,0,20,0,0,0
9449.01,0,1,16.79,8.61,115.21,0,13,1,0,0
2616.59,0,1,22.73,25.41,30.85,0,6,7,0,0
109713.1,0,1,32.88,11.08,115.84,0,4,0,0,0
579.57,1,2,40.81,2.05,222.14,0,3,1,0,0
2638.3,1,0,14.2,8.53,93.37,0,8,0,0,0
880.77,0,0,12.68,22.88,1137.24,1,9,1,0,0
812.44,1,1,18.0,31.5,4.22,0,22,0,0,0
5310.59,1,4,98.51,57.05,75.09,0,16,2,0,1
529.71,0,2,26.64,8.34,35.48,0,13,0,0,0
12864.07,1,2,1.41,5.61,123.42,0,6,1,0,0
3676.5,0,1,14.23,93.32,134.02,0,17,0,0,0
2999.37,0,0,27.72,32.55,166.25,1,8,0,0,0
1113.47,0,0,30.99,11.39,175.9,0,0,0,0,0
6730.28,0,1,37.65,25.59,71.59,0,23,0,0,0
82298.11,1,0,10.34,6.88,199.25,0,17,1,1,1
1577.98,1,1,67.14,100.0,126.99,0,9,0,0,1
3826.95,1,1,16.75,22.73,174.34,0,11,0,1,0
582.43,0,0,14.27,22.02,23.13,0,10,0,1,0
610.74,0,0,47.78,33.21,756.01,0,2,0,0,0
90873.71,1,0,2.7,14.49,21.58,0,17,1,0,1
4444.96,0,2,24.44,8.38,2.65,0,3,6,0,0
3123.6,0,0,25.52,1.57,14.65,0,4,0,0,0
8946.16,0,3,7.13,29.64,119.13,0,12,0,0,1
1248.89,0,1,3.43,24.37,176.91,0,6,2,1,1
5567.31,0,2,1.02,32.87,66.31,0,5,0,0,0
2796.52,0,2,16.77,8.01,155.44,0,10,0,1,0
1220.43,0,1,11.65,12.36,182.72,0,11,0,0,0
4606.89,0,0,3.96,23.09,357.63,0,0,0,0,0
2933.61,0,1,34.49,7.88,54.77,0,18,0,0,0
1670.5,0,0,100.0,21.2,97.15,0,5,0,0,0
3268.21,0,2,1.88,2.93,15.98,0,6,0,0,0
2753.06,1,1,5.7,33.77,214.97,0,19,0,0,0
2687.35,0,1,40.43,1.6,90.11,0,18,0,0,0
2074.36,1,2,16.79,22.99,3.48,0,4,0,0,1
849.84,1,0,9.12,44.01,237.25,0,1,0,0,0
3377.08,0,1,16.88,62.23,31.35,0,13,0,0,0
1404.29,1,3,14.81,42.42,131.91,0,17,0,0,1
1129.66,1,2,36.11,10.36,120.69,0,5,0,0,0
2463.41,0,1,0.36,0.26,215.34,0,2,1,0,0
6529.11,0,11,26.77,8.34,411.94,0,0,0,0,1
3772.95,0,1,35.89,12.93,155.07,0,19,0,0,1
1842.46,1,1,13.23,39.32,39.62,0,1,0,1,0
1769.86,1,1,31.81,20.08,168.72,0,16,0,0,0
5918.35,1,2,29.45,11.39,55.87,0,16,0,0,0
285.22,1,1,7.65,6.55,227.0,0,23,0,0,0
6956.04,0,11,29.72,26.48,552.18,0,7,0,1,1
481.06,1,1,22.43,27.28,338.48,0,21,0,0,0
760.97,0,0,64.33,20.25,2346.07,1,19,6,0,0
1873.82,1,0,71.75,6.76,483.38,0,19,1,0,0
27450.07,0,2,38.11,5.15,77.67,0,21,1,0,0
16771.22,0,1,27.92,28.42,29.25,0,22,0,0,0
6351.76,1,5,21.65,28.68,81.41,0,11,0,0,1
4476.26,1,2,21.86,4.83,163.74,1,6,0,0,0
486.74,0,1,27.88,9.95,74.22,0,6,0,0,0
3665.64,0,10,15.55,42.76,26.91,0,12,0,0,0
1809.45,0,1,0.32,12.85,80.63,0,5,1,0,1
1384.83,1,0,18.38,68.17,2492.35,1,6,0,0,1
3658.48,0,1,84.89,79.87,352.58,0,1,0,0,1
1956.46,0,1,28.8,3.02,44.02,0,5,0,0,0
35284.65,0,0,58.89,29.15,20.44,0,1,0,0,1
452.16,0,2,1.69,8.99,280.93,0,20,0,0,0
3377.91,0,2,42.26,13.73,221.63,0,18,0,0,0
1301.02,0,1,24.31,12.46,44.69,0,12,0,0,0
2080.5,1,4,15.97,21.12,3.88,0,18,0,0,1
4249.8,1,8,24.24,24.44,191.21,0,22,0,0,1
1025.25,1,0,4.01,59.01,309.19,0,11,0,0,0
3693.14,0,0,11.83,3.07,67.39,0,12,1,0,0
2534.27,0,2,88.01,2.25,46.57,0,18,2,0,0
1618.76,1,0,29.74,21.74,106.53,0,13,0,1,0
1957.51,1,1,16.58,35.69,225.59,0,17,0,0,0
2685.03,0,1,7.77,74.77,91.33,0,19,8,0,0
1454.13,1,0,80.55,18.14,14.55,0,15,0,0,0
3156.11,1,0,23.86,12.71,156.72,0,4,0,0,0
2372.79,1,4,22.36,9.66,110.28,0,7,0,0,0
1700.57,1,2,15.93,28.49,101.26,0,13,0,0,0
15364.92,0,1,21.79,11.46,69.49,0,16,0,0,0
4746.87,0,1,7.42,8.54,58.36,0,14,0,0,0
2137.28,0,1,21.46,26.94,27.01,0,4,1,0,0
3625.91,0,2,14.55,3.82,63.74,0,1,0,0,0
1122.35,1,0,0.74,21.6,312.37,0,12,0,0,0
2024.8,0,2,19.25,13.25,34.16,0,19,1,0,0
2275.43,0,1,32.2,53.61,89.4,0,21,0,0,0
900.73,1,0,50.43,0.25,118.33,0,1,0,0,0
4616.32,1,2,20.22,29.56,715.05,0,22,0,1,1
1890.1,1,0,3.82,22.01,21.19,0,20,0,0,0
2196.31,0,0,62.62,15.21,35.49,0,14,0,0,0
1774.51,1,1,14.89,20.06,28.47,0,6,0,0,0
60420.91,0,1,16.8,11.52,271.73,0,11,0,0,0
1615.48,0,1,7.4,33.53,5.6,0,6,1,0,0
395.96,0,4,18.04,8.08,175.99,0,12,0,0,1
632.75,1,0,24.04,17.39,157.04,0,9,1,1,0
6696.25,1,0,19.61,15.8,47.63,0,20,1,0,0
11925.72,0,6,50.92,53.36,191.19,0,14,0,0,1
1584.78,0,1,6.61,100.0,99.62,0,11,0,0,0
11259.3,1,0,13.26,30.4,606.38,0,2,0,1,0
6578.68,1,0,11.35,30.42,168.42,0,16,0,0,0
2592.87,0,0,38.26,25.06,123.16,0,12,0,0,0
2415.24,1,0,15.3,25.86,148.94,0,15,0,0,0
3755.1,1,4,15.13,14.36,4.99,0,12,0,0,0
7536.07,1,2,2.51,22.33,30.04,0,5,0,0,0
4662.44,1,2,100.0,2.8,97.77,0,17,2,0,1
1592.71,1,3,53.48,7.22,190.83,0,0,1,0,0
2632.77,1,1,19.31,15.14,245.94,0,19,1,0,1
110006.54,0,1,60.56,21.46,224.49,0,10,1,0,1
4028.76,0,0,30.4,24.35,1156.25,1,12,0,0,1
7475.05,0,1,29.78,98.12,31.07,0,22,0,0,1
5377.0,1,2,33.01,17.4,15.25,0,13,0,0,0
4118.97,0,2,3.58,18.56,60.19,0,6,0,0,0
3493.64,1,1,14.0,34.18,108.84,0,11,0,0,0
7687.81,0,0,3.6,16.34,173.12,0,20,0,0,0
128748.16,0,1,17.95,100.0,69.78,0,9,0,0,1
4080.17,0,1,4.09,16.06,47.18,0,6,1,0,0
1565.93,0,2,58.49,11.83,228.73,0,14,1,0,0
4608.04,0,4,54.09,20.76,98.85,0,2,0,0,1
2930.69,0,2,21.96,12.53,52.11,0,5,0,0,0
2302.48,1,2,11.04,27.75,42.97,0,9,0,0,0
45650.78,0,2,17.67,21.12,87.08,0,17,0,0,0
672.46,0,0,79.14,24.33,359.09,1,21,7,0,1
8172.36,0,2,12.31,14.35,277.07,0,13,1,1,1
1322.57,0,1,10.17,21.66,39.94,0,6,0,0,0
3573.12,0,1,14.01,38.62,70.92,0,10,0,0,0
40887.82,1,2,6.7,6.19,48.09,0,1,0,0,0
1197.07,1,4,21.48,16.63,138.03,0,3,2,0,1
1519.49,0,1,15.33,6.48,20.12,0,18,0,0,0
3079.39,0,0,14.19,2.63,20.85,0,21,2,0,0
1343.16,0,1,11.44,20.38,25.25,0,11,0,0,0
7585.97,0,1,14.39,12.13,30.15,0,17,0,0,0
1836.23,1,2,37.58,23.52,247.84,0,7,0,0,0
6027.03,0,1,46.81,12.93,38.4,0,17,0,0,0
129388.17,1,0,12.35,3.61,146.84,0,7,4,0,1
514.49,0,1,16.58,34.05,67.88,0,16,1,0,0
2492.43,0,0,31.91,6.29,26.61,0,8,0,0,0
89143.81,0,1,50.08,11.55,3403.5,1,21,0,0,1
14303.63,0,3,15.29,94.11,3174.32,1,2,2,0,1
678.71,1,2,42.39,74.26,156.08,0,16,0,0,1
1110.22,0,3,0.93,22.14,131.22,0,7,0,1,0
4739.18,1,3,16.21,20.23,1.17,0,17,0,0,0
1743.48,1,0,57.9,8.66,1248.41,1,5,0,0,1
686.5,0,3,10.95,26.36,127.05,0,15,0,0,0
82438.54,0,0,20.01,24.06,13.8,0,22,0,0,1
1150.98,0,2,6.65,19.37,74.17,0,22,0,0,1
2575.35,0,1,12.5,24.41,222.13,0,10,0,0,0
2542.26,1,0,4.66,2.25,64.89,0,17,0,0,0
6376.08,0,0,7.13,5.83,11.69,0,19,0,0,0
132759.79,1,0,6.03,11.23,68.61,0,16,0,0,0
1370.87,1,1,15.77,25.25,0.84,0,22,0,1,1
2262.38,0,1,23.89,23.51,106.28,0,9,0,0,0
2497.58,1,2,14.32,44.13,69.11,0,8,4,0,0
6627.34,0,7,1.0,8.91,21.17,0,5,0,0,0
974.26,1,1,57.36,15.1,462.34,0,23,1,0,0
163585.89,0,8,17.29,8.14,309.72,0,9,0,0,0
1466.77,1,2,21.82,1.87,301.99,0,2,1,0,0
3106.5,1,2,50.32,8.47,51.42,0,3,0,0,0
132375.26,1,2,7.25,16.21,23.3,0,22,0,0,0
855.63,0,0,3.44,16.23,155.73,0,5,0,1,1
1307.11,1,3,20.01,0.73,55.99,0,9,1,0,0
1187.35,0,0,13.21,3.35,129.33,0,21,0,0,0
2070.91,1,1,0.43,40.58,118.71,0,11,0,0,0
1177.37,0,4,9.12,14.61,84.67,0,16,0,0,0
6282.68,0,3,14.39,45.45,48.43,0,0,0,0,0
1432.27,0,0,12.87,25.02,208.09,0,12,0,0,0
1282.01,0,1,18.04,20.0,1765.68,1,12,1,1,1
2115.47,0,1,42.86,21.09,66.14,0,3,0,0,0
8457.75,1,1,7.5,34.07,4363.92,1,0,1,0,1
3884.99,0,0,33.16,15.88,11.89,0,1,1,0,0
2836.46,1,1,15.24,17.27,189.82,0,13,0,1,0
747.67,0,1,18.82,38.27,174.9,0,23,0,0,0
58662.54,1,2,0.56,16.36,10.34,0,15,5,0,1
872.7,1,12,2.19,36.18,78.19,0,11,0,0,0
11577.87,0,0,21.14,3.02,218.11,0,7,0,0,0
5327.1,1,0,18.03,12.98,3741.78,1,20,0,0,0
1323.96,1,2,13.18,65.28,254.73,0,10,0,0,0
81814.95,1,2,23.13,6.7,282.27,0,14,0,0,1
1372.94,0,0,9.84,7.67,337.43,0,1,1,0,0
1292.25,0,11,37.17,23.88,6.14,0,10,0,0,1
4965.66,1,0,5.56,15.82,340.35,0,6,1,0,0
2350.69,0,1,8.65,18.87,325.67,0,8,0,0,0
25113.67,1,1,5.46,15.61,134.25,0,23,0,0,0
10941.96,0,1,45.88,7.1,101.52,0,4,0,0,0
11608.35,1,9,87.23,1.41,1659.78,1,14,1,0,1
45778.06,0,2,30.3,33.86,354.78,0,12,0,1,1
2053.58,0,1,26.71,8.72,393.44,0,4,0,0,0
5697.55,1,2,84.37,10.09,2708.67,1,3,4,0,1
2210.93,1,1,13.39,46.06,71.47,0,16,1,1,0
15998.91,1,1,3.61,80.16,43.14,0,16,0,0,0
4695.12,1,2,2.06,0.39,4317.4,1,16,0,1,1
4073.92,0,1,16.63,26.01,303.99,0,23,0,1,0
3558.42,0,2,21.69,25.81,41.76,0,14,1,0,0
17859.06,0,0,45.22,3.19,162.95,0,16,0,0,0
747.14,0,2,2.16,3.46,135.8,0,13,0,0,0
19698.3,0,3,16.3,30.57,8.4,0,5,0,0,0
2601.51,1,1,4.38,21.39,17.1,0,3,0,0,0
768.05,0,0,10.37,1.75,61.3,0,21,0,0,0
1477.03,0,0,15.39,3.97,36.81,0,1,2,0,0
601.36,0,0,18.27,16.41,56.8,0,10,1,0,0
6024.9,0,1,6.71,30.05,153.65,0,14,0,0,0
1109.55,0,0,21.31,11.65,13.45,0,20,0,0,0
3709.56,1,12,18.22,89.45,21.54,0,17,1,0,0
9742.15,0,1,12.6,25.79,53.11,0,8,0,0,0
1600.36,0,2,7.07,28.38,0.33,0,8,0,0,0
2396.82,1,5,8.36,3.41,62.37,0,10,0,0,0
851.19,0,1,11.8,11.36,6.73,0,5,1,0,0
2125.25,1,0,11.72,1.84,44.38,0,2,1,0,0
41110.7,0,0,69.52,41.69,103.95,0,17,1,0,0
158338.96,0,4,15.79,13.8,58.08,0,2,0,0,1
2404.91,0,9,6.63,30.67,7.14,0,3,0,0,0
1699.88,1,1,17.71,8.58,1340.1,1,3,0,0,1
3003.0,1,4,12.86,25.74,38.21,0,13,0,1,0
3569.04,0,1,13.33,11.01,46.3,0,20,0,0,0
2060.97,0,4,7.11,9.09,4451.41,1,15,0,0,0
5324.42,1,1,7.55,7.31,5.22,0,6,0,0,0
1207.8,1,0,27.95,28.95,0.18,0,20,0,0,0
1201.84,0,1,37.73,28.71,126.5,0,18,0,0,0
163446.24,1,8,4.48,73.14,26.77,0,20,0,0,1
973.95,1,1,5.02,55.1,182.07,0,9,1,0,0
6496.49,1,1,100.0,23.04,389.81,0,14,0,0,0
3089.36,0,2,8.83,21.29,113.88,0,6,0,1,1
503.76,0,1,23.25,20.52,3334.9,1,5,6,0,0
3496.43,1,3,11.06,19.06,192.32,0,13,1,0,0
581.06,0,1,26.7,34.85,76.59,0,20,0,0,0
92433.86,0,2,12.01,45.92,18.28,0,23,0,1,1
2443.74,0,0,15.35,2.01,169.02,0,11,0,0,0
19951.99,0,1,13.97,4.85,146.16,0,13,1,0,0
9148.2,1,1,47.49,35.11,135.22,0,6,0,0,0
1084.97,0,1,34.1,17.01,260.81,0,20,0,0,0
415.41,1,2,12.77,13.46,35.41,0,11,0,0,0
1472.77,0,2,5.26,11.09,91.27,0,11,2,0,0
924.03,0,1,51.98,1.36,67.31,0,8,0,0,0
19452.64,0,1,1.23,9.78,111.56,0,10,0,0,0
56779.67,1,0,22.67,7.52,187.14,0,8,0,0,0
7969.83,0,11,11.81,6.99,103.8,0,16,0,0,0
2356.59,0,0,13.01,5.31,14.97,0,8,0,0,0
2618.44,1,2,6.08,12.93,53.72,0,8,0,0,0
3033.2,0,1,60.29,22.42,1580.32,1,9,0,0,1
9476.21,0,2,18.23,17.2,151.95,0,22,0,0,0
132499.94,0,1,26.37,17.94,69.71,1,13,0,1,1
1088.62,1,0,35.88,86.52,83.9,0,21,0,0,0
15875.21,0,3,9.37,9.56,292.18,0,11,1,0,1
2338.31,0,1,55.35,5.44,21.87,0,12,0,0,0
1987.2,0,2,26.65,10.34,5.94,0,8,0,0,0
185.03,0,10,11.47,12.45,286.65,0,10,0,0,0
5909.99,0,11,20.92,26.53,3376.41,1,12,0,0,1
3466.89,0,1,61.8,6.44,1053.84,1,0,3,0,1
3463.12,0,0,17.66,4.93,45.78,0,20,2,0,0
2094.72,0,8,43.2,14.23,52.99,0,6,0,0,0
1763.02,1,0,3.62,18.66,70.8,0,4,0,0,1
48189.26,0,3,9.5,44.22,429.79,0,5,5,0,1
4979.88,0,0,33.89,57.1,25.9,0,17,1,0,0
5937.94,1,2,6.14,25.58,2711.94,1,22,0,0,1
2487.34,1,2,7.18,9.56,74.85,0,16,0,0,0
8094.48,1,2,85.12,24.52,11.52,0,7,0,0,1
2895.83,0,1,3.54,33.02,125.8,0,20,1,0,0
1892.73,0,0,35.55,56.34,84.36,0,5,4,0,0
3821.57,0,2,7.02,27.48,368.55,0,16,0,1,0
804.82,0,0,17.68,100.0,40.84,0,23,0,0,0
3954.93,0,0,72.04,28.21,29.65,0,16,0,0,0
112884.78,0,0,19.01,11.26,32.46,0,16,0,1,0
1121.33,0,1,6.28,22.29,497.16,0,20,2,0,0
416.26,0,2,86.27,5.17,27.26,0,1,0,1,1
2630.38,0,1,8.86,3.86,3938.66,1,11,0,0,0
15672.04,0,0,30.27,72.92,486.51,0,11,1,0,0
2787.56,1,0,7.54,1.26,170.19,0,11,0,1,0
5964.53,1,1,26.19,7.01,41.9,0,19,1,0,0
32935.75,0,0,15.19,15.96,164.28,0,18,0,0,0
4694.07,0,2,67.12,17.9,94.72,0,5,0,0,0
1457.95,0,0,7.33,13.48,45.34,0,0,0,0,0
1673.1,0,2,4.84,21.86,1451.57,1,18,0,0,1
3135.86,1,1,8.57,0.34,89.22,0,5,0,0,0
1664.21,0,2,12.24,37.34,172.79,0,6,0,0,0
1793.48,0,0,18.85,12.94,53.49,0,11,1,0,0
8393.84,0,3,27.68,10.66,28.89,0,18,0,0,0
8744.29,0,3,40.08,11.19,3707.56,1,10,0,0,1
603.72,0,3,17.63,13.32,178.92,0,19,0,0,0
1382.75,0,1,24.55,97.91,331.24,0,3,0,0,0
1970.41,1,0,10.54,35.96,175.73,0,1,0,0,0
120562.32,0,0,19.85,46.49,262.35,0,8,0,0,0
9828.83,0,5,23.86,60.43,78.93,0,0,0,0,0
46721.88,0,3,14.99,6.83,31.3,0,0,0,0,0
1967.12,0,2,80.49,9.47,123.06,0,20,0,0,0
2067.86,0,1,13.21,8.89,23.58,0,12,0,0,0
5645.25,0,0,4.45,6.26,71.64,0,13,0,0,0
106220.66,1,0,12.1,55.77,23.78,0,8,1,1,1
2721.77,0,1,10.38,27.82,250.05,0,20,0,1,0
2069.29,0,1,17.46,59.06,62.83,0,0,0,0,0
227.77,0,0,8.56,14.2,10.59,0,20,1,0,0
3544.79,0,1,36.92,10.41,182.29,0,20,1,0,0
2611.39,0,0,18.17,53.41,349.12,0,22,0,0,0
11172.73,1,0,53.6,12.85,303.52,0,14,0,0,0
3151.05,0,1,22.37,8.03,4135.49,1,11,0,0,1
893.59,0,1,48.12,7.01,7.65,0,23,0,1,0
2420.92,1,0,4.1,6.64,313.83,0,21,0,0,0
56129.71,0,0,67.22,3.95,122.42,0,6,0,0,0
62585.39,0,0,17.1,86.83,31.03,0,10,0,0,1
5916.53,0,2,13.91,30.09,293.14,0,1,0,0,0
2447.1,1,1,6.95,35.08,264.08,0,6,0,0,0
7883.35,0,4,24.24,52.72,119.79,0,17,5,0,0
438.39,1,1,4.17,21.97,154.49,0,18,0,0,0
60280.48,1,1,26.85,41.17,145.99,0,11,0,0,0
1947.86,1,0,49.57,35.04,2957.42,1,21,7,1,1
8150.61,1,2,9.42,4.24,68.97,0,13,0,0,0
6141.12,1,0,45.52,4.82,52.0,0,19,0,0,0
5956.58,1,1,4.55,30.31,57.65,0,1,0,0,0
168271.49,1,0,14.53,35.51,65.19,0,22,1,0,1
2168.76,1,1,12.8,27.76,70.11,0,14,0,0,0
11909.37,1,0,12.68,79.72,50.27,0,16,0,0,0
1103.01,1,1,34.04,20.1,17.7,0,19,0,0,0
54373.11,0,0,4.98,42.19,196.23,0,20,1,0,0
6652.49,1,2,18.09,0.54,29.73,0,12,0,1,1
695.94,0,3,22.05,20.51,0.95,0,8,1,0,0
5556.73,1,1,57.94,59.16,198.86,0,21,0,0,1
3467.93,0,1,9.59,43.26,68.19,0,2,1,1,0
9153.14,1,0,8.83,16.63,444.74,0,11,0,0,0
2952.94,1,1,26.03,74.36,104.73,0,23,0,0,0
3314.46,1,1,89.45,14.71,4.23,0,8,0,0,0
156427.74,0,9,4.05,6.04,25.92,0,23,0,0,1
1615.42,1,3,16.22,14.56,274.78,0,4,0,1,0
1546.57,1,0,12.82,3.8,254.01,0,10,1,0,0
56289.37,1,1,14.36,46.5,43.5,0,14,1,0,0
3043.34,1,1,27.39,18.06,164.34,0,17,0,0,0
2085.34,0,2,21.54,7.73,185.85,0,11,7,0,0
48504.62,0,2,14.91,8.41,4.66,0,15,0,0,1
15437.57,0,0,90.45,7.09,49.22,0,3,0,0,0
2012.2,1,1,58.72,8.75,101.16,0,6,0,0,0
1954.68,0,1,13.81,40.41,79.1,0,17,1,0,0
568.25,1,0,9.09,4.56,121.34,0,1,0,0,0
3003.84,1,1,12.43,54.05,63.0,0,5,0,1,1
6044.38,0,0,72.38,1.73,271.48,0,5,0,1,0
7231.47,0,0,24.78,41.84,53.58,0,2,0,0,0
3491.96,0,0,18.86,8.3,24.55,0,18,0,1,1
153014.28,1,2,5.42,8.42,111.31,0,8,0,0,1
6510.88,0,4,52.28,33.77,27.49,0,6,2,0,0
96689.42,0,0,26.74,6.27,167.18,0,12,0,0,0
8385.86,1,1,3.5,14.39,7.72,0,5,0,0,0
15062.72,0,0,23.95,9.04,196.78,0,15,0,0,0
2644.68,1,1,23.43,24.75,4300.48,1,13,0,0,0
831.26,0,2,19.75,9.78,33.77,0,18,1,1,0
6085.83,0,0,8.73,15.26,175.87,0,7,3,0,0
6840.07,0,1,9.84,2.38,3.4,0,12,1,1,0
15062.98,0,2,6.12,8.95,538.81,0,14,0,0,0
11285.68,0,2,2.77,2.74,178.57,0,20,0,0,1
21926.97,1,1,7.6,17.32,72.52,0,23,0,1,1
5824.65,0,1,23.78,29.86,81.55,0,13,1,0,0
3939.51,0,2,16.63,6.72,54.23,0,6,0,0,1
784.48,0,3,80.03,85.97,64.6,0,4,0,0,0
4264.57,0,2,19.09,14.68,2.65,0,4,0,1,1
1803.52,1,3,6.19,7.08,292.74,0,11,0,0,0
152235.72,0,0,25.11,16.83,195.57,0,4,0,0,0
3309.37,1,3,12.46,6.03,21.68,1,9,0,0,1
5022.75,0,1,6.57,66.35,148.88,0,10,0,0,0
2843.15,0,11,75.87,13.24,179.03,0,18,2,0,0
7982.61,0,0,16.96,11.95,176.82,0,3,0,0,0
205.79,0,0,5.31,2.99,25.61,0,10,0,0,0
3789.52,1,0,29.18,2.54,213.39,0,18,1,0,0
122225.67,0,1,48.22,27.95,4055.43,1,20,0,1,1
20333.98,0,1,45.12,15.49,39.16,0,6,0,0,0
6515.64,1,1,21.35,13.72,157.86,0,22,1,0,0
16896.86,1,2,9.17,0.45,68.3,0,11,0,0,0
46911.12,1,1,69.68,4.82,375.11,0,17,0,0,0
3142.78,1,3,16.83,25.41,43.31,0,8,0,0,0
5321.0,1,0,6.95,20.55,42.53,0,0,0,0,0
3123.8,1,0,21.99,15.8,62.22,0,8,0,1,0
1433.17,1,0,54.14,5.95,1860.62,1,13,0,0,0
1871.99,0,0,10.27,6.88,33.8,0,19,0,0,0
1030.55,1,0,7.66,6.73,2.91,0,13,0,0,0
5315.47,0,1,20.16,3.4,38.34,0,10,5,1,0
3169.7,1,2,12.1,1.74,362.11,1,4,0,0,1
2185.75,1,2,76.53,3.51,99.92,0,9,1,0,1
1778.13,0,2,73.46,31.87,275.35,0,10,1,0,1
5192.95,1,3,32.23,53.4,56.79,0,21,0,0,1
6839.35,1,2,6.55,16.5,125.23,0,3,0,0,0
1011.8,0,1,9.2,29.79,141.93,0,16,0,0,0
864.64,0,0,22.39,20.22,178.16,0,18,0,0,0
8139.71,1,2,1.05,26.1,130.91,0,6,0,0,1
792.24,1,4,8.06,2.95,36.58,1,17,0,0,0
5418.03,0,1,4.82,20.93,39.53,0,12,0,0,0
15786.48,0,1,45.25,4.93,29.26,0,10,0,0,0
74053.08,1,2,25.62,16.78,63.19,0,19,0,0,1
6554.27,0,2,22.74,41.98,12.61,0,18,0,0,0
6366.53,0,1,100.0,13.61,124.4,0,4,0,1,1
29789.39,0,0,23.54,46.54,11.58,0,6,0,0,0
303.57,0,1,2.52,15.81,43.52,0,21,0,0,0
1969.75,0,1,41.85,15.06,361.84,0,10,0,0,0
7320.92,1,1,35.48,7.07,58.59,0,12,0,0,1
2236.6,1,1,7.7,9.38,519.6,0,10,0,0,0
10826.78,1,6,30.24,5.2,210.67,0,9,0,1,1
3012.86,0,9,1.83,22.92,6.69,0,21,1,0,0
3575.08,0,0,21.2,20.26,69.99,0,8,0,0,0
2381.12,0,2,11.69,5.37,274.18,0,10,0,0,0
1858.43,0,1,41.35,9.45,75.19,0,19,0,0,0
1813.28,0,3,19.11,18.33,192.83,0,13,0,1,0
4109.95,0,4,100.0,16.27,2325.99,1,5,0,0,1
1444.38,0,0,15.09,4.19,43.92,0,3,0,0,0
8129.1,0,0,31.92,3.65,169.99,0,1,0,0,0
6022.31,1,0,2.79,23.82,87.17,0,14,6,0,0
9408.95,1,0,17.21,23.74,212.28,0,13,6,0,0
1013.41,1,0,17.8,25.95,123.98,0,10,0,0,0
572.79,1,4,11.28,23.63,69.42,0,5,0,0,0
3120.71,0,12,8.07,52.77,129.23,0,19,1,0,0
56885.78,0,1,23.59,51.8,169.71,0,12,0,0,0
11116.76,0,0,31.14,20.39,115.43,0,18,0,0,0
1800.02,0,3,27.93,31.69,448.5,0,6,0,0,0
4791.08,0,2,7.64,19.58,244.79,0,1,0,0,0
6487.2,0,0,7.84,81.49,63.18,0,14,0,0,0
797.6,0,3,1.64,57.55,8.18,0,3,1,0,0
12327.97,0,3,35.12,11.34,79.35,0,23,0,0,0
2650.69,1,0,30.09,21.87,167.01,0,14,0,0,0
30199.17,1,1,6.51,3.07,35.98,0,9,8,1,0
3209.22,1,0,5.23,16.77,3.34,0,23,0,0,0
9843.24,1,2,29.72,12.32,101.16,0,14,0,0,1
1472.65,0,1,15.2,21.85,98.66,0,9,0,0,0
568.52,0,0,13.69,8.43,61.07,0,3,1,0,0
4328.41,1,0,17.74,14.1,48.57,0,10,0,0,0
406.0,0,1,83.67,21.38,161.14,0,17,0,1,1
2319.01,0,1,12.6,50.52,25.98,0,10,0,0,0
10268.89,0,2,5.66,25.1,29.55,0,18,0,1,0
5592.01,1,1,14.26,32.82,302.49,0,7,0,0,0
8887.1,1,3,53.95,43.11,68.48,0,12,0,0,0
5827.55,0,1,10.65,14.38,193.05,0,6,1,0,0
34903.22,1,0,12.64,7.56,203.65,0,18,0,0,0
1740.21,0,0,14.7,18.25,95.24,0,23,1,0,1
4666.35,0,2,21.25,10.2,30.51,0,8,0,0,0
2022.08,0,2,45.13,92.64,10.06,0,13,0,1,1
63759.08,0,0,16.71,8.52,108.9,0,21,0,0,0
2946.65,1,1,3.92,3.33,72.72,0,12,0,0,0
17480.56,0,0,43.78,30.31,33.43,0,20,0,1,0
1843.06,1,0,4.62,13.15,23.5,0,16,2,0,0
12799.05,0,1,31.31,15.37,212.68,0,13,7,0,0
5671.11,1,4,59.93,6.58,158.59,0,7,0,0,1
3033.7,1,1,26.98,44.61,2617.66,1,15,0,1,1
5390.76,1,2,47.57,10.19,104.19,0,13,1,1,1
4069.46,0,3,87.62,16.55,22.59,0,23,1,0,0
4473.63,1,2,12.47,23.71,151.78,0,11,0,0,1
2548.17,0,1,9.59,1.83,358.91,0,23,0,0,0
1553.73,1,1,53.15,5.55,52.93,0,17,0,1,0
43193.37,1,0,20.98,16.87,44.83,0,16,0,1,1
582.22,0,1,5.9,41.31,3989.74,1,16,0,1,0
7273.18,0,1,14.54,3.39,20.85,0,11,0,0,0
911.27,0,2,9.01,34.16,293.06,0,6,0,0,1
2520.85,0,0,4.85,7.3,9.15,0,3,0,0,0
76430.48,0,1,38.91,15.77,173.65,0,2,0,0,1
7254.64,0,1,30.8,3.2,33.91,0,22,0,0,0
531.31,0,5,1.64,19.82,118.55,0,10,0,0,0
2858.78,0,0,12.84,37.58,27.4,0,18,0,0,0
4962.9,1,1,10.52,12.26,235.1,0,16,0,0,0
3301.12,0,2,6.38,18.61,232.31,0,2,2,0,0
12016.97,1,8,6.74,35.14,293.54,0,16,0,0,0
1377.73,0,1,0.74,9.85,114.88,0,9,0,0,0
403.82,0,2,5.84,3.62,166.8,0,20,0,1,0
115378.5,0,0,51.0,8.83,150.93,0,8,0,1,1
1831.54,1,1,11.36,69.53,79.85,0,13,1,0,0
539.94,0,6,9.25,23.25,78.37,0,8,0,0,0
2674.42,1,2,69.31,6.25,139.08,0,8,0,0,0
10727.42,0,1,35.58,41.14,328.98,0,14,1,0,0
886.03,0,0,5.46,78.43,266.84,0,3,0,0,0
32402.67,0,2,63.04,32.26,649.43,0,13,0,0,1
1355.76,1,2,28.52,5.51,32.61,0,18,2,1,0
3418.68,0,4,21.75,22.58,146.9,0,5,0,1,1
925.99,0,1,24.27,23.71,4.34,0,21,0,0,0
3266.94,0,1,33.24,12.98,31.04,0,12,1,0,0
2741.48,0,1,22.35,12.88,68.48,0,1,7,0,0
706.63,0,1,45.21,12.5,258.53,0,22,0,0,0
52882.46,1,1,53.68,0.27,171.81,0,22,1,0,0
89513.64,0,0,26.02,26.7,97.19,0,16,1,0,1
1911.3,0,0,19.86,6.38,41.26,0,23,0,0,0
8258.81,1,0,44.01,18.58,85.94,0,19,0,0,0
168365.12,0,2,19.1,7.6,298.47,0,3,0,0,1
9666.65,0,1,10.57,21.41,171.05,0,0,0,0,0
112491.79,1,1,3.7,71.34,1180.46,1,6,0,0,1
53848.83,1,3,8.7,15.56,34.98,0,19,2,0,0
477.53,1,1,59.43,6.5,117.41,0,15,2,0,0
73959.1,0,2,24.9,22.73,156.2,0,18,2,0,1
610.83,1,3,82.38,28.17,151.96,0,6,1,0,0
1403.6,0,1,2.39,22.4,332.99,0,15,4,0,1
3123.78,1,2,55.16,3.46,17.21,0,23,4,0,1
4890.29,1,1,4.85,16.44,18.62,0,17,0,1,0
2414.06,1,2,23.57,3.37,23.9,0,12,0,0,1
14315.29,0,0,40.75,7.53,6.52,0,17,0,0,0
6459.06,0,1,25.03,37.3,42.82,0,9,0,0,0
5971.33,1,2,18.04,17.28,2508.57,1,9,0,0,0
916.53,0,4,30.25,5.05,6.72,0,19,0,0,0
17143.39,0,0,11.97,10.13,42.94,0,0,1,0,0
1403.8,1,2,7.24,14.31,4097.38,1,6,0,0,1
17810.48,1,1,16.05,72.3,31.96,0,16,1,0,0
101820.7,0,0,17.39,28.54,194.72,0,10,0,0,0
5232.56,0,2,77.31,15.44,133.74,0,1,0,0,0
8795.65,0,1,6.56,26.82,1.15,0,11,0,1,0
143.61,0,0,4.56,9.8,38.59,0,15,1,0,0
2578.59,0,1,46.55,29.78,65.97,0,9,0,0,0
9434.85,1,1,36.22,81.45,110.83,0,19,0,0,0
7899.15,1,8,31.24,89.37,134.06,0,15,8,0,1
925.45,0,1,5.73,16.23,4432.64,1,18,0,0,0
2336.19,0,2,58.4,57.08,6.76,0,5,0,0,1
248.05,1,1,13.86,5.72,265.85,0,13,0,0,0
4736.21,1,2,27.5,58.84,426.4,0,18,1,0,0
476.6,1,11,80.06,20.82,46.72,0,20,0,0,1
96233.03,0,0,79.74,44.78,87.42,0,18,0,0,0
10226.37,1,2,9.07,29.36,41.6,0,21,1,0,0
1950.09,0,2,9.67,15.33,115.09,0,0,0,0,0
46308.38,0,1,89.54,20.11,186.51,0,7,0,0,0
2522.24,1,0,1.36,15.5,59.77,1,21,2,0,1
3991.44,0,1,19.4,10.75,178.45,0,18,0,1,0
995.0,0,0,14.69,1.8,9.49,0,23,0,0,1
5840.04,0,2,17.14,0.95,201.44,0,8,0,0,0
607.17,0,6,14.16,32.64,228.04,0,12,0,0,0
502.74,0,2,50.43,40.6,3132.99,1,21,0,1,1
2774.07,1,3,5.51,3.3,210.9,0,9,1,1,1
2537.05,0,2,20.13,3.4,50.7,0,4,1,0,0
4114.62,0,3,24.22,12.86,186.38,0,8,1,1,0
90767.71,1,1,3.59,7.78,71.2,0,22,0,1,0
20654.57,0,2,1.22,98.89,25.55,0,9,0,0,0
3679.77,1,0,50.51,44.48,978.82,1,3,0,0,0
3955.58,0,1,9.99,18.53,118.74,0,17,1,0,0
3817.05,0,1,1.8,12.53,684.82,0,21,1,0,0
8543.36,0,2,1.38,12.4,172.0,0,4,3,0,0
5574.83,1,2,0.9,44.51,45.25,0,8,0,0,0
4875.69,0,1,48.26,14.31,124.72,0,23,0,0,1
6541.91,1,6,33.96,18.84,55.59,0,4,0,0,1
505.42,0,2,17.77,30.71,42.3,0,2,1,0,0
524.87,0,1,68.53,48.98,49.1,0,10,0,0,0
2904.28,0,1,11.34,12.88,110.79,0,0,0,0,0
2571.71,0,0,5.0,4.84,1954.0,1,9,0,0,1
5596.01,0,1,20.19,36.41,121.27,0,7,0,1,0
3197.16,0,1,3.29,11.07,26.35,0,4,0,1,1
5607.53,0,0,1.83,29.2,101.05,0,7,1,1,1
901.81,1,0,15.01,2.19,30.94,0,15,1,0,0
3100.3,0,1,20.7,4.38,101.44,0,4,0,0,0
819.7,0,7,17.91,13.5,51.06,0,23,0,0,0
4614.03,0,0,6.94,27.86,245.93,0,7,0,0,0
479.01,0,3,13.58,33.23,339.78,0,0,0,0,0
4439.56,0,1,11.66,45.78,244.59,0,0,0,0,0
721.26,0,2,4.18,19.17,70.46,0,20,0,0,0
2135.53,0,2,4.66,9.41,255.05,0,3,0,1,0
7668.89,1,1,62.99,4.72,72.52,0,6,0,0,0
3933.87,0,3,26.42,14.75,315.65,0,2,7,1,1
152888.06,0,1,4.94,2.92,12.2,0,15,1,0,0
1599.76,1,1,26.97,27.07,8.13,0,12,1,1,1
698.28,0,0,1.12,20.38,174.92,0,15,0,0,0
131713.33,0,0,3.99,15.85,92.76,0,18,0,0,0
3525.1,1,1,0.52,39.72,3.53,0,0,0,1,0
5487.89,1,7,3.79,43.36,42.38,0,3,0,0,1
4868.82,1,0,40.83,3.6,42.75,0,3,0,0,1
5725.17,0,3,9.24,15.99,172.57,0,9,0,0,0
43243.48,0,8,60.04,36.16,3.58,0,1,0,0,0
2384.18,1,7,3.11,14.85,144.27,0,17,0,0,1
1071.62,1,2,15.82,2.74,19.79,0,15,0,0,0
2018.12,0,0,2.32,5.26,88.18,0,23,0,0,0
836.02,0,2,3.64,23.55,160.41,0,13,0,0,0
1345.92,0,2,15.68,24.15,207.44,0,6,2,0,0
3425.24,0,0,20.91,18.65,9.44,0,10,0,0,0
2785.53,1,0,17.99,27.61,0.9,0,21,0,0,0
67152.94,0,4,3.08,15.36,7.15,0,16,0,0,0
815.83,0,1,24.13,11.68,232.24,0,8,0,0,0
2765.29,0,1,8.59,14.07,2348.67,1,16,0,0,0
754.66,0,0,4.52,14.5,160.54,0,14,0,0,0
2126.46,0,1,5.14,9.54,14.91,0,6,1,0,0
2214.78,0,0,5.76,6.8,77.54,0,22,0,0,0
7294.53,0,1,7.2,39.48,2372.97,1,8,0,0,1
1998.86,1,1,30.22,5.72,58.43,1,12,0,0,0
2588.1,0,5,76.04,5.04,6.91,0,18,0,1,0
2037.91,0,10,23.19,2.69,46.12,0,20,0,1,0
151584.78,0,1,44.29,25.68,57.74,0,13,1,1,1
1632.55,0,0,27.33,9.38,532.94,0,10,1,0,0
2138.93,0,0,16.75,31.43,95.04,0,7,0,0,0
3373.9,0,2,9.89,20.92,93.75,0,17,0,0,0
150226.29,0,0,24.63,21.97,63.28,0,11,0,1,0
2478.49,0,1,32.71,13.63,157.29,0,8,0,0,0
2435.3,1,1,20.69,13.05,150.48,0,10,1,0,0
560.7,0,3,19.82,11.74,3118.35,1,1,0,0,0
5376.19,0,4,9.88,11.61,45.68,0,22,0,0,0
1562.59,0,2,8.11,11.83,314.84,0,11,0,0,0
6615.19,0,4,8.06,90.33,174.08,0,14,0,0,1
11689.43,0,0,10.44,8.03,47.09,0,18,0,0,0
2596.93,0,0,50.39,18.22,7.89,0,21,0,0,1
1126.29,0,1,73.02,27.84,41.72,0,20,1,0,0
3081.9,0,2,5.67,39.78,160.07,0,5,0,0,0
4441.3,1,14,17.58,14.11,2472.73,1,5,1,0,1
2285.82,1,1,26.82,14.76,20.85,0,20,0,0,0
1782.84,1,12,14.74,12.13,48.13,0,23,0,0,0
5505.66,0,2,12.19,32.56,334.46,0,3,0,0,1
5154.26,0,4,3.91,48.77,100.6,0,9,0,1,0
2216.56,0,1,25.98,4.75,49.23,0,12,0,0,0
599.4,0,2,63.68,38.26,58.21,0,9,0,0,0
72844.4,0,1,3.18,58.43,204.95,0,20,0,1,1
1454.87,0,2,6.11,19.61,209.72,0,13,1,0,0
3882.91,0,0,27.16,12.03,13.11,0,22,0,0,1
3645.17,0,2,82.38,11.59,27.61,0,4,0,0,1
57905.02,0,0,16.83,10.92,89.81,0,2,0,0,0
3398.47,1,1,8.18,6.62,39.14,0,7,1,0,0
5242.39,0,0,12.98,8.53,69.45,0,13,0,0,0
5926.28,1,3,6.71,12.12,19.63,0,7,0,1,0
3524.05,0,1,1.2,18.83,196.99,0,6,0,0,0
433.9,0,2,10.57,9.37,4.09,0,2,1,0,0
11238.28,0,0,18.65,35.07,214.11,0,18,0,0,0
4726.89,0,0,10.94,2.39,3.7,0,5,0,0,0
940.75,0,0,41.29,25.22,118.61,0,17,0,0,0
1425.44,0,0,18.86,11.23,107.79,0,6,1,1,0
3949.03,0,2,8.61,26.21,82.3,0,23,0,0,0
6184.39,0,2,17.09,16.62,26.16,0,5,0,0,0
1923.76,0,2,22.59,5.35,90.91,0,0,0,0,0
7154.7,1,0,4.21,3.52,30.73,0,6,0,1,0
521.77,0,3,15.87,10.77,268.93,0,16,1,0,0
1104.93,0,5,12.17,1.33,10.66,0,3,0,0,0
116514.12,0,0,12.25,18.46,192.88,0,2,3,0,1
1277.42,0,1,30.39,20.56,76.11,0,13,0,0,0
14158.6,0,1,28.22,58.6,0.79,0,21,0,0,0
24533.68,0,2,7.08,8.43,4479.41,1,12,0,0,1
3962.34,1,1,55.66,5.16,304.02,0,9,2,0,0
1655.02,0,0,20.14,15.31,45.92,0,10,0,0,0
2510.81,0,2,7.69,12.22,117.42,0,5,2,1,0
5030.83,0,0,13.27,4.89,165.86,0,19,0,0,0
656.56,1,1,75.14,24.42,198.85,0,22,0,0,0
1767.82,1,3,40.34,35.6,19.71,0,14,8,0,0
86390.01,1,2,10.33,10.49,88.86,0,2,0,0,1
1101.35,1,5,18.06,11.46,42.34,0,22,1,0,0
1481.74,1,2,87.79,24.99,4280.91,1,23,0,0,1
3175.42,0,3,24.92,44.15,73.96,0,23,1,0,1
4159.47,1,2,18.26,13.82,17.23,0,15,0,0,0
1677.39,0,0,28.37,22.64,9.83,0,8,1,0,0
3384.51,0,2,72.16,18.75,95.23,0,9,4,1,1
5755.66,1,1,52.26,1.59,1794.86,1,23,0,0,1
22280.16,0,1,7.69,33.36,118.6,0,2,0,0,0
2762.13,0,0,41.04,3.92,194.51,0,18,0,0,0
107036.0,0,1,32.0,22.85,7.4,0,7,0,1,0
14435.6,0,1,11.31,31.75,31.17,0,7,0,0,0
1809.55,1,1,10.12,54.96,223.41,0,19,0,0,1
833.51,0,1,37.71,4.61,76.65,0,23,0,0,0
4024.87,1,1,6.22,55.3,167.05,0,9,0,0,0
9192.79,0,0,13.06,4.82,1076.93,1,0,0,0,0
4496.47,1,1,89.0,10.58,22.77,0,5,0,0,1
2844.05,0,2,6.0,27.35,105.8,0,21,1,1,0
736.28,1,11,13.13,12.77,143.22,0,2,0,0,0
58489.35,0,1,28.84,9.14,32.58,0,15,0,0,0
10755.31,0,2,30.16,24.43,30.84,0,2,1,0,0
912.22,0,1,14.17,5.44,88.57,0,2,1,0,0
2453.46,0,1,17.64,34.15,4.76,0,21,0,0,0
28286.92,0,0,31.67,53.38,80.2,0,12,0,0,0
1559.77,1,0,11.46,14.23,98.77,0,2,0,0,0
4015.52,1,6,8.4,40.54,233.51,0,23,0,0,1
4881.98,1,0,17.63,47.1,133.27,1,14,0,0,1
4831.09,0,1,13.52,16.68,109.53,0,1,0,0,0
1179.91,0,2,17.36,27.3,1.27,0,15,0,0,0
604.27,1,1,14.47,24.07,225.18,0,23,0,0,0
4074.03,1,8,7.5,31.04,386.05,0,5,1,0,0
1889.53,0,2,33.16,32.43,28.59,0,17,0,0,0
19698.79,1,0,44.12,65.54,88.85,0,11,7,1,1
20630.17,0,1,88.99,9.42,142.36,0,5,3,0,1
22941.2,1,1,19.11,4.7,128.51,0,12,0,1,0
1224.01,1,0,49.62,15.58,129.07,0,3,0,0,0
5537.89,1,10,76.26,7.81,11.48,0,5,0,0,1
88172.66,0,0,34.9,11.57,2571.33,1,9,1,0,1
6689.9,0,0,33.37,23.09,54.51,0,3,0,0,0
2198.66,0,1,39.24,7.97,200.1,0,19,5,0,0
11261.72,1,1,55.07,24.17,200.62,0,9,1,0,0
3135.28,0,0,1.21,8.05,265.48,0,23,1,0,0
3562.1,1,3,27.68,1.46,1981.65,1,7,0,1,1
673.28,1,6,21.27,6.85,0.35,0,13,0,0,0
5971.57,0,1,14.37,3.9,3179.75,1,6,1,0,0
2415.32,0,1,21.21,5.85,93.59,0,14,2,1,0
4987.94,1,1,18.61,10.3,205.4,0,14,1,0,0
3964.42,0,1,3.63,28.82,37.57,0,13,0,0,0
3755.35,0,0,18.83,20.36,82.87,0,5,0,0,0
2993.76,0,10,21.58,12.61,45.72,0,11,2,0,0
6881.55,0,2,8.3,36.02,104.89,0,6,0,1,1
2568.58,1,1,23.01,0.73,215.4,0,17,0,0,0
731.28,0,12,22.35,25.93,20.33,0,5,0,0,0
5535.6,0,2,7.4,34.76,380.72,0,3,1,0,1
1395.48,0,12,13.8,83.16,227.38,0,16,0,0,1
833.59,0,1,12.3,3.97,11.31,0,1,1,0,0
1127.5,0,2,11.5,8.86,179.35,0,8,3,0,0
53064.74,1,2,60.32,8.05,142.75,0,3,0,0,1
2845.46,0,1,23.88,27.05,48.85,0,5,0,0,0
371.41,0,0,16.64,36.58,14.99,0,11,0,0,0
2135.26,1,0,19.4,20.22,7.58,0,14,0,0,0
10089.3,0,2,9.63,9.06,167.16,0,13,6,0,1
1995.61,0,1,18.9,40.42,137.24,0,6,0,0,0
2655.86,0,0,2.76,43.93,128.14,0,20,0,0,0
8892.75,0,1,2.06,20.64,125.17,0,15,1,0,0
108923.99,0,0,39.17,4.12,1692.91,1,2,0,0,1
8705.86,1,0,13.49,12.98,644.14,0,8,6,0,0
195.87,1,1,16.95,11.38,5.91,0,12,0,0,0
17739.04,0,1,33.27,11.56,256.61,0,8,3,0,1
5921.83,0,1,1.17,16.0,117.09,0,12,0,0,0
77409.53,0,0,9.94,12.42,124.2,0,4,3,0,0
1433.21,0,1,9.16,4.92,129.48,0,8,0,0,0
537.3,1,2,30.6,33.03,1840.73,1,7,1,0,1
3156.5,1,0,20.98,0.46,105.77,0,6,0,0,0
2379.46,1,1,45.63,5.18,3732.88,1,12,0,0,0
6024.95,0,13,4.16,20.99,40.01,0,22,1,0,0
9181.34,1,0,16.01,40.53,183.31,0,7,0,0,0
2871.83,0,0,22.97,44.07,8.25,0,0,0,0,0
2463.39,0,0,37.11,10.22,0.8,0,18,0,0,0
5285.49,1,0,32.06,14.35,457.92,0,9,2,0,0
2425.2,0,0,17.52,29.3,48.72,1,0,0,1,1
2230.58,1,1,27.31,27.91,30.2,0,0,0,0,0
8840.82,1,0,21.85,1.32,193.68,0,3,0,0,0
11045.49,1,0,6.69,18.46,101.58,0,10,0,0,0
9264.7,0,1,7.81,20.06,23.27,0,6,1,0,0
2648.56,0,0,6.6,4.44,273.55,0,6,0,0,0
368.78,1,1,4.17,16.93,220.68,0,20,0,0,0
2702.13,1,0,9.06,20.8,121.25,0,14,0,1,0
1468.53,0,0,20.83,17.14,73.64,0,16,0,0,0
2752.53,1,3,27.71,7.45,104.67,0,3,0,0,0
1601.84,0,1,5.9,12.68,65.39,0,20,0,0,0
3069.47,0,1,34.56,10.76,6.04,0,3,0,1,0
1108.46,1,1,13.87,42.53,35.65,0,11,0,0,0
128398.01,0,0,8.57,7.24,8.99,0,9,0,0,0
10643.36,0,4,10.44,29.27,156.74,0,21,1,0,1
115799.64,1,1,25.88,3.63,178.35,0,7,1,0,1
3134.83,1,2,6.4,14.76,47.82,0,22,0,0,0
8139.75,1,2,9.16,65.59,36.43,0,5,1,0,1
7818.94,0,2,6.73,16.6,84.72,0,3,7,0,0
6938.55,1,3,13.03,6.19,133.28,0,10,0,0,0
4242.32,0,1,7.05,14.81,29.02,0,8,1,0,0
53791.76,0,2,28.25,19.8,148.88,0,7,0,0,1
67391.63,0,3,8.17,30.46,114.95,0,10,0,0,0
4793.53,1,0,7.63,4.91,76.71,0,11,0,0,0
499.1,1,2,7.9,21.93,30.54,0,13,1,0,1
1847.27,1,0,0.98,16.47,136.58,0,0,0,0,0
6287.82,1,7,7.43,10.84,7.79,0,7,0,0,0
1673.89,0,2,15.54,22.04,180.77,0,17,0,0,0
152551.78,0,2,10.52,4.86,223.34,0,19,0,1,1
2941.93,0,1,12.69,2.34,7.56,0,13,0,0,0
3412.66,0,10,4.38,36.24,461.95,0,21,1,0,0
137897.18,0,7,88.61,41.24,260.03,0,11,5,0,1
2610.12,1,0,1.06,17.63,110.7,0,1,0,1,0
3737.89,1,0,19.9,37.38,128.39,0,16,1,0,0
7701.14,1,3,50.43,9.59,86.69,0,14,3,0,1
718.91,0,1,8.51,9.55,34.12,0,15,1,1,0
2355.96,0,2,24.51,20.08,60.69,0,13,1,1,1
7180.71,0,0,6.91,11.41,67.99,0,6,0,0,0
3346.27,0,0,28.26,12.61,79.74,0,21,0,0,0
13593.32,0,1,22.03,23.82,250.13,0,19,1,0,0
648.12,0,0,17.41,9.09,202.7,0,16,0,1,0
578.25,0,3,34.43,9.16,72.1,0,5,0,0,0
6766.14,1,0,40.3,35.47,4.61,0,8,0,0,0
7448.79,0,0,9.42,5.69,113.08,0,13,0,1,0
2583.11,0,2,14.13,17.9,32.43,0,12,1,0,1
4676.92,0,3,1.12,29.43,41.92,0,13,0,0,0
6602.52,0,1,8.85,2.52,2.88,0,16,0,0,0
1388.72,0,0,31.34,18.72,145.57,0,22,0,0,0
144742.68,0,2,22.48,8.9,2108.84,1,7,1,1,1
3788.5,0,2,10.0,84.9,11.4,0,8,0,0,0
7739.47,0,2,48.72,42.09,162.55,0,2,0,0,0
976.57,1,1,77.6,23.02,179.22,0,14,0,0,1
2571.01,0,1,20.09,25.99,164.19,0,15,0,0,0
2454.71,0,0,17.35,5.8,4.41,0,13,2,0,0
4759.79,0,1,16.25,6.39,47.2,0,13,0,1,0
3106.65,0,1,15.76,11.84,197.0,0,1,8,0,0
1815.5,0,2,87.3,24.42,25.48,0,19,0,1,1
10922.34,1,1,92.72,37.57,260.66,0,5,0,1,1
1827.57,0,3,25.39,52.55,19.39,0,1,0,0,1
154093.02,1,2,37.03,25.62,45.66,0,3,1,0,1
113644.8,0,1,4.49,13.16,16.7,0,22,0,0,0
1535.14,0,3,31.45,13.32,5.78,0,17,0,0,0
5250.49,0,11,50.92,21.12,32.12,0,6,0,0,1
4318.23,0,1,8.77,2.42,268.63,0,7,0,0,0
137143.07,0,1,13.42,32.21,123.24,0,13,0,1,1
5437.0,1,0,73.69,26.88,160.3,0,15,1,0,0
81058.97,1,7,8.8,34.69,73.89,0,9,0,0,1
1483.47,1,2,18.54,51.72,54.95,0,8,0,0,0
620.53,0,0,0.73,27.55,168.68,0,4,0,0,0
1096.03,1,5,8.43,9.42,125.52,0,2,0,0,0
1550.52,0,0,5.94,22.35,34.22,0,14,0,1,0
1182.84,0,2,2.37,3.85,53.93,0,15,0,1,0
3441.49,1,1,15.15,6.2,148.89,0,13,0,0,0
10967.1,1,12,6.65,10.17,82.18,0,11,0,0,1
14612.89,1,0,73.43,48.48,32.37,0,3,0,0,0
5189.06,1,1,21.51,46.78,204.96,0,11,0,0,0
26669.4,0,5,13.65,12.61,137.16,0,4,0,0,0
2194.32,1,0,19.68,88.51,1860.08,1,20,0,0,1
612.46,0,0,18.77,11.39,83.82,0,11,0,0,0
8983.8,1,1,27.12,35.88,397.7,0,2,0,0,0
498.4,1,0,66.86,100.0,23.37,0,3,0,0,0
1472.91,0,1,36.59,47.98,645.86,0,3,0,0,0
5271.72,0,2,67.22,7.39,43.82,0,1,0,0,0
102452.58,0,0,7.86,76.59,16.19,0,11,0,0,1
2589.05,0,1,2.27,47.18,226.62,0,13,0,1,0
962.19,0,2,37.33,17.13,184.62,0,12,0,0,1
3100.12,1,2,10.08,19.83,518.32,0,3,0,0,0
8549.79,0,0,18.11,15.27,42.69,0,16,0,0,0
3197.0,1,1,29.66,83.13,101.4,0,10,1,0,0
1366.18,0,1,14.1,15.93,1.95,0,17,0,0,0
900.06,0,0,8.32,8.16,107.31,0,1,0,1,0
1394.66,0,8,0.53,12.48,233.16,0,8,1,0,1
4639.37,1,3,2.38,18.73,14.37,0,14,0,1,0
4418.71,0,1,28.61,73.51,11.61,0,6,0,0,0
1407.39,0,1,24.33,9.44,34.93,0,20,1,0,0
343.52,0,0,46.1,27.96,3868.47,1,20,0,1,1
4769.58,1,2,11.93,51.54,27.02,0,2,6,0,1
1277.03,0,0,20.6,14.16,57.13,0,2,0,0,0
6242.04,0,0,78.35,1.7,52.59,0,22,0,0,0
143952.73,1,1,4.12,16.38,33.99,0,10,5,0,1
1166.89,1,1,57.96,68.95,232.94,0,17,1,0,0
3652.52,0,2,23.16,0.63,132.8,0,15,0,0,0
33113.6,0,3,70.89,4.51,20.23,0,20,0,0,1
6627.81,0,1,28.28,3.7,1609.58,1,3,8,0,0
3591.12,0,3,3.06,0.51,18.06,0,20,0,0,0
4486.6,1,0,83.2,32.19,236.17,0,4,0,1,1
543.96,0,2,18.39,3.88,21.01,0,6,0,0,0
1020.1,0,2,3.51,0.97,4.02,0,13,3,1,0
254.44,0,12,22.54,31.41,3870.94,1,1,0,0,1
17674.42,0,9,38.51,11.65,16.42,0,6,0,0,1
14434.64,0,0,21.76,10.72,26.66,0,19,1,0,0
4641.62,1,0,6.78,12.52,162.67,0,4,0,1,1
3587.16,0,1,7.71,7.07,2.13,0,0,0,0,0
664.08,1,0,42.93,35.58,280.35,0,15,1,0,0
2516.69,1,2,10.1,25.27,108.06,0,17,0,1,0
18814.66,0,11,0.27,15.95,4.61,0,16,0,0,0
3573.91,0,2,28.9,13.17,36.41,0,10,1,0,0
1781.75,0,2,11.25,10.06,118.86,0,14,0,0,0
540.19,0,2,5.74,2.61,24.71,0,15,0,1,0
12460.34,0,1,59.34,6.17,161.79,0,7,0,1,0
2921.69,1,0,9.57,12.05,9.14,0,3,0,0,0
540.92,0,1,13.78,9.61,2.97,0,18,0,0,0
1243.56,0,1,15.57,16.31,413.06,0,23,0,0,0
873.46,0,7,11.64,8.88,246.77,0,17,1,0,0
2746.98,0,0,12.51,4.21,109.41,0,21,3,0,0
3855.82,1,0,3.88,6.98,27.08,0,5,0,0,0
1894.64,0,0,12.55,13.14,67.31,0,7,0,0,0
6816.13,1,2,1.62,10.51,148.47,0,12,0,0,1
3390.74,1,2,40.97,71.94,298.98,0,14,0,1,0
9066.24,0,1,19.54,18.68,9.62,0,19,1,1,0
2192.52,0,1,53.53,15.09,87.98,0,3,0,0,1
144577.91,0,0,33.55,34.49,167.99,0,7,1,0,1
1782.04,1,0,1.72,61.72,17.66,0,0,0,0,0
1269.87,0,0,21.64,30.95,3900.08,1,11,0,0,0
1122.93,1,1,30.16,2.32,2.17,0,21,0,0,0
2537.82,1,11,100.0,100.0,437.59,0,18,0,0,1
561.42,1,1,48.99,5.01,135.48,0,2,0,0,0
4207.24,0,1,7.3,13.51,127.35,0,11,0,0,0
466.24,0,0,26.98,2.02,64.31,0,6,1,1,0
3683.69,1,0,86.61,2.09,87.76,0,6,0,0,0
811.39,0,1,57.87,24.05,0.95,0,18,0,0,0
2140.31,1,0,52.57,38.22,83.89,0,15,2,0,1
5736.13,0,0,26.14,24.97,66.52,0,1,0,0,0
31383.5,0,1,14.28,2.65,66.59,0,15,1,1,0
46597.01,1,0,8.63,53.28,103.52,0,20,0,0,0
2696.43,0,0,19.17,4.98,383.91,0,2,0,0,1
1519.66,0,2,9.46,12.23,83.49,0,22,0,0,0
1313.08,0,1,7.88,17.71,40.44,0,8,0,0,0
1533.07,0,2,14.86,1.97,3.06,0,17,0,1,0
7144.27,1,1,83.25,74.97,32.77,0,13,0,0,1
1923.58,0,2,32.67,9.4,29.77,0,5,0,0,0
29712.19,0,1,9.3,13.58,116.84,0,19,0,0,0
4750.38,0,1,1.12,34.78,28.14,0,17,0,0,0
1141.38,1,1,14.68,19.5,82.64,0,10,0,0,0
2171.76,0,2,3.76,39.8,125.59,0,2,0,0,0
1405.51,1,1,30.05,13.89,166.67,0,15,1,0,0
6974.87,1,0,11.76,9.88,38.1,0,4,0,0,0
608.64,0,0,35.72,18.04,22.52,0,18,0,0,0
819.79,1,1,31.54,47.27,18.9,0,21,0,0,1
1734.46,1,1,34.41,1.21,34.83,0,4,1,0,0
6203.98,0,3,22.32,16.51,4.83,0,23,0,0,1
10754.29,0,1,2.15,23.88,205.27,0,2,0,0,0
12463.28,1,1,11.75,28.1,265.51,0,0,0,0,0
5323.05,1,0,6.56,8.21,35.58,0,9,0,0,0
144805.43,1,1,45.27,1.21,5.78,0,3,2,0,1
6937.01,1,1,14.4,12.8,301.92,0,21,1,0,0
997.75,0,1,4.94,21.87,3472.68,1,8,1,0,0
495.39,1,0,6.55,5.53,29.68,0,5,0,0,1
4849.53,1,3,22.89,10.35,9.11,0,3,0,0,0
1146.33,0,1,38.38,26.48,3.41,0,1,0,0,0
2935.68,0,3,15.97,20.94,95.03,0,9,0,0,1
110369.35,0,0,7.12,13.01,31.67,0,3,0,0,1
4016.31,1,3,100.0,12.65,36.43,0,7,0,0,0
8004.76,0,2,81.84,18.21,30.11,0,12,0,0,1
7201.72,1,4,6.56,20.23,32.11,0,22,0,0,0
3808.54,0,3,81.24,10.9,137.6,0,6,1,0,1
2014.21,0,0,1.69,13.31,2.26,0,21,1,0,0
3490.37,0,0,6.24,13.69,112.44,0,17,0,0,0
1726.39,0,0,4.99,11.86,47.64,0,10,0,0,0
2574.91,1,4,1.19,68.67,272.39,0,8,0,0,0
42966.39,0,2,9.23,5.58,32.81,0,6,0,0,0
3760.06,1,1,26.81,13.25,52.89,0,12,0,0,0
4915.97,0,3,16.89,37.08,71.97,0,15,0,0,1
1547.69,1,1,2.99,39.75,56.09,0,14,0,0,0
8691.26,0,1,13.17,53.93,276.95,0,2,0,0,0
6702.74,0,1,24.36,27.01,54.56,0,20,0,0,0
6750.37,0,3,7.51,14.12,114.04,0,15,0,0,0
3885.05,0,0,17.89,31.46,42.37,0,18,1,0,0
8814.82,0,1,11.14,25.32,20.19,0,6,0,0,1
11177.8,1,1,1.95,34.5,51.25,0,1,1,0,0
4159.29,0,2,0.67,37.6,173.53,0,14,2,0,0
2794.44,0,2,12.28,10.13,488.7,0,14,7,0,1
7666.16,0,2,2.83,16.7,48.7,0,9,1,0,0
1268.86,0,3,7.72,10.26,31.61,0,16,0,1,1
1528.5,1,1,37.31,12.9,73.8,0,10,0,0,1
2971.14,0,1,25.26,9.15,10.09,0,4,0,1,0
549.3,1,4,10.25,24.64,7.79,0,6,0,0,0
7169.53,1,0,37.22,1.46,95.18,0,10,1,0,0
1196.42,0,12,33.77,11.6,67.26,0,21,0,1,0
1955.71,0,0,54.81,32.17,49.31,0,6,0,0,0
2531.89,0,2,83.7,29.21,63.85,0,15,0,0,0
3259.36,0,0,38.93,11.94,101.69,0,5,0,0,0
2222.41,0,1,5.58,3.71,82.26,0,5,0,0,0
2929.62,1,2,13.07,30.61,60.73,0,7,1,0,0
2952.4,1,1,35.66,3.58,67.01,0,4,0,1,1
2004.14,0,1,39.49,6.88,190.64,0,17,0,0,0
1446.36,1,2,28.77,10.91,68.18,0,4,1,0,0
9241.63,0,1,13.61,28.5,28.51,0,22,0,0,1
382.07,1,0,8.65,51.39,95.26,0,7,0,0,0
2551.11,0,1,2.44,92.31,149.79,0,3,0,0,1
1960.79,0,1,37.73,58.55,204.36,0,10,0,0,0
4763.75,1,2,12.83,1.79,69.28,0,17,0,0,1
731.95,1,2,13.37,33.21,2475.48,1,20,0,0,1
1901.15,1,2,100.0,7.84,68.7,0,5,0,0,0
2828.89,0,0,3.34,67.34,2.25,0,22,0,1,0
9136.87,1,1,26.34,2.12,64.23,0,21,1,0,0
4368.54,0,0,9.41,1.1,5.88,0,5,0,0,0
959.6,0,0,5.73,9.88,104.67,0,16,0,0,0
31802.02,0,1,0.82,6.73,80.78,0,14,0,0,0
7601.12,0,1,75.17,3.62,2536.97,1,9,1,1,1
943.15,0,1,22.48,19.48,545.23,0,5,0,0,0
2896.78,0,0,10.69,20.91,2860.47,1,7,0,0,0
3105.34,1,1,23.31,4.2,25.79,0,5,0,0,1
2130.72,1,3,52.32,8.28,164.74,0,0,0,1,1
92656.72,1,1,12.74,43.74,232.82,0,4,0,0,1
2074.07,0,1,11.61,27.0,29.67,0,20,0,1,0
4913.61,1,2,38.34,62.29,104.56,0,16,1,0,0
1456.36,0,3,3.0,20.93,19.07,1,15,0,1,1
5312.13,0,1,54.03,39.25,34.73,0,14,0,0,0
7485.98,1,0,17.87,9.96,248.55,0,4,0,0,0
1740.69,0,3,12.25,10.13,37.44,0,22,2,1,0
2966.97,0,2,26.05,5.76,4.98,0,6,0,0,0
1280.13,0,2,27.39,13.19,297.17,0,14,0,0,0
997.84,0,1,56.38,11.24,65.13,0,16,0,0,0
8837.82,1,1,13.83,34.29,5.29,0,6,0,0,1
110647.66,0,6,4.63,78.67,201.22,0,13,1,1,1
55799.14,0,2,0.24,9.25,341.24,0,5,1,0,1
18312.81,0,1,17.5,37.12,649.73,0,23,0,0,0
106173.57,0,9,18.89,8.32,187.16,0,17,0,1,1
2449.47,1,1,6.02,31.4,8.8,0,22,1,0,0
16169.9,1,2,23.02,36.95,59.48,0,7,0,0,1
2719.65,1,5,18.72,3.04,81.81,0,23,0,0,0
2661.55,1,1,37.58,18.03,23.48,0,2,0,1,1
917.66,0,1,34.96,8.94,71.48,0,2,1,0,1
611.04,1,1,20.02,64.21,80.1,0,4,0,0,0
2653.44,0,1,21.74,9.01,12.64,0,0,0,0,0
4504.4,0,9,18.67,11.85,4534.53,1,1,0,0,1
4253.62,1,1,27.09,4.62,18.17,0,18,1,0,0
1936.7,0,1,17.23,1.94,7.86,0,8,7,0,0
111349.25,1,1,32.46,54.03,62.04,0,4,0,1,1
499.09,1,2,0.59,17.34,25.5,0,10,0,0,0
4964.99,1,4,9.45,14.23,13.73,0,18,1,0,0
3682.72,0,0,10.12,16.78,201.85,0,14,0,0,0
22553.85,0,0,10.62,20.42,140.27,0,20,0,0,0
3157.32,1,2,4.12,20.84,161.05,0,0,0,1,0
1220.88,0,2,61.69,32.49,250.97,0,20,0,0,0
2978.8,0,2,0.69,16.75,15.75,0,13,0,0,0
2257.92,1,5,32.42,4.1,3.89,0,12,0,1,0
4840.18,1,0,22.73,20.78,105.93,0,7,0,0,0
3219.21,1,1,17.38,0.3,424.1,0,19,0,0,0
888.96,0,1,9.9,17.97,398.39,0,21,0,1,0
610.49,0,3,23.67,49.84,68.38,0,5,1,0,1
4076.15,0,1,37.39,5.76,3618.05,1,15,1,0,1
12495.38,0,0,17.02,22.98,1249.35,1,18,6,0,1
3392.59,0,3,11.94,56.67,226.24,0,13,0,0,0
7067.75,0,10,41.07,17.39,91.01,0,2,1,0,0
8628.36,0,0,8.25,12.62,78.58,0,9,0,0,0
4092.01,0,13,11.26,2.26,102.73,0,8,0,0,1
1387.85,0,1,8.6,13.47,139.07,0,11,0,0,0
3809.71,0,1,26.14,32.82,1421.57,1,15,0,0,0
10478.42,0,1,84.22,20.94,71.14,0,0,0,0,0
5323.52,1,0,1.04,99.06,138.52,0,3,7,0,1
6622.61,0,1,33.42,43.67,191.49,0,16,0,0,0
1973.28,1,0,74.07,29.17,102.44,0,5,0,0,0
2559.7,0,2,34.52,28.17,30.77,0,22,0,1,0
2782.97,0,0,7.24,14.81,36.39,0,12,0,0,0
2976.97,0,3,68.93,6.04,25.44,0,23,0,0,0
10076.47,0,11,26.3,3.76,76.93,0,0,0,0,0
299.71,0,1,36.58,5.07,13.25,0,9,6,0,0
3230.97,1,0,39.6,58.84,237.87,0,16,0,1,0
2894.31,1,0,2.82,30.15,12.96,0,17,0,1,0
795.12,0,0,44.13,27.38,47.14,0,0,0,0,0
6135.01,0,1,75.69,10.25,177.83,0,11,0,0,0
1518.53,1,0,33.23,11.76,5.79,0,4,0,0,0
2192.87,0,1,70.25,50.44,30.96,0,10,0,0,0
19906.11,0,5,15.84,33.78,188.36,0,11,7,0,1
8603.92,1,4,4.79,15.19,120.41,0,6,0,0,1
5566.31,0,4,68.04,19.76,56.39,0,22,0,0,0
4586.06,1,1,11.66,30.07,20.35,0,17,0,0,0
2657.98,0,3,28.35,28.03,136.14,0,9,0,0,0
23141.37,0,2,6.03,25.84,7.47,1,17,2,0,1
66217.25,0,0,11.47,4.29,122.62,1,20,0,0,1
1480.97,1,0,36.75,5.81,93.58,0,14,1,1,0
772.71,0,1,9.83,7.26,40.34,0,15,0,0,0
5523.89,1,0,24.41,4.3,394.08,0,15,0,0,0
2963.51,1,0,92.33,1.08,66.65,0,20,0,0,0
750.74,1,0,28.58,87.12,5.71,0,4,0,0,0
4810.64,0,2,23.41,15.06,224.17,0,4,2,0,0
2394.6,0,7,20.87,7.21,138.59,0,13,1,0,0
5327.65,0,1,3.46,3.77,110.03,0,18,0,0,0
4874.34,0,0,7.26,25.44,325.28,0,23,0,0,0
1705.71,1,8,10.88,17.31,480.49,0,9,0,0,0
5900.81,0,2,26.57,15.28,57.72,0,22,1,0,1
1904.73,1,0,5.32,3.7,103.38,0,12,0,1,0
130980.32,0,1,58.22,15.88,94.99,0,8,0,0,0
1840.38,0,1,7.33,7.56,127.85,0,14,5,0,0
9710.61,0,5,2.54,22.68,141.97,0,4,0,0,0
2367.12,1,7,79.63,23.85,416.79,0,4,0,0,0
12362.75,0,8,17.25,9.38,373.87,0,1,1,0,1
18647.83,0,2,55.96,17.25,116.39,0,0,0,0,0
1497.09,1,0,22.0,5.69,246.53,0,5,0,0,0
168.85,0,2,14.65,39.2,7.2,0,21,0,0,0
8906.26,0,0,2.53,40.97,10.61,0,11,0,0,1
2226.15,0,1,83.39,23.49,2811.17,1,16,0,0,0
1317.92,0,0,12.4,18.79,0.55,0,4,0,0,0
109790.59,0,1,18.55,10.83,23.04,0,10,0,0,0
2069.76,0,1,15.67,3.65,43.94,0,8,0,0,0
11466.59,0,0,26.18,60.48,10.17,0,3,0,0,0
3677.22,0,2,7.31,26.48,91.65,0,14,0,0,0
11311.77,0,7,26.04,28.7,61.07,0,12,0,0,0
5136.98,0,3,4.91,26.78,3403.91,1,11,0,0,1
2300.24,0,1,22.09,12.4,64.13,0,10,0,0,0
2121.0,0,0,28.59,31.92,152.45,0,6,0,0,0
5495.08,0,1,16.51,79.92,159.95,0,15,0,0,0
7118.31,0,3,2.02,13.88,1.33,0,7,0,0,0
8491.26,0,6,21.5,8.4,22.13,0,1,0,0,0
2412.6,1,1,29.07,27.23,248.63,0,14,0,0,0
3733.89,1,0,7.87,13.72,122.41,0,11,0,0,0
5619.74,0,1,7.19,4.58,598.39,0,15,0,0,0
2134.6,0,0,39.1,16.83,87.94,0,13,0,0,0
1007.33,0,2,6.69,85.8,42.42,0,18,0,0,0
1399.3,1,2,32.7,4.28,119.31,0,1,0,0,0
2462.58,0,1,4.47,27.15,65.79,0,20,0,0,0
6076.64,0,2,22.26,4.74,177.28,0,17,5,0,1
11036.66,0,12,7.72,75.52,73.27,0,16,0,0,0
28452.67,0,1,16.5,17.89,195.43,0,8,7,0,0
1724.44,0,3,14.64,9.83,101.43,0,11,0,0,0
2191.05,1,0,84.19,2.84,207.66,0,8,0,0,0
105514.85,1,1,36.03,8.08,67.99,0,4,0,0,1
1848.06,0,1,5.15,2.99,185.62,0,0,0,0,0
2039.11,0,2,1.68,23.54,44.59,0,23,0,1,1
763.57,0,0,11.27,15.73,76.08,0,2,1,0,0
5081.73,0,1,13.08,12.46,104.24,0,12,0,0,0
2666.71,0,2,31.71,30.24,68.54,0,17,1,0,0
1629.38,0,2,14.93,9.85,14.26,0,4,0,0,0
2417.49,1,2,7.12,17.32,955.15,1,5,0,0,1
9672.05,1,2,48.89,1.42,98.24,0,15,0,0,1
1147.24,1,0,81.29,14.39,203.55,0,21,1,0,0
1350.65,1,1,25.95,4.21,64.23,0,5,0,1,1
10962.68,0,3,8.53,18.35,34.7,0,14,1,0,0
3380.49,0,1,36.36,26.02,50.32,0,8,0,0,0
6122.67,0,2,7.9,100.0,542.13,0,18,0,0,0
4683.27,0,0,21.12,8.71,284.88,0,23,0,0,0
3025.0,0,0,43.07,33.36,200.8,0,22,0,0,1
2212.11,1,1,29.05,53.87,9.81,0,5,0,1,1
7198.0,0,2,35.0,32.6,394.13,0,14,0,0,0
10019.98,0,1,20.66,16.28,3354.14,1,19,0,0,0
62021.04,0,2,1.02,20.24,167.56,0,20,0,1,0
957.69,1,0,14.0,15.41,433.31,0,2,0,0,1
11555.43,0,4,17.69,31.19,54.61,0,3,0,0,1
2190.89,0,2,10.42,28.5,11.16,0,18,0,0,0
1472.87,0,2,6.47,7.3,625.72,0,7,6,0,0
2645.65,1,1,15.49,3.59,46.44,0,9,0,0,0
7194.91,1,1,20.8,44.67,320.99,0,1,0,0,1
5380.11,0,0,4.35,60.77,195.47,0,11,0,0,0
2427.49,1,2,2.28,14.16,61.2,0,3,1,0,0
7242.1,0,2,1.14,20.27,12.12,0,20,0,0,0
3604.22,1,0,30.93,38.92,293.78,0,20,2,0,0
1766.98,0,3,7.53,30.78,242.98,0,15,0,0,0
1543.74,0,2,1.16,8.68,67.65,0,12,0,0,1
4723.17,1,1,14.14,26.77,1.65,0,13,0,1,0
2885.58,0,1,48.17,1.81,105.51,0,4,0,0,0
791.95,0,1,20.98,27.54,193.91,0,14,0,0,0
7311.19,1,1,15.0,8.83,9.17,0,5,0,0,0
1938.61,1,1,1.08,23.53,14.94,0,21,0,0,0
15399.95,0,0,19.66,32.16,18.7,0,21,0,0,0
770.48,1,0,4.86,52.04,116.23,0,21,1,0,0
2615.71,1,0,1.37,82.04,180.34,0,23,0,0,0
1556.23,0,1,12.03,7.35,528.41,0,6,0,0,0
1181.54,1,1,25.2,82.39,40.71,0,22,0,0,0
1926.02,0,0,45.03,31.15,122.41,0,21,0,0,0
18408.5,1,11,17.59,15.81,169.88,0,12,1,0,1
3616.89,0,0,30.94,10.86,150.96,0,0,2,0,0
1419.83,0,0,7.84,21.92,80.34,1,1,0,0,0
503.39,0,2,33.04,6.6,147.12,0,10,0,0,0
560.39,0,1,37.11,79.98,11.23,0,12,1,0,0
1832.68,1,1,58.63,36.39,74.86,0,18,1,0,1
72264.04,1,2,5.21,24.32,39.31,0,13,0,0,0
2504.76,0,0,8.01,18.0,161.9,0,21,1,0,0
323.05,0,0,16.21,8.54,189.75,0,2,1,0,0
2859.26,0,1,23.37,1.83,164.5,0,20,0,0,0
8758.06,0,2,23.15,4.92,106.26,0,16,2,0,0
15880.41,0,1,67.97,36.95,36.4,0,5,1,0,1
471.33,1,3,16.38,15.98,40.65,0,3,0,0,0
1406.15,1,1,17.55,21.31,39.33,0,14,0,0,0
1333.77,0,0,1.81,26.86,55.81,0,14,0,0,0
3625.41,0,2,92.35,2.36,75.96,0,12,0,0,0
925.4,0,1,19.82,9.27,367.68,0,2,0,0,0
16852.65,0,2,3.33,21.54,122.55,0,21,0,0,0
3273.2,0,7,24.62,36.14,371.35,0,14,4,0,1
49244.4,0,1,38.92,2.69,30.54,0,7,1,0,0
15409.1,0,1,33.43,1.29,94.49,0,11,0,0,0
3083.91,0,0,5.52,41.9,31.43,0,22,2,0,0
4676.49,1,0,22.7,31.29,17.15,0,19,0,1,0
1479.12,0,1,11.63,5.94,36.97,0,16,0,0,0
795.92,0,2,84.51,23.91,24.27,0,4,0,0,1
1702.13,0,1,6.15,37.65,10.26,0,5,1,0,0
27916.57,1,2,19.98,11.6,217.54,0,18,2,0,1
5901.85,0,1,7.95,30.59,44.41,0,11,1,0,0
4123.82,0,0,15.81,30.84,33.47,0,0,0,0,0
1180.42,0,9,44.48,5.33,25.04,0,14,0,0,1
7795.1,0,1,4.22,6.77,75.57,0,23,0,0,1
99975.71,0,0,15.14,30.39,7.95,0,9,0,0,0
653.89,1,0,13.7,8.89,21.11,1,9,0,1,0
1792.05,0,1,4.25,62.15,67.19,0,11,0,0,0
22125.61,0,13,15.05,19.18,165.24,0,5,0,1,1
20908.15,0,3,14.52,10.22,189.94,0,0,0,1,0
1995.73,1,1,15.45,38.45,9.5,0,2,0,0,0
1596.87,1,0,43.81,3.9,96.35,0,16,0,1,1
607.67,1,1,31.46,35.79,148.04,0,8,0,0,0
3388.12,0,1,9.85,36.07,27.19,0,16,0,1,0
73382.51,1,0,80.75,28.49,39.02,0,6,0,0,1
6901.93,1,1,2.51,28.42,318.57,0,23,0,0,0
7790.87,0,2,4.08,51.97,480.89,0,3,0,0,1
2572.36,0,0,26.5,9.22,93.81,1,5,0,0,1
5464.5,1,1,42.51,30.72,190.64,0,20,3,0,0
1555.2,0,0,4.67,8.66,3656.94,1,2,1,0,0
5361.73,1,1,6.09,18.8,3303.89,1,2,0,0,0
1887.05,0,2,3.61,6.9,1892.26,1,10,0,0,0
4961.48,0,0,9.43,17.8,100.27,0,18,0,0,0
4575.64,0,0,18.31,8.08,101.95,0,0,0,0,0
3357.0,1,0,29.88,72.33,43.82,0,15,1,0,0
6936.41,1,1,15.08,19.77,181.07,0,8,0,0,0
651.71,0,0,7.32,17.31,182.74,1,22,0,0,0
1080.4,0,1,94.83,6.23,57.27,0,8,0,0,0
2392.13,0,1,1.59,14.39,35.56,0,5,0,0,0
740.06,0,2,5.17,6.36,1286.56,1,13,0,0,0
89247.01,1,1,28.7,28.59,176.52,0,17,0,0,1
2154.62,0,1,5.99,28.58,87.95,0,12,1,1,0
11610.72,0,1,25.95,9.69,218.68,0,5,0,0,0
3613.87,0,2,13.96,59.5,7.99,0,20,0,0,0
8772.96,1,1,3.49,7.05,13.83,0,15,0,0,0
4237.27,0,0,25.47,18.69,152.12,0,16,0,0,0
1834.14,1,0,14.47,4.12,124.92,0,2,1,1,0
3582.14,0,3,1.14,29.53,143.4,0,22,0,0,0
6499.15,0,2,13.83,8.62,144.94,0,11,0,0,1
10336.14,1,1,100.0,37.36,375.17,0,10,0,0,0
2745.42,0,0,13.32,57.13,120.36,0,11,0,0,0
603.35,1,1,3.94,7.76,40.27,0,18,0,0,0
562.39,0,4,1.03,20.27,144.37,0,8,0,0,0
150246.99,1,5,13.6,4.15,382.94,0,12,0,0,0
302.51,1,2,37.86,43.8,16.05,0,0,0,0,1
18865.77,1,2,14.0,2.64,1691.05,1,8,0,0,0
5692.66,0,0,13.62,11.43,38.16,0,19,0,0,0
1659.6,1,0,59.25,32.68,58.87,0,10,3,0,0
1033.13,1,10,17.64,23.73,70.22,0,23,0,0,1
8761.47,0,1,22.05,44.17,344.25,0,16,0,0,0
1029.02,0,0,1.61,40.68,38.38,0,5,0,0,0
1132.04,1,2,7.09,5.11,134.06,0,5,0,0,0
1456.88,0,0,3.29,14.93,4.77,0,21,1,0,0
3512.51,1,3,13.06,31.18,35.1,0,13,0,0,1
5830.15,1,3,21.02,10.22,293.37,0,8,0,0,0
10328.6,0,1,14.39,10.72,77.56,0,21,0,0,0
8910.37,0,2,42.79,77.62,73.99,1,10,1,0,1
3136.22,0,3,2.6,6.93,7.57,0,1,0,0,0
8695.16,0,1,16.08,13.55,146.05,0,17,3,0,0
1601.99,1,0,19.33,7.97,4.55,0,15,1,0,0
507.32,0,1,0.88,17.52,105.11,0,16,0,0,0
1601.78,0,0,35.18,4.84,604.89,0,14,0,0,0
1399.32,1,1,10.6,30.61,3.64,0,22,0,0,0
1665.72,0,5,26.34,2.29,83.07,0,22,0,0,0
1200.66,1,1,24.43,76.41,61.88,0,15,0,0,0
1976.12,0,9,27.71,8.68,4279.43,1,19,7,0,1
5825.6,0,1,15.27,14.56,27.19,0,15,0,0,0
17417.96,0,0,10.83,27.0,135.08,0,21,0,1,0
558.16,1,1,35.52,79.11,38.93,0,4,0,0,1
864.6,1,4,34.59,47.69,123.1,0,20,0,0,0
1420.2,1,1,21.83,4.16,27.02,0,12,0,0,1
6739.51,1,1,12.95,17.31,25.1,1,3,0,0,0
2553.07,1,2,12.78,13.21,124.05,0,22,0,0,0
1519.13,1,0,37.89,6.98,30.56,0,7,0,0,0
6417.17,0,1,4.56,16.53,2.11,0,11,0,0,0
8155.03,1,1,14.12,69.98,37.38,0,21,0,1,0
3075.55,1,10,37.1,2.13,37.32,0,18,0,0,0
1385.45,1,2,12.8,54.56,67.43,0,9,0,1,0
4106.31,0,0,2.69,30.14,8.4,0,21,0,0,0
105700.07,0,1,11.64,36.7,170.97,0,17,0,0,1
2462.63,1,0,2.46,17.94,34.22,0,19,1,1,0
26961.99,0,9,4.42,16.68,92.47,0,11,0,0,0
7902.89,0,2,12.45,6.89,131.72,0,7,0,0,0
4023.39,1,2,13.39,9.02,3819.56,1,7,4,0,1
8828.15,0,1,12.33,6.43,352.94,0,1,0,0,0
11924.21,0,1,17.87,26.84,191.97,0,7,0,0,0
4959.11,0,1,4.65,10.7,71.1,0,7,0,0,0
1888.47,0,0,2.25,14.89,95.94,0,7,0,0,0
8869.08,1,0,29.64,15.38,25.47,0,11,0,0,0
4992.36,1,0,39.3,17.52,114.76,0,2,0,1,1
42334.93,1,1,25.69,75.0,12.31,0,18,0,0,0
105695.05,1,0,3.69,35.98,2529.92,1,16,0,1,1
6296.11,1,4,30.24,25.08,149.47,0,3,0,0,1
4189.87,0,1,33.8,10.05,207.27,0,15,0,1,0
2838.13,1,2,27.82,55.99,42.54,0,18,1,0,0
2419.24,0,0,13.94,14.7,19.06,0,8,0,1,0
4205.9,0,3,14.67,42.53,117.66,0,17,0,0,0
5277.33,1,1,10.55,11.3,117.06,0,7,0,0,0
9940.65,1,1,87.18,6.16,50.13,0,18,2,0,0
4267.79,0,1,10.65,25.4,189.12,0,9,0,0,0
1972.61,1,2,0.59,17.68,149.33,0,22,1,0,0
2260.06,0,11,2.34,19.3,38.34,0,20,1,0,1
834.69,0,3,34.94,15.69,71.49,0,13,0,0,1
16501.62,0,10,19.64,21.9,4.92,0,2,0,0,0
1824.07,0,1,28.49,8.85,446.65,0,10,0,0,0
8245.64,0,0,16.08,16.4,5.59,0,15,1,0,0
4132.14,0,1,38.7,20.12,196.5,0,9,1,0,0
4246.0,0,1,24.16,16.54,114.5,0,2,1,0,0
2786.53,0,2,71.1,26.23,17.57,0,9,0,0,0
115812.85,1,0,53.89,26.28,210.04,0,22,0,1,1
1189.71,1,0,2.04,31.38,6.72,0,18,0,0,0
17649.55,1,3,21.59,5.46,272.11,0,6,1,1,0
3512.07,0,1,13.26,6.93,110.81,0,20,1,0,0
9655.35,1,0,15.38,19.99,481.63,0,22,0,0,0
77086.74,1,1,32.59,36.44,19.25,0,11,0,0,0
38885.53,0,1,8.28,15.81,61.75,0,1,0,0,0
63949.06,0,1,19.81,39.01,11.61,0,18,0,0,0
3278.07,0,0,28.36,40.05,45.28,0,21,0,0,0
985.14,0,9,11.04,36.18,171.7,0,1,0,0,1
2603.26,0,1,2.35,68.72,170.04,0,0,0,0,0
5639.25,0,1,29.03,31.85,3631.7,1,12,0,0,0
1902.59,0,1,36.87,10.14,143.56,0,10,0,0,0
2264.61,1,1,52.64,4.58,103.89,0,22,0,0,0
2634.99,0,3,4.82,25.25,82.46,0,12,0,0,0
25887.86,0,5,6.85,71.95,81.07,0,1,0,0,0
500.67,1,0,40.92,1.47,542.96,0,23,0,0,0
5175.25,0,2,31.12,38.03,31.34,0,15,0,0,0
2432.47,0,1,43.0,5.56,79.61,0,17,0,0,0
1651.34,0,0,22.27,3.0,24.95,0,3,4,0,1
2373.51,0,4,10.4,36.32,71.76,0,18,0,0,0
6108.13,0,1,12.99,30.35,36.57,0,3,1,0,0
6467.36,0,2,20.55,21.1,3131.53,1,8,1,0,1
3774.48,0,0,22.82,2.05,211.47,0,8,0,0,1
9346.35,1,1,7.22,1.17,192.96,0,15,0,0,0
11145.97,1,13,25.04,4.29,8.23,0,3,1,0,1
7089.54,0,2,30.13,20.41,205.15,0,9,0,0,0
1814.94,0,2,22.88,9.28,9.38,0,14,0,0,0
5138.11,0,1,17.71,24.94,35.49,0,16,1,1,1
5162.63,1,2,23.93,33.63,20.22,0,9,0,0,0
1386.27,1,2,15.6,5.26,163.01,0,12,0,1,1
652.34,0,3,1.32,4.4,1.75,0,14,0,0,0
414.56,0,0,58.67,14.72,92.94,0,22,0,0,1
3360.54,0,2,14.01,18.09,9.44,0,6,1,0,0
4221.9,1,1,16.88,19.53,141.91,0,4,0,0,0
961.23,1,7,7.75,22.78,114.54,0,22,0,0,1
8919.83,0,0,7.59,20.7,4.7,0,4,0,0,0
3649.04,0,0,3.42,21.5,55.08,0,13,0,0,0
12081.77,0,1,6.98,25.56,27.72,0,5,0,0,0
4539.34,1,0,16.28,3.67,147.32,0,19,0,0,0
1078.87,1,2,39.1,9.62,122.3,0,4,0,0,0
4955.64,0,0,5.04,71.41,104.92,0,21,0,1,0
6124.86,0,2,33.04,10.69,89.98,0,8,0,0,0
1812.34,0,0,10.19,3.09,26.43,0,9,8,0,0
740.93,0,4,4.95,4.07,99.39,0,22,0,1,1
3464.4,1,0,38.23,11.31,19.65,0,0,1,0,1
116687.55,0,2,30.61,1.57,46.23,0,7,0,0,0
9613.15,1,0,8.62,25.39,47.09,0,13,0,0,0
2085.62,0,0,7.19,10.33,41.69,0,1,0,0,1
17581.48,0,4,9.98,18.11,93.74,0,19,0,0,0
374.59,0,1,15.68,18.38,272.48,0,11,0,0,0
3586.01,0,0,16.46,100.0,85.83,1,16,0,0,0
13087.24,0,4,6.16,31.82,0.63,0,1,1,0,0
1286.52,1,0,100.0,9.77,94.16,0,8,0,0,1
2672.58,0,0,0.34,22.39,48.92,0,5,0,0,0
2094.28,0,1,14.85,17.46,178.53,0,0,1,0,0
116536.2,0,1,2.14,2.69,31.15,0,2,0,1,1
4002.29,0,2,10.85,7.13,96.23,0,13,0,0,0
857.98,1,1,6.4,29.66,160.09,0,15,0,0,0
2804.64,1,2,3.92,10.77,6.67,0,23,0,0,1
5250.06,0,12,42.71,12.54,61.31,0,19,0,0,0
2527.3,1,9,6.77,4.86,23.21,0,0,2,0,1
1152.62,1,1,47.24,19.51,47.29,0,5,0,0,0
8779.59,1,0,8.64,7.84,42.61,0,16,0,1,0
6504.55,0,2,7.67,84.33,27.43,0,10,0,0,0
1106.34,0,12,87.74,4.03,183.98,0,0,0,0,1
859.11,0,1,30.7,8.17,36.38,0,7,0,0,0
1209.64,1,0,82.35,32.76,179.19,0,10,1,0,0
5406.05,1,3,17.57,37.66,98.12,0,4,0,0,0
4128.1,0,1,13.65,8.04,241.92,0,12,0,0,0
6905.56,0,0,29.86,8.91,39.0,0,0,0,0,0
2261.65,1,0,3.86,19.37,80.77,0,23,0,0,0
1242.98,1,0,51.63,11.69,137.77,0,15,0,0,0
7854.54,0,1,3.73,4.1,228.61,0,15,7,0,0
1801.82,1,0,33.11,26.23,58.12,0,5,0,0,1
3776.48,0,5,15.63,12.86,182.03,0,5,0,0,0
665.19,0,0,8.02,2.75,68.78,0,6,0,0,0
1772.58,0,0,20.74,16.52,17.07,0,22,0,0,1
8598.96,1,3,30.55,4.16,2.21,0,21,0,0,1
1531.08,1,0,25.62,28.46,257.37,0,15,1,1,1
7076.28,0,0,9.6,29.81,192.23,0,9,0,0,1
304.59,0,1,0.59,33.49,6.84,0,1,0,0,0
1791.14,0,3,22.87,27.13,207.15,0,10,1,0,0
2640.29,0,0,20.13,15.43,18.82,0,23,1,0,0
17899.72,0,1,0.99,23.31,41.37,0,18,1,0,0
973.54,0,2,20.91,100.0,141.31,0,15,0,0,0
6130.27,0,0,1.51,61.99,66.53,0,19,0,0,0
9017.58,0,1,2.36,50.06,35.77,0,13,1,0,0
1523.11,0,1,32.93,39.2,7.53,0,15,0,0,0
2157.01,1,0,5.7,7.41,67.61,0,9,1,0,0
3610.6,0,1,23.08,13.39,60.51,0,0,0,0,0
712.31,0,0,8.99,5.41,298.67,0,13,1,0,1
1988.02,1,2,3.52,22.4,6.25,0,3,0,0,0
11227.39,0,0,24.71,41.2,2484.63,1,8,0,0,1
5285.14,0,0,57.92,16.98,144.34,0,14,0,0,0
2679.13,0,0,36.67,14.2,3495.92,1,15,0,0,0
3508.95,0,2,34.07,6.14,257.76,0,7,0,0,0
5602.15,0,0,5.03,4.25,59.92,0,21,0,0,0
6784.6,0,2,12.14,1.18,165.19,0,17,0,0,0
1796.48,0,1,45.61,21.21,73.43,0,5,1,0,0
14540.9,0,0,86.1,6.05,35.17,0,13,0,0,0
11688.35,0,2,31.45,19.23,99.98,0,17,7,0,0
6168.79,0,2,55.88,6.05,48.88,0,9,0,0,1
1348.89,0,3,13.41,6.31,131.27,0,22,6,0,0
1129.78,0,7,16.87,19.56,21.21,0,20,0,0,0
155299.41,1,9,35.38,23.0,22.18,0,3,1,0,1
3330.12,0,8,25.77,14.72,126.58,0,11,0,0,0
534.59,0,3,15.68,19.5,19.54,0,4,0,0,0
140139.96,0,1,11.05,39.86,26.22,0,15,0,0,0
11355.55,0,0,40.38,8.37,158.99,0,22,1,0,0
5577.38,1,11,92.33,20.53,247.13,0,4,0,0,1
1593.91,0,3,26.54,10.27,139.63,0,21,0,0,1
1416.01,0,0,1.86,3.3,133.01,0,7,0,0,1
4229.56,1,2,5.67,23.37,29.4,0,3,0,0,0
2688.39,1,1,68.56,14.57,27.98,0,11,0,0,1
4880.69,1,5,15.44,34.74,66.27,0,18,0,1,0
5719.98,0,1,5.92,12.91,23.16,0,7,0,0,0
9338.4,0,1,12.85,20.47,347.46,0,22,1,1,0
1010.17,1,1,14.02,14.35,110.88,0,20,0,0,0
3911.28,0,2,25.22,12.72,34.5,0,3,0,1,0
2178.79,0,2,2.7,13.85,186.04,0,5,1,0,0
2839.45,1,0,95.72,6.92,142.29,0,9,0,0,1
7438.38,0,2,18.63,18.65,114.18,0,21,0,0,0
8292.66,0,0,20.13,23.9,58.95,0,22,0,1,0
12688.4,0,0,4.83,8.96,38.24,0,5,2,1,1
4796.25,0,1,3.19,82.61,44.64,0,18,0,0,0
2807.31,0,6,4.67,1.99,27.72,0,7,0,0,1
2433.59,1,1,22.2,73.8,1609.03,1,18,1,0,1
552.94,0,1,8.14,9.7,86.05,0,16,1,1,0
11964.93,0,1,28.28,35.4,106.07,0,6,0,0,0
2271.29,0,1,3.5,4.78,67.12,1,5,0,0,1
5197.31,0,1,21.77,23.73,436.14,0,17,0,0,0
45946.33,0,1,36.96,67.29,67.56,0,11,1,0,0
41520.38,1,2,33.81,43.14,44.35,0,15,0,0,1
1244.7,0,1,30.57,14.04,47.12,0,6,0,0,0
14720.85,0,2,26.79,8.29,57.81,0,23,0,1,1
4189.91,1,1,4.33,10.9,242.5,0,19,0,1,0
1753.58,0,2,6.91,56.5,99.98,0,2,0,1,0
2761.84,1,0,6.87,35.51,99.64,0,1,0,0,0
9285.76,0,0,12.19,36.5,60.05,0,4,0,0,0
7976.97,0,0,31.19,4.37,216.29,0,2,0,0,0
723.37,1,9,17.74,6.37,326.11,0,2,0,0,1
16063.16,0,0,4.02,11.96,143.4,0,14,0,0,0
8234.99,0,7,26.06,19.19,46.2,0,15,0,1,0
2690.61,0,0,36.47,53.43,114.33,0,14,0,0,0
951.73,1,1,11.55,3.09,150.95,0,11,0,0,0
8991.26,0,0,36.12,4.77,151.46,0,10,0,0,0
5046.39,0,0,12.43,12.44,132.58,0,13,0,0,0
729.38,1,3,12.39,9.73,13.27,0,8,0,0,0
2484.74,1,1,28.17,68.02,146.06,0,7,0,0,0
71408.55,0,11,2.8,19.39,194.94,0,20,0,0,1
3185.94,0,1,26.53,20.88,18.02,0,1,0,0,0
1492.23,0,0,26.07,24.27,30.14,0,12,1,0,0
1143.1,0,2,28.51,8.89,20.33,0,8,0,0,0
18436.71,0,1,46.85,5.36,149.86,0,15,1,1,0
7315.56,0,12,70.68,23.97,51.13,0,16,1,0,1
12803.06,0,0,43.31,48.74,29.32,0,20,0,0,1
4016.58,0,0,63.31,1.97,298.44,0,10,0,0,0
10982.07,1,1,8.92,14.1,199.5,0,16,5,0,0
1341.68,0,2,23.56,30.03,24.42,0,10,0,0,0
78042.22,1,1,9.97,17.41,442.92,1,16,1,0,1
41721.87,1,0,25.47,20.65,81.95,0,10,0,1,0
12487.04,0,4,34.36,17.07,48.63,0,2,0,0,0
4310.65,1,3,5.08,20.17,29.43,0,16,6,1,0
1676.54,1,2,46.43,15.32,64.05,0,4,0,0,0
3341.16,0,1,76.94,77.72,99.85,0,12,1,0,0
586.16,1,0,3.99,21.88,79.14,0,0,0,0,0
307.67,0,0,3.31,8.64,461.89,0,19,1,0,0
7196.44,1,1,8.0,38.17,194.35,0,9,3,0,0
2154.38,0,2,10.25,12.14,43.68,0,1,1,0,0
2412.9,0,1,6.06,82.99,186.66,0,4,0,0,0
7193.6,0,2,21.48,8.52,191.58,0,10,1,1,1
12670.23,1,1,17.85,41.04,11.55,0,13,0,0,0
5348.05,0,0,22.58,10.18,89.18,0,12,1,0,0
21548.74,0,1,25.82,39.56,236.06,0,7,0,0,0
5180.67,0,1,30.47,21.29,36.6,0,6,0,1,0
4239.55,0,6,15.55,28.97,21.56,0,0,0,0,0
3985.38,1,0,39.22,16.56,49.74,0,4,0,1,0
102842.96,1,3,5.46,41.63,62.52,0,22,0,0,1
125108.33,0,1,26.49,9.49,67.21,0,17,0,0,0
271.66,0,1,32.51,13.16,129.05,0,2,0,0,0
1743.67,0,2,16.8,40.22,206.74,1,18,0,1,0
3206.48,0,1,64.73,13.34,470.82,0,19,1,0,0
1422.59,1,0,19.41,17.69,3653.73,1,2,0,0,0
1994.69,1,3,24.34,17.5,206.57,0,9,0,0,0
19719.74,0,9,27.63,19.59,47.39,0,23,1,0,1
9452.4,0,1,3.6,7.81,77.56,0,0,0,0,0
140541.74,0,3,1.17,97.41,67.53,0,0,0,0,1
1959.48,0,2,14.57,15.08,51.96,0,4,0,0,0
873.93,0,1,35.64,95.5,16.75,0,16,0,0,0
6342.28,1,1,17.49,3.79,162.22,0,9,0,0,0
2441.23,0,1,67.71,14.24,280.11,0,16,0,0,0
438.58,1,4,12.38,68.71,52.57,0,15,0,0,0
3466.09,0,0,8.07,19.1,67.52,0,21,0,0,0
4860.9,0,3,7.32,83.14,85.83,0,7,0,0,0
8210.27,0,0,0.68,14.17,339.55,0,1,0,0,0
2912.15,0,0,0.75,26.72,92.1,1,18,0,0,0
2158.85,0,1,15.03,28.18,38.58,0,17,0,0,0
22839.91,0,11,6.27,19.13,2174.08,1,4,0,0,1
3154.5,1,0,78.81,16.35,135.02,0,23,0,0,0
6435.35,0,1,47.31,3.27,103.91,0,23,0,0,0
1827.05,1,0,1.33,42.26,1.27,0,6,5,0,0
6247.33,1,0,12.6,13.05,24.73,0,17,0,0,1
730.97,0,0,20.33,13.87,138.1,0,1,1,0,0
1974.23,0,1,10.57,17.68,205.91,0,15,0,0,0
936.1,0,2,24.41,20.91,96.27,0,7,0,0,1
81367.54,0,2,65.79,23.63,0.28,0,3,0,0,1
10943.16,1,1,4.11,77.0,2176.77,1,4,2,0,0
1698.79,1,1,22.71,43.79,70.36,0,10,0,0,1
155191.27,0,2,18.37,2.6,89.07,0,17,0,0,0
14289.28,0,1,2.13,17.85,43.45,0,12,0,0,0
3048.55,1,1,3.82,12.23,60.87,0,0,0,0,0
8465.61,1,13,22.78,23.05,160.23,1,18,0,0,1
5329.89,0,1,17.0,66.82,22.95,0,7,0,0,0
31499.32,1,0,1.33,15.32,263.36,0,17,1,0,0
6636.34,0,1,15.63,27.17,223.92,0,16,0,1,0
19730.84,0,0,32.09,29.34,20.66,0,21,0,0,0
1656.95,0,2,30.2,15.55,123.43,0,17,0,0,0
1200.87,0,0,1.08,13.18,267.71,0,18,1,0,0
1132.39,1,1,4.05,9.29,92.48,0,6,0,0,0
8471.2,0,1,20.67,26.93,6.13,0,13,7,0,1
9695.02,0,3,56.06,7.41,3516.73,1,2,0,0,1
1831.63,0,1,35.38,12.71,229.32,0,4,7,1,1
370.18,0,4,45.09,35.41,41.52,0,10,0,0,0
1595.98,0,1,9.51,10.64,84.1,0,10,0,0,0
5420.02,0,4,23.77,65.09,3747.12,1,21,1,0,1
2931.52,1,2,70.39,92.42,63.71,0,20,0,0,1
3753.14,0,0,75.92,7.51,80.13,0,9,0,0,1
1856.88,1,1,2.72,41.43,6.55,0,19,1,0,0
8639.41,0,3,25.93,2.88,40.18,0,17,0,0,0
4416.89,1,1,8.82,8.72,229.93,0,8,3,0,0
31326.6,1,1,16.1,41.39,3306.56,1,20,0,0,1
3674.11,0,6,22.34,8.55,7.92,0,1,1,0,1
5294.21,0,5,14.68,25.49,155.95,0,15,0,0,0
4957.08,1,1,92.86,17.03,96.94,0,22,0,1,1
1238.83,0,0,4.66,4.78,0.25,0,12,0,1,1
4550.82,1,1,25.27,10.4,314.78,0,1,1,0,0
6915.41,0,1,7.82,21.67,78.61,0,2,1,1,0
50998.51,0,0,7.69,16.83,33.85,0,10,0,1,1
4750.98,0,0,12.43,24.05,41.23,0,21,1,0,0
1193.62,1,1,8.97,27.86,6.53,0,12,0,0,0
1392.26,0,1,1.28,83.31,156.14,0,4,0,0,0
2028.09,1,2,55.62,14.65,113.42,0,9,0,0,1
3787.51,1,0,25.59,25.28,43.41,0,0,0,0,0
2773.22,0,1,2.28,20.92,165.02,0,4,0,0,0
1018.69,0,1,27.9,4.46,94.95,0,21,0,0,0
1012.6,0,0,18.82,20.76,261.31,0,16,0,0,0
136638.95,0,0,26.86,18.06,172.27,0,7,0,0,1
138.45,1,0,6.46,15.84,115.65,0,10,1,1,0
2746.87,0,0,4.44,27.54,78.94,0,11,0,1,0
31895.82,0,0,3.77,18.08,61.87,0,23,0,0,0
18897.4,1,3,18.62,28.21,28.76,0,3,1,0,0
1178.23,0,0,36.79,28.14,24.72,0,10,0,0,0
3640.6,0,1,8.19,27.53,1665.88,1,9,1,0,0
724.46,0,2,21.44,8.64,128.21,0,22,0,1,0
843.78,0,3,26.07,6.61,15.06,0,7,0,0,1
946.27,1,0,84.55,23.66,21.8,0,3,5,0,1
2501.14,0,1,45.3,19.65,1754.36,1,12,1,1,1
2611.14,0,1,30.87,14.32,72.93,0,11,0,0,0
4034.76,0,0,21.59,51.65,50.31,0,1,6,0,0
6082.78,0,2,7.49,10.55,113.95,0,0,2,1,0
2237.51,0,6,13.95,16.81,22.61,0,3,0,1,1
3249.32,0,1,27.69,8.58,162.07,0,21,0,0,0
1049.62,1,0,3.11,35.44,70.08,0,6,0,0,0
816.89,1,1,9.63,18.74,212.58,0,6,0,0,0
699.96,0,0,15.56,12.03,3.87,0,9,0,0,0
5998.4,1,1,17.13,25.71,62.94,0,2,0,0,1
2235.21,0,7,13.64,27.04,174.95,0,23,0,1,1
482.45,1,0,30.6,6.1,44.7,0,22,0,0,0
2942.19,0,3,54.69,53.79,110.58,0,13,0,1,0
898.91,0,1,40.99,20.21,86.55,0,19,0,1,0
171673.48,0,5,34.63,22.42,23.08,0,2,0,0,1
1756.68,0,3,10.66,39.86,25.43,0,17,6,0,0
6195.05,1,8,6.99,18.8,222.84,0,17,1,0,0
9311.1,0,2,9.13,6.25,156.79,0,4,6,0,1
1206.01,0,3,4.68,13.65,52.88,0,21,1,0,0
3381.41,0,1,8.63,5.72,73.76,0,10,0,0,0
5450.53,1,1,14.9,1.94,100.03,0,17,0,0,0
3517.64,1,2,20.81,44.36,10.05,0,20,0,0,1
4496.71,0,1,20.03,0.63,137.33,0,21,0,0,0
148217.18,0,1,17.5,17.39,228.59,0,17,0,0,1
5453.63,0,0,26.15,12.62,3665.96,1,21,1,0,1
1927.22,1,1,32.93,78.58,46.32,0,2,0,0,0
4444.63,1,3,23.08,9.73,441.06,0,1,0,0,0
7863.51,0,0,5.72,13.79,20.18,0,15,0,0,0
6116.89,1,3,14.11,48.61,46.29,0,6,6,1,1
4441.38,0,0,33.1,63.83,7.77,0,19,5,1,1
5955.84,1,2,19.78,0.56,24.17,0,21,0,1,0
6237.98,0,1,18.16,15.77,224.26,0,0,0,0,0
13981.65,0,1,43.56,9.04,198.66,0,5,0,0,0
3028.88,0,0,29.27,11.79,101.08,0,17,1,1,0
3692.12,0,0,25.52,11.65,20.53,0,17,0,0,0
7959.06,1,1,23.64,20.73,14.68,0,21,0,0,0
1919.1,0,1,15.41,4.04,253.1,0,2,0,0,0
824.46,1,0,17.63,13.39,120.66,0,11,0,0,0
82855.12,1,2,26.37,10.88,250.9,0,12,0,0,1
2550.33,1,1,7.32,11.05,41.68,0,17,1,0,0
936.8,1,1,12.71,35.08,40.35,0,0,1,0,1
5169.56,0,1,6.27,18.33,2981.04,1,6,1,0,0
13110.03,0,9,21.47,17.03,10.63,0,12,1,0,1
614.16,0,1,3.99,32.93,207.14,0,14,0,0,1
8710.85,0,1,8.41,10.5,148.97,0,19,0,1,0
247.88,1,3,14.95,33.09,30.36,0,17,0,1,1
2100.04,0,1,31.6,63.6,545.14,0,19,1,0,0
19742.24,0,0,2.56,8.54,31.39,0,15,0,0,0
132537.15,0,3,4.49,3.69,91.96,0,21,1,0,0
3428.71,0,7,20.5,16.05,95.55,0,3,1,0,1
6720.15,1,0,51.47,41.21,218.49,0,22,0,0,0
563.14,0,1,31.53,3.77,4203.25,1,16,1,1,0
3368.07,1,0,92.9,37.89,252.89,0,4,0,1,1
3341.63,1,0,24.34,31.12,122.22,0,17,1,0,1
20177.45,1,1,24.25,31.45,5.32,0,1,1,0,0
910.74,0,2,8.96,0.63,246.1,0,20,0,0,0
2139.79,1,11,17.35,26.1,22.6,0,22,0,0,1
1238.49,0,0,4.31,100.0,1.39,0,22,0,0,0
1113.86,0,0,2.62,16.15,107.56,0,15,1,0,0
9675.99,1,3,10.7,4.94,61.73,0,2,0,0,0
3218.44,1,2,6.71,13.07,5.59,0,17,1,0,0
37917.18,0,0,31.31,5.15,35.34,0,14,1,0,0
1867.12,1,1,4.86,18.29,333.92,0,8,1,0,1
1784.28,0,1,41.36,6.88,141.24,0,8,0,0,0
1951.19,0,1,20.77,20.51,159.77,0,20,0,1,0
884.97,1,3,16.56,3.52,409.42,0,10,0,0,0
2419.39,0,2,9.54,25.95,59.61,0,20,0,0,0
2188.11,1,1,14.67,9.32,15.44,0,10,0,0,0
1468.8,0,1,11.18,30.45,112.57,0,3,0,0,0
3659.37,1,2,20.07,2.28,180.27,0,8,1,0,0
3983.39,1,0,0.34,4.45,13.57,0,18,1,1,0
1796.06,1,0,9.01,2.1,51.99,0,17,1,0,0
2713.15,0,0,1.0,34.75,1.9,0,11,0,0,0
27136.2,1,0,20.46,13.85,71.95,0,20,0,0,1
26119.39,0,1,11.79,8.36,10.55,0,20,4,0,1
1092.16,1,3,5.52,0.69,20.29,0,15,0,1,0
1255.83,0,1,45.49,19.26,34.91,0,20,0,0,0
75193.93,0,0,17.42,13.25,12.68,0,2,1,1,0
9018.69,1,0,3.77,27.55,1488.78,1,22,2,0,0
2103.74,0,0,3.43,20.59,29.13,0,2,0,0,0
3982.54,0,3,57.0,8.38,19.8,0,10,0,0,0
152673.24,1,4,15.03,8.62,162.51,0,10,0,0,1
3101.17,0,1,21.96,8.16,14.33,0,23,0,1,0
6350.25,0,0,13.97,1.19,106.65,0,0,0,0,0
5273.35,0,3,54.95,47.68,64.17,0,2,2,1,1
1740.25,0,0,30.0,13.28,100.39,0,19,0,0,0
9037.72,0,0,25.16,70.22,38.13,0,10,1,0,0
1339.83,0,9,50.18,22.23,186.0,0,6,0,1,1
11966.66,0,1,11.74,2.35,257.7,0,4,2,1,0
1741.58,0,0,5.39,35.54,30.84,0,13,0,0,1
1943.09,0,1,23.9,47.54,4561.97,1,13,0,1,1
1055.23,1,2,72.81,78.86,16.62,0,23,1,0,1
1243.57,1,2,100.0,57.33,19.76,0,7,0,0,0
2045.17,0,2,12.71,69.38,81.59,0,7,0,0,0
275.52,0,0,16.79,42.4,352.0,0,21,1,0,0
2481.62,1,0,5.95,3.18,78.14,0,17,1,1,0
75860.77,0,0,100.0,18.63,73.98,0,18,0,0,1
6905.07,0,1,10.04,58.81,77.11,0,21,0,1,0
4783.75,0,5,19.51,34.46,153.85,0,11,0,0,0
1544.36,0,1,24.47,37.0,131.76,0,9,3,1,0
1981.18,1,1,7.3,12.44,392.99,0,22,1,0,0
125602.37,1,0,2.34,5.64,52.41,0,7,0,0,0
13848.84,1,4,5.05,7.09,76.57,0,13,0,0,1
58916.7,0,0,16.28,57.03,68.05,0,17,0,0,0
1525.75,0,3,19.77,10.24,165.28,0,16,1,0,0
1013.75,0,1,26.73,19.0,540.88,0,1,0,1,1
711.92,0,1,93.68,10.08,106.41,0,17,0,0,1
4259.91,0,1,47.56,72.93,2287.42,1,0,3,0,1
137053.46,1,2,27.14,62.48,21.88,0,3,0,0,1
11302.3,0,1,13.76,15.49,204.42,0,13,6,1,0
127383.63,1,0,6.1,56.12,50.47,0,4,0,0,1
34444.92,0,14,6.51,66.06,3.27,0,0,0,0,1
2910.64,0,1,40.96,21.41,3826.95,1,14,0,0,0
2415.04,1,1,22.85,7.61,489.62,0,9,0,0,0
853.87,1,2,59.46,4.08,110.71,0,21,1,1,0
6289.13,0,2,15.0,9.43,177.87,0,22,0,1,0
3528.17,0,2,18.34,53.12,206.59,0,9,0,0,0
6010.52,0,2,27.21,10.09,232.16,0,2,0,0,0
1003.13,0,0,23.08,21.44,86.28,1,23,0,0,1
4454.21,0,2,11.18,17.25,170.58,0,13,0,1,0
3847.58,0,2,90.63,14.82,305.33,0,14,1,0,0
3601.25,0,0,26.97,2.26,51.39,0,0,0,0,0
1582.46,0,1,8.47,20.41,19.82,0,14,1,0,0
51720.85,1,1,17.95,10.47,8.37,0,4,0,0,1
24350.5,1,0,10.32,4.46,46.53,0,17,0,0,0
1032.41,0,1,7.14,7.42,193.75,0,14,1,0,0
6441.03,0,2,27.53,19.79,3031.61,1,21,2,1,1
176.29,0,0,17.74,6.36,306.82,0,12,1,0,0
6115.67,1,0,4.71,5.94,18.48,0,11,0,1,1
482.92,1,1,16.85,7.89,58.54,0,14,1,0,0
1853.87,1,0,2.74,10.15,9.62,0,18,0,1,0
843.01,0,0,59.86,48.62,164.73,0,6,0,0,0
132533.11,0,1,69.12,6.07,145.03,0,8,0,0,1
7250.27,0,9,19.28,14.26,191.26,0,8,1,0,0
489.16,0,2,21.83,36.93,80.86,0,0,0,0,1
2187.51,1,1,26.79,3.39,46.96,0,20,0,0,0
61899.07,0,2,13.0,17.94,168.64,0,10,0,0,1
15230.4,0,2,73.87,8.74,194.43,0,6,1,0,0
4825.94,0,1,25.96,11.33,130.31,0,19,0,0,0
965.63,0,0,11.41,8.84,23.24,0,15,0,0,0
1956.1,0,1,1.11,25.44,36.87,0,12,2,0,0
14855.18,0,2,5.44,12.96,2914.16,1,5,0,0,1
6402.0,1,2,21.65,9.2,198.91,0,14,2,0,0
1251.09,1,2,16.61,48.99,77.16,0,18,0,0,0
2399.29,1,2,9.23,2.86,208.93,0,0,1,0,0
2477.22,1,2,29.66,22.19,16.59,0,18,0,1,0
1829.9,1,2,18.93,13.39,6.71,0,13,0,0,0
566.68,0,1,14.23,24.96,2.68,0,21,0,0,0
1591.41,0,0,17.73,13.69,81.24,0,16,0,0,0
12571.65,0,1,14.04,83.51,3.22,0,4,0,1,0
2140.63,0,4,33.36,15.25,129.17,0,10,0,0,0
2826.36,0,1,8.32,73.58,185.84,0,12,0,0,0
3606.62,0,0,32.63,23.12,105.86,0,21,0,0,0
28800.31,1,0,48.14,11.53,167.07,0,3,1,0,0
3161.73,0,2,23.9,8.17,210.09,1,23,0,0,0
9357.61,0,3,24.05,39.07,225.4,0,10,0,0,1
1723.0,0,1,58.54,15.08,176.44,0,1,0,0,1
2417.77,0,2,46.9,40.34,37.12,0,16,0,1,1
3173.38,1,1,7.2,16.52,310.28,0,18,0,0,0
1445.0,0,1,38.34,20.96,252.31,0,4,1,0,1
2556.21,1,3,39.54,48.51,91.5,0,14,0,0,0
7616.34,1,3,3.59,79.47,11.6,0,11,0,1,1
1407.59,0,8,28.05,45.07,3403.51,1,21,0,0,1
3134.07,0,0,14.62,5.22,372.11,0,23,0,0,0
6366.04,0,0,18.76,44.52,133.96,0,4,0,1,0
131778.07,0,1,5.14,30.7,197.06,0,4,0,1,1
9371.36,0,2,8.02,8.9,37.14,0,17,0,0,0
3370.73,1,0,1.59,8.34,7.14,0,6,7,0,0
2656.8,0,1,4.97,26.57,27.03,0,19,0,0,0
420.67,1,1,10.92,12.36,100.05,0,6,1,0,0
2156.81,0,0,5.26,23.5,84.15,0,1,1,0,1
4544.13,1,0,10.43,3.17,177.86,0,18,0,0,0
17949.99,0,3,3.07,43.08,105.92,0,7,0,0,0
5529.7,0,0,30.14,3.67,227.56,0,21,0,0,0
9664.52,0,1,1.59,67.56,10.38,0,13,0,0,0
935.33,0,1,36.62,14.32,18.32,0,19,0,0,0
2760.53,1,1,7.5,9.2,14.36,0,18,0,0,1
10622.68,0,1,18.99,24.11,132.27,0,13,1,0,0
1289.83,0,0,70.34,12.94,43.69,0,0,0,1,0
8227.38,0,0,14.79,10.13,334.73,0,1,0,0,0
6524.49,0,0,26.38,9.64,123.01,0,2,1,0,0
4124.6,0,3,20.06,12.07,34.04,0,8,1,0,0
2255.88,0,2,14.36,25.06,505.31,0,5,0,0,1
1168.77,0,0,10.96,15.93,182.93,0,4,0,0,0
18497.29,0,10,9.25,12.41,55.31,0,14,1,0,0
5895.02,0,0,35.51,14.32,3.57,0,10,0,0,0
4405.53,1,1,13.46,27.55,356.24,0,4,0,0,0
2073.83,0,1,25.49,2.52,218.77,0,9,0,0,0
3254.75,1,2,27.35,13.75,1.61,0,0,0,0,0
3694.93,0,0,11.17,27.67,206.64,0,19,0,0,0
4674.49,0,2,15.46,39.91,265.54,0,15,0,0,0
72477.83,0,1,43.61,6.91,3348.02,1,16,0,1,1
1433.0,0,0,17.36,3.67,222.23,0,2,0,0,0
723.0,0,1,73.27,17.44,6.1,0,17,0,0,0
3409.36,0,2,27.96,1.89,2445.14,1,12,0,0,1
546.09,0,0,40.25,23.86,15.92,0,23,0,0,0
2267.29,1,2,21.86,10.86,54.9,0,4,0,0,0
1883.36,0,0,17.09,52.98,145.13,0,14,1,0,0
5124.29,0,12,19.7,10.26,4436.92,1,8,0,0,1
22756.29,0,1,28.11,14.53,491.32,0,18,0,0,0
448.28,0,0,14.4,40.06,24.57,0,18,0,0,0
30460.47,1,0,18.44,5.8,529.36,0,2,0,0,0
2482.26,0,11,21.05,16.38,129.96,0,17,1,0,1
4437.33,0,4,8.57,30.66,2314.89,1,2,0,0,1
761.41,0,2,18.03,15.3,85.41,0,17,0,0,0
8491.93,0,0,30.07,9.63,2370.43,1,5,0,0,1
152372.5,1,0,15.05,20.36,394.28,0,21,1,1,0
2946.97,0,1,5.53,5.97,17.48,0,15,0,0,0
451.52,1,1,49.83,7.82,3.38,0,3,0,0,0
3373.81,0,2,26.41,6.71,53.21,0,8,0,0,0
7301.45,1,1,27.5,29.94,10.96,1,8,1,0,0
2474.32,0,1,26.46,12.21,115.53,0,21,0,0,0
10139.55,0,4,15.15,12.28,2.32,0,8,1,0,0
9729.28,1,5,2.13,25.86,73.15,0,2,0,0,1
1650.62,0,1,15.15,12.5,117.46,0,8,0,0,0
15446.13,0,0,17.44,5.38,98.62,0,10,1,0,0
3279.0,1,0,18.96,18.57,27.12,0,21,0,0,0
3293.63,0,2,12.1,25.2,5.19,0,7,1,1,0
3459.85,1,0,12.3,15.02,530.42,0,22,1,0,0
3358.72,1,1,12.06,3.59,158.31,0,8,0,0,1
225.85,1,0,9.37,11.54,210.56,0,15,1,0,0
2603.19,1,3,1.19,6.77,0.44,0,17,0,0,0
801.15,0,3,2.35,10.12,11.13,0,8,0,0,0
15936.0,0,0,6.55,10.42,8.04,0,12,1,0,0
15307.27,0,1,12.84,79.42,100.87,0,1,0,0,0
7346.2,0,0,15.05,18.63,362.4,0,3,0,0,0
2468.91,1,0,15.15,73.27,0.14,0,5,0,0,1
1143.66,0,1,46.56,45.88,283.47,1,2,1,0,1
1623.63,0,1,6.53,36.46,182.98,0,10,1,1,1
21864.99,0,4,20.14,10.65,114.37,0,8,0,0,0
29801.25,0,0,10.16,9.33,4091.69,1,22,1,0,0
297.2,1,0,17.87,44.03,250.95,0,8,0,1,0
8779.42,0,1,1.04,51.14,10.74,0,17,1,0,0
14051.76,0,2,66.33,13.52,242.61,0,22,0,0,1
16468.68,1,3,5.95,13.17,274.17,0,19,0,0,0
8851.55,1,0,19.02,5.03,66.54,0,8,0,1,0
10420.39,0,1,29.21,18.29,105.33,0,15,0,0,0
3304.15,1,2,1.94,3.39,6.66,0,7,0,0,0
392.96,0,0,38.99,93.31,46.31,0,9,0,0,0
3222.4,1,0,4.53,25.55,231.37,0,1,2,0,0
5834.67,0,8,86.44,6.42,85.51,0,0,1,1,1
2737.31,0,11,15.44,10.43,7.07,0,12,3,0,0
2615.38,1,5,13.4,12.45,4.57,0,10,0,0,0
1194.98,0,1,5.34,68.88,28.69,0,7,1,0,0
1150.86,0,1,10.96,39.19,28.51,0,15,0,0,0
19695.56,0,1,41.34,65.12,70.38,0,16,0,1,1
20421.56,0,2,4.8,9.08,16.02,0,6,0,0,0
3125.51,0,2,34.75,32.75,18.37,0,3,0,1,1
4152.74,0,0,24.87,10.6,63.58,0,21,0,1,0
1175.14,0,2,17.47,23.86,27.6,0,18,0,0,0
5958.5,1,0,56.65,28.75,143.73,0,19,0,1,0
18208.6,1,0,7.5,31.72,73.71,0,14,0,0,0
679.1,0,1,67.89,18.38,222.33,0,14,0,0,0
4983.48,0,3,5.18,42.53,30.7,0,7,7,1,0
146861.07,0,1,11.74,13.08,37.2,0,7,0,0,0
5311.38,0,0,36.27,64.82,104.95,0,17,0,0,0
16200.83,1,1,23.43,63.37,158.5,0,19,8,0,1
24005.02,0,0,31.76,5.52,106.69,0,19,3,1,1
2481.25,0,3,61.5,19.48,28.28,0,8,0,0,0
87298.14,0,2,8.44,7.41,56.76,0,18,0,0,1
114764.85,0,1,17.67,6.85,157.02,0,6,0,0,0
1665.51,1,9,10.67,12.17,31.54,0,23,0,0,1
4108.5,1,1,28.18,26.03,35.63,0,14,0,0,0
6133.37,0,4,6.92,12.13,135.82,0,17,0,0,0
3892.97,0,0,38.46,2.45,101.01,0,4,0,0,0
1298.31,1,2,7.98,29.98,301.27,0,8,0,1,0
1971.28,0,11,17.59,7.44,64.56,0,12,0,0,0
1986.43,1,0,5.65,11.06,181.48,0,1,1,0,0
1349.59,1,3,55.42,24.08,156.9,0,6,0,0,0
4287.85,0,1,1.7,4.53,15.03,0,16,0,0,0
136825.39,1,1,11.97,59.42,3200.09,1,17,0,0,1
8345.83,0,1,16.28,6.68,99.46,0,17,1,0,0
1329.26,1,0,42.62,3.85,77.69,0,3,0,0,0
129274.3,0,1,21.36,6.56,34.86,0,11,0,0,0
14832.4,0,1,8.9,1.85,68.91,0,20,1,0,0
2658.46,0,11,19.82,2.94,170.12,0,7,0,0,0
3229.66,0,2,9.15,76.02,53.64,0,2,1,0,0
2630.41,0,3,96.31,31.64,253.41,0,17,0,0,1
9730.6,0,3,9.57,14.09,20.19,0,5,0,0,0
10115.34,0,0,18.86,21.16,115.49,0,6,0,1,0
9539.61,0,2,1.37,43.49,25.24,0,7,0,0,0
3218.17,0,2,31.82,27.42,42.58,0,2,0,0,0
1309.71,1,1,1.24,3.81,3911.02,1,21,0,0,0
21487.21,1,2,2.2,55.73,44.41,0,6,0,0,0
7378.38,0,1,4.99,26.09,30.83,0,4,0,0,0
105544.44,0,1,1.85,5.31,153.53,0,17,0,0,0
13014.49,1,0,16.5,16.39,198.7,0,20,0,0,0
1834.25,1,1,9.92,16.97,213.24,0,8,0,0,0
12844.92,0,0,7.53,8.92,52.77,0,5,0,0,0
13743.0,1,1,17.53,14.22,50.93,0,5,0,0,0
1247.03,0,0,20.21,27.83,85.8,0,2,0,0,0
5606.93,0,1,15.34,8.42,58.93,0,11,0,0,0
6851.28,1,1,16.98,9.8,26.67,0,19,1,0,0
42826.37,1,1,21.02,15.01,7.92,0,19,0,0,0
1491.74,1,1,5.92,45.57,313.44,0,11,0,0,0
13128.53,0,0,1.41,7.92,11.72,0,10,1,0,0
3188.63,0,1,6.35,12.28,144.17,0,23,0,1,0
67426.78,0,3,12.59,9.65,106.27,0,14,0,0,0
2779.46,0,1,9.54,12.52,9.04,0,4,1,0,0
3141.53,0,2,16.32,6.09,226.62,0,11,0,0,0
31386.77,0,2,5.02,11.92,82.76,0,15,0,0,0
4281.99,0,2,6.32,4.98,158.33,0,13,0,1,0
8166.61,1,0,10.72,74.37,173.83,0,4,0,0,1
3976.67,0,0,52.11,32.23,162.64,0,16,1,0,1
1822.85,0,2,0.97,90.04,4050.17,1,0,1,0,1
2701.41,1,2,11.33,33.99,1834.08,1,21,0,0,1
3119.59,0,1,7.42,18.36,186.58,0,8,4,0,0
3894.5,1,0,55.01,73.27,54.01,0,8,1,0,0
9507.45,0,0,10.44,11.78,23.89,0,17,0,0,0
4113.13,0,2,35.45,92.5,90.37,0,22,0,0,1
770.7,1,1,33.45,22.43,122.53,0,11,1,0,0
1785.9,0,8,39.13,1.52,64.76,0,6,3,0,1
3699.75,0,3,23.22,23.97,25.37,0,12,0,0,0
9644.32,1,0,69.45,6.69,36.67,0,22,6,0,0
11474.09,0,1,70.22,21.89,39.08,0,17,0,0,0
18484.45,1,0,57.61,39.33,159.42,0,5,0,1,1
3571.05,1,2,40.28,25.8,12.23,0,10,3,0,0
6723.13,1,8,18.96,4.53,90.56,0,3,0,0,1
731.82,0,1,7.09,8.91,23.84,0,5,0,1,0
4816.88,0,13,4.93,22.08,32.07,0,14,0,0,0
1069.27,1,2,18.59,73.14,606.23,0,6,3,1,1
2943.81,0,0,11.73,11.12,9.96,0,20,6,0,0
64850.4,0,2,5.6,5.27,29.03,1,12,0,0,1
4245.24,0,2,24.61,31.96,34.61,0,22,1,0,0
1321.06,0,2,4.49,41.43,18.42,0,8,0,0,0
4711.63,0,2,28.88,18.14,16.32,0,19,3,0,0
1868.56,0,1,9.89,25.86,20.59,0,1,0,0,1
1199.02,0,2,18.75,17.09,74.6,0,5,1,0,0
25671.57,0,0,93.53,10.16,36.88,0,1,0,0,1
9107.12,1,12,5.65,11.58,40.89,0,22,0,1,0
4427.26,0,4,29.17,33.3,9.6,0,9,1,0,0
2117.89,0,2,71.47,32.61,2988.61,1,21,0,0,1
2296.66,0,0,20.06,56.31,156.7,1,19,0,0,0
44732.53,0,0,4.65,35.1,24.69,0,0,0,0,1
4258.1,1,4,21.9,26.3,141.41,0,5,0,0,0
143.62,1,2,14.95,16.89,21.57,0,5,0,1,1
35275.31,0,1,9.28,9.74,64.63,0,11,0,1,0
3763.34,0,0,75.74,15.61,58.22,0,3,0,0,0
69858.62,0,0,19.92,5.13,69.48,0,14,1,0,0
9290.01,0,0,90.81,6.4,235.23,0,20,0,0,1
4991.06,0,3,23.36,1.16,22.2,0,2,0,1,1
6613.77,0,1,11.03,27.61,92.35,0,13,0,1,0
2051.4,0,1,9.51,3.17,22.74,0,4,0,0,0
916.17,0,4,13.51,9.15,13.45,0,1,0,0,0
4147.38,0,8,9.68,51.51,31.84,0,3,0,0,0
13116.35,0,1,34.79,14.88,284.16,0,6,0,0,0
1639.58,0,15,19.21,10.48,27.5,0,2,0,1,0
1513.19,0,0,18.17,16.2,61.4,0,8,0,0,0
10625.58,0,1,6.57,38.25,36.93,0,7,0,0,0
1983.77,0,9,36.71,4.08,27.95,0,7,0,0,0
2078.58,0,0,35.28,10.79,56.51,0,22,1,0,0
2157.82,0,0,13.18,9.21,70.0,0,20,0,0,0
2936.63,1,1,37.21,22.96,201.14,0,14,0,0,0
649.6,1,1,17.41,19.16,266.38,0,11,0,0,0
1827.42,0,2,4.8,10.61,4585.82,1,13,0,0,0
3945.65,0,1,93.1,37.66,56.48,0,5,0,0,1
3917.61,1,0,0.42,4.5,25.53,0,17,0,0,0
9976.55,1,1,3.52,13.87,56.31,1,8,1,0,1
19720.07,0,3,20.58,7.55,308.55,0,9,1,0,0
14221.12,0,2,32.3,25.39,1.35,0,5,1,1,0
74574.21,0,4,25.41,48.86,87.66,0,2,0,0,1
2700.7,0,3,31.42,3.48,35.18,0,16,0,0,0
1680.64,0,1,78.07,5.86,36.23,0,13,0,0,1
3190.33,0,9,18.26,63.67,7.48,1,6,0,0,1
5628.39,0,3,90.82,8.61,90.02,0,11,0,0,0
7129.08,0,2,24.39,22.98,358.14,0,0,0,0,1
5843.5,0,3,36.73,9.37,230.12,0,1,0,1,1
140910.59,1,0,71.22,6.7,125.79,0,12,0,0,1
6883.36,0,1,5.85,11.47,20.11,0,20,3,1,1
11057.59,0,2,6.9,34.45,369.97,0,11,0,0,0
7556.48,0,0,14.43,41.7,130.12,0,23,1,0,0
3035.06,1,2,5.25,7.8,40.53,0,10,0,0,0
1361.24,0,3,10.83,3.16,186.5,1,6,0,0,0
1329.33,0,1,4.61,43.62,202.06,0,14,0,0,0
1585.7,0,2,8.79,18.63,260.61,0,22,0,0,0
4052.44,1,1,31.04,24.9,65.32,0,11,0,1,1
5270.1,1,1,5.41,21.41,5.37,0,2,0,0,0
761.64,1,1,22.76,11.29,237.92,0,17,1,1,0
1893.16,0,2,5.81,63.2,232.59,0,20,0,1,0
3996.94,0,1,21.73,14.16,173.1,0,14,0,1,0
1274.51,0,0,14.27,22.04,13.84,0,1,0,1,1
4836.29,0,0,19.57,26.85,5.7,0,3,0,0,0
2304.39,1,7,61.95,7.75,4.66,0,23,6,0,1
1520.17,0,2,34.19,38.66,207.21,0,10,0,1,0
3305.05,0,1,14.28,15.34,95.34,0,16,0,0,0
4639.12,1,3,1.85,2.62,67.91,0,12,0,0,0
109588.45,0,1,5.71,9.61,337.38,0,13,1,0,0
2458.7,0,1,20.71,83.89,35.06,0,17,0,0,0
5002.43,0,2,44.16,29.3,65.26,0,21,0,0,0
96037.01,1,2,18.87,33.08,163.7,0,7,0,0,0
597.19,1,0,16.32,10.72,2409.17,1,17,0,0,0
674.13,0,1,11.31,77.37,49.68,0,1,0,1,1
2063.07,1,1,32.69,3.97,17.76,0,12,0,0,0
838.47,1,0,49.51,14.07,381.58,0,6,0,0,0
2213.38,1,2,25.65,36.5,27.56,0,6,0,1,0
16563.27,1,0,1.28,46.46,236.88,0,19,1,0,0
789.5,0,0,10.78,45.59,0.65,0,0,0,0,1
2362.31,1,0,13.94,11.93,196.11,0,19,0,1,1
26431.31,0,0,8.92,20.7,54.49,0,12,0,0,0
4713.24,1,2,20.86,22.24,6.72,0,1,0,0,1
2169.55,0,0,3.53,30.96,112.94,0,6,0,0,1
2678.78,1,0,28.71,15.48,33.82,0,1,0,0,0
4814.38,1,1,13.2,92.04,4359.28,1,22,0,0,1
17081.85,0,1,12.33,17.27,12.22,0,7,0,0,0
1842.99,1,1,34.45,6.59,676.93,0,8,5,1,1
1469.08,0,1,20.9,11.45,87.69,0,8,0,0,0
789.34,0,1,3.27,19.15,27.1,0,20,0,0,0
3474.12,0,2,5.23,13.33,102.13,0,14,0,0,0
768.4,1,9,35.12,28.48,594.67,0,19,0,0,0
1970.84,0,2,17.68,2.63,59.03,0,23,0,0,0
1263.09,0,1,56.43,11.71,137.29,1,15,0,0,0
9173.95,0,2,18.01,8.46,205.33,0,20,0,0,0
1884.85,0,1,44.69,31.73,124.79,0,8,0,1,0
4660.74,0,3,4.44,16.65,126.22,0,22,0,0,0
630.12,1,2,81.38,68.1,75.77,0,7,0,0,0
3574.24,1,3,25.32,9.19,155.82,0,1,1,0,1
940.9,1,1,16.52,11.6,100.3,0,21,0,0,0
2047.45,0,2,16.62,1.52,83.67,0,15,0,0,0
28601.16,1,11,26.3,37.1,146.15,0,4,0,0,0
7959.92,0,0,4.84,29.46,121.57,0,14,0,0,0
2756.14,0,0,11.76,7.47,5.16,0,16,0,0,0
76798.62,0,1,56.54,6.43,150.89,0,22,0,0,0
1254.92,0,0,1.03,22.35,176.18,0,4,0,1,0
10048.88,0,1,55.66,6.14,33.96,0,22,0,1,1
676.77,1,1,19.69,21.96,52.89,0,6,0,0,0
2455.48,0,1,13.4,14.72,37.35,0,23,0,0,0
814.2,0,3,11.65,0.95,107.14,0,5,1,0,0
4053.26,1,0,46.71,15.39,309.4,0,8,0,0,0
3314.2,1,3,33.39,22.71,3773.2,1,21,0,0,1
2303.85,0,4,79.08,51.73,329.13,0,22,0,0,1
40542.45,0,7,0.78,55.4,268.65,0,1,0,0,1
1777.39,0,2,15.48,32.51,89.0,0,2,0,0,0
4345.31,0,0,35.59,3.74,25.34,0,16,0,0,0
7119.23,0,1,8.53,7.84,103.73,0,14,0,0,0
711.08,0,2,4.18,10.41,101.5,0,0,1,0,0
1482.65,1,1,10.15,4.12,44.46,0,9,0,0,0
3307.21,0,9,11.32,64.07,217.15,0,0,0,0,1
5884.95,0,0,11.19,32.66,137.15,0,16,4,0,0
12980.94,0,1,8.26,20.52,271.47,0,18,0,0,0
2525.31,1,1,77.49,4.18,161.72,0,22,0,0,0
65814.34,0,0,23.63,28.84,2384.8,1,22,4,0,1
1309.5,0,0,30.25,93.39,200.31,0,3,0,0,1
4358.94,0,2,6.85,9.34,2230.81,1,11,4,1,1
2328.27,1,7,22.31,14.44,121.76,0,15,0,0,0
2382.65,1,3,5.46,10.34,48.56,0,16,0,0,0
2852.96,0,2,16.21,18.22,46.21,0,21,0,1,0
5440.51,0,1,11.18,5.53,105.05,0,21,0,0,0
1783.39,0,0,6.74,19.91,69.34,0,7,0,0,1
60196.5,0,10,0.17,22.03,234.94,0,23,0,1,1
4825.76,1,2,8.87,10.93,50.15,0,12,0,0,0
152.06,0,9,7.7,9.37,194.22,0,0,1,0,0
1713.55,0,1,33.58,26.62,1681.31,1,9,0,0,0
990.98,1,1,6.24,38.63,16.37,0,15,1,0,0
10438.52,1,1,35.82,33.26,201.83,0,7,0,0,0
2016.4,0,1,23.77,6.38,2700.35,1,17,0,1,0
1788.77,0,0,20.89,11.92,335.43,0,14,0,1,1
2985.07,0,11,9.17,4.94,1620.31,1,18,0,0,1
1727.84,1,1,15.8,68.99,347.87,0,23,1,0,1
2095.09,1,5,9.55,11.65,10.63,0,9,0,0,0
3453.39,1,0,33.12,7.3,226.89,0,4,1,0,0
2054.85,1,2,14.79,23.68,56.38,0,0,0,1,0
2040.16,0,2,3.26,36.01,33.55,0,0,0,0,0
1141.21,0,2,17.58,13.2,291.81,0,2,0,0,0
988.53,0,1,4.47,16.01,150.08,0,11,1,0,0
3329.7,1,2,39.83,12.72,48.44,0,10,0,0,0
4258.19,0,8,21.37,20.58,290.29,0,18,5,0,1
751.33,0,8,4.08,5.58,59.0,0,16,0,0,0
6700.53,0,1,3.19,9.28,93.7,0,21,0,0,0
6728.1,1,0,66.61,24.0,50.37,0,16,0,0,0
8305.63,1,3,5.97,15.59,30.61,0,23,0,0,0
4229.71,1,0,33.07,86.57,55.89,0,13,1,0,0
5925.87,0,2,2.68,20.07,47.66,0,22,0,0,1
27862.19,1,0,10.18,14.45,167.33,0,11,0,0,0
2318.04,1,1,6.73,85.12,277.23,0,0,0,0,0
1101.37,1,1,31.39,30.63,34.22,0,17,0,0,0
675.83,1,3,27.48,71.44,5.92,0,4,1,0,1
18136.36,1,1,100.0,9.73,84.02,0,5,0,0,1
18375.75,1,0,29.55,19.2,108.17,0,19,0,0,1
1243.15,0,2,73.39,16.01,110.53,0,5,0,0,0
102024.29,0,0,4.75,23.85,145.87,0,0,0,1,1
2266.54,0,1,31.54,10.61,78.15,0,20,1,0,0
10660.03,1,2,11.26,4.41,15.14,0,14,5,0,0
864.97,1,3,32.06,5.0,74.21,0,19,1,0,0
438.51,0,5,67.55,23.19,99.67,0,11,1,0,1
27378.53,0,0,10.96,22.07,199.25,0,19,0,0,0
4282.85,1,0,15.64,42.61,58.4,0,6,1,0,0
4936.51,1,1,15.0,16.45,1564.57,1,5,0,0,1
2552.67,1,1,15.0,6.58,58.54,0,10,0,0,0
4992.96,0,2,2.09,76.31,204.25,0,14,0,0,1
689.38,1,2,13.68,11.6,77.44,0,18,0,0,0
1351.65,1,1,4.62,23.39,137.54,0,11,0,0,1
3481.29,0,1,16.74,31.85,15.02,0,9,2,0,0
323.47,0,4,14.63,38.17,201.39,0,18,0,1,0
2315.73,1,3,17.86,3.49,47.91,0,5,0,0,0
2177.29,0,0,5.85,1.95,50.68,0,16,0,0,0
2315.34,0,4,50.61,9.82,10.37,0,4,0,0,0
1806.09,1,1,59.77,34.68,45.06,0,12,5,0,0
1157.6,1,0,26.04,14.38,60.06,0,6,0,0,0
506.72,0,1,14.5,98.06,5.81,0,13,0,0,0
3621.87,1,1,16.13,7.68,173.22,0,5,0,0,0
2321.28,0,3,24.94,13.32,101.5,0,8,0,0,0
792.12,1,8,38.67,41.62,24.7,0,1,1,0,1
3336.02,0,1,53.26,35.08,67.07,0,17,0,1,0
2333.33,1,0,12.54,49.03,10.69,0,16,0,0,0
145032.67,1,0,0.62,8.38,41.69,1,5,5,0,1
362.53,0,1,15.95,30.66,24.71,0,10,0,0,1
6202.87,0,1,42.6,6.7,561.43,0,4,1,1,1
913.19,1,1,12.57,4.26,20.61,0,21,0,1,0
3338.48,0,4,13.22,23.08,2195.17,1,6,0,1,1
1396.51,0,0,22.91,0.98,243.66,0,13,0,0,0
2124.46,0,2,25.51,10.3,252.54,0,1,0,0,0
9919.84,1,0,84.58,7.97,336.78,1,8,1,0,0
5332.73,0,2,18.34,12.92,20.86,0,9,1,0,1
9701.54,0,3,12.68,19.51,150.68,0,23,0,0,0
4360.69,1,1,48.68,5.28,75.35,0,9,1,0,0
4657.08,0,1,3.09,88.17,3805.7,1,19,0,0,1
527.88,0,0,88.41,49.39,325.23,0,0,7,0,1
2281.24,0,0,25.93,15.0,40.1,0,6,0,0,1
156850.44,0,1,34.59,11.02,236.08,0,20,1,1,1
10653.72,0,0,15.2,0.39,424.58,0,6,1,0,0
1888.94,1,1,24.43,12.17,28.54,0,7,0,0,0
4084.11,0,0,6.44,75.8,220.69,0,23,0,1,1
3927.5,1,3,36.78,21.4,320.01,1,10,0,0,0
9973.38,0,10,8.97,13.49,27.47,0,1,0,0,0
2741.49,0,3,16.33,68.13,332.49,0,17,0,0,0
7170.9,0,0,68.8,17.39,29.17,0,19,0,0,0
569.71,0,2,27.89,15.37,59.2,0,8,0,0,0
623.89,1,1,13.21,16.68,16.77,0,3,1,0,0
319.47,0,1,5.66,2.47,52.38,0,13,1,0,0
6877.32,0,0,22.36,18.36,62.88,1,21,0,0,0
6146.68,0,1,8.04,11.05,18.16,0,1,1,0,0
7683.48,1,1,8.02,72.21,305.28,0,15,0,0,0
1591.83,0,2,96.09,15.47,114.42,0,23,0,0,1
1783.71,1,1,3.84,14.07,17.26,0,7,0,1,0
2776.52,0,1,11.34,19.1,273.51,0,7,1,1,0
13275.82,0,1,11.5,53.89,219.98,0,2,0,0,0
17048.68,1,0,0.81,2.47,5.3,0,23,0,0,0
6931.34,0,1,3.38,13.0,252.97,0,6,0,0,0
4363.46,0,3,23.51,64.18,1.95,0,4,1,0,0
11912.97,1,2,3.4,4.6,68.24,0,4,0,1,1
2426.38,0,11,9.75,29.43,51.42,0,15,0,0,0
2119.76,0,10,81.69,6.66,96.7,0,1,1,0,1
2754.46,0,4,15.54,89.2,80.23,0,14,1,0,0
1177.66,0,1,20.65,65.43,123.51,0,17,0,0,0
2630.66,1,1,12.22,10.86,68.77,0,7,0,1,0
1025.15,0,2,79.02,25.47,165.47,0,19,0,0,0
8734.25,1,1,16.18,24.79,148.39,0,15,0,0,0
5397.48,1,1,7.75,9.19,141.26,0,1,1,0,0
13089.46,1,3,15.92,3.49,85.68,0,8,1,0,0
614.44,1,0,16.9,32.13,297.27,0,2,0,0,0
20987.81,1,1,12.49,23.52,18.94,0,1,0,0,0
650.36,0,0,21.7,24.54,180.34,0,4,1,0,0
945.48,0,2,23.06,15.45,196.38,0,20,0,1,0
1684.42,0,3,79.4,6.53,4.52,1,13,1,0,1
11587.95,1,3,1.22,3.04,22.22,0,3,3,0,0
3926.77,0,2,27.67,3.48,124.38,0,6,0,1,0
2455.71,1,2,16.97,20.79,219.77,0,4,0,0,0
1418.52,0,10,7.13,30.78,61.3,0,12,0,1,0
791.61,1,0,36.39,17.45,88.05,0,15,0,1,0
68803.3,0,1,63.71,19.77,136.6,0,23,0,0,1
6964.91,1,1,12.49,3.13,168.13,0,19,0,0,0
12118.04,0,8,11.63,40.93,146.53,0,7,1,1,1
4660.22,0,2,16.56,7.45,7.75,0,5,0,0,0
101557.92,1,0,24.63,7.95,111.22,0,3,0,0,1
902.72,1,9,17.45,10.38,98.44,0,3,0,0,1
4988.4,1,1,18.44,7.28,83.08,0,0,0,0,0
2165.23,1,2,9.73,39.09,5.56,0,10,0,1,0
1792.13,0,1,8.04,42.15,1307.84,1,9,1,0,0
1039.79,1,0,74.43,13.07,140.46,0,4,0,1,1
8083.58,0,1,100.0,15.48,152.2,0,11,0,0,0
4945.3,0,8,10.91,3.77,45.2,0,3,0,0,0
5172.91,0,1,8.76,6.51,4.34,0,4,0,0,0
1663.03,0,3,30.11,80.71,21.5,0,19,0,1,1
3737.93,0,2,15.05,16.56,157.11,0,10,0,0,0
822.41,1,2,28.82,29.68,48.27,0,6,0,0,0
88180.22,0,2,32.24,19.52,5.68,0,20,0,0,1
250.15,1,2,8.47,16.04,56.26,0,23,0,0,1
653.2,0,2,11.5,17.31,83.86,0,9,0,0,0
2270.35,0,0,36.25,13.79,61.49,0,3,0,1,0
33695.45,1,2,36.98,3.51,670.63,0,14,1,1,1
517.63,0,1,17.22,6.64,49.59,0,3,0,0,0
903.63,0,1,35.87,5.69,95.27,0,14,0,0,0
3892.38,1,1,2.17,14.53,185.02,0,3,0,0,0
18387.44,0,2,4.15,10.9,47.0,0,9,0,0,0
3835.95,0,1,18.28,18.67,115.04,0,19,0,0,0
6324.22,1,2,12.37,8.04,22.69,0,6,0,1,0
2235.89,0,1,15.71,2.48,68.61,0,8,0,0,0
1880.66,1,0,12.78,10.92,39.39,0,16,0,0,0
3402.22,1,2,7.65,7.29,101.35,0,12,0,0,0
1622.48,0,1,7.46,30.86,223.52,0,7,0,0,0
6465.72,0,0,36.25,4.14,65.81,0,7,0,1,1
628.75,0,2,3.85,100.0,236.47,0,20,0,1,1
7631.1,1,5,28.2,14.92,138.16,0,4,2,0,0
3259.45,0,2,15.84,66.81,929.69,1,15,0,0,1
2528.24,1,0,29.76,31.32,170.29,0,10,0,0,0
606.08,0,0,15.76,9.41,150.34,0,0,0,0,0
107115.44,1,2,14.25,30.93,142.61,1,9,2,0,1
10390.54,0,2,51.04,13.24,37.1,0,1,1,0,0
2543.77,0,1,16.64,6.28,222.76,0,15,1,0,0
4139.78,0,0,7.49,9.35,3657.61,1,7,0,0,0
1300.45,0,2,25.82,23.35,116.52,0,6,1,1,0
3044.05,1,1,20.9,11.58,49.23,0,9,0,0,0
82039.0,0,3,22.32,14.05,59.47,0,22,0,0,0
3462.97,0,1,24.54,4.32,746.89,0,5,0,0,0
4539.81,0,1,44.1,4.53,367.3,0,15,0,0,0
4318.29,0,1,63.2,8.24,44.51,0,22,1,0,0
70199.88,1,4,24.27,9.02,19.35,0,0,0,0,1
2225.97,1,3,3.03,21.04,119.2,0,2,2,1,0
5362.55,1,1,13.4,9.35,152.61,0,1,3,0,0
2536.56,0,1,23.99,22.37,34.4,0,13,7,0,1
2351.23,0,1,25.99,22.0,13.74,0,9,0,0,0
21025.0,1,1,84.86,3.23,219.46,0,17,0,0,0
62117.34,0,2,2.56,64.43,250.3,0,0,0,0,1
9231.88,1,1,85.47,22.74,145.7,0,10,0,0,0
987.64,0,2,15.71,22.62,317.51,0,23,0,0,0
6031.68,0,2,8.36,36.58,74.87,0,16,0,1,0
110133.37,1,1,8.05,4.88,509.84,0,14,0,0,0
1881.14,0,0,24.74,81.52,97.52,0,18,0,0,0
927.53,1,0,1.71,43.02,166.03,0,2,0,0,0
157702.68,0,2,11.25,9.98,318.05,0,3,1,0,1
1694.07,0,0,9.45,7.68,74.94,0,13,1,0,0
5304.01,0,2,32.35,9.75,3962.97,1,7,3,0,1
1066.75,0,4,14.23,19.43,139.39,0,16,0,0,0
3452.83,0,0,5.36,74.28,32.47,0,9,0,0,0
715.92,0,1,33.73,75.72,1.19,0,16,0,1,0
2480.24,1,0,3.31,27.44,18.27,0,14,0,0,0
995.21,1,1,28.39,19.79,3725.81,1,14,0,0,0
2898.71,0,1,17.5,30.08,0.2,0,14,0,0,1
1898.69,0,2,21.81,5.25,84.15,0,15,2,0,0
953.02,0,5,8.99,7.75,20.51,0,0,1,0,1
1621.53,1,3,20.19,24.76,136.36,0,18,2,0,0
1231.32,0,0,13.74,6.7,184.62,0,20,0,0,0
842.25,0,0,7.26,13.88,672.17,0,8,2,0,0
9253.4,0,1,50.82,12.65,149.21,0,2,0,0,0
2185.99,0,2,12.27,13.99,3119.71,1,17,1,1,1
346.46,0,0,28.76,16.4,62.1,0,17,0,0,0
1680.29,0,1,7.03,15.52,114.45,0,8,0,0,0
7822.13,1,9,6.16,1.5,2948.82,1,3,0,0,1
1463.58,0,1,51.03,35.53,274.04,0,13,0,1,0
14013.04,0,1,16.1,11.51,140.91,0,5,0,0,0
1330.54,0,2,1.6,24.82,166.81,0,18,0,0,0
5184.39,0,2,23.27,12.72,125.48,0,23,1,0,0
8836.43,0,3,62.47,10.76,70.09,0,20,0,1,1
4915.72,0,1,25.9,10.35,67.03,0,10,1,0,0
792.75,0,0,11.75,8.09,1945.22,1,0,1,0,0
1221.13,1,1,13.52,23.39,25.09,0,15,0,0,0
10097.78,0,0,18.76,16.6,3.62,0,17,3,0,0
1401.63,1,1,35.61,25.3,61.61,0,16,0,0,0
8313.84,0,2,77.07,21.27,1.9,0,13,0,1,0
2037.98,0,1,4.98,26.32,37.87,0,0,0,0,0
3609.91,1,2,4.84,57.87,37.05,0,1,0,0,0
783.6,1,11,23.54,12.16,106.23,0,23,0,0,1
1705.7,0,2,23.6,47.14,134.78,0,13,1,0,0
1305.96,1,0,16.85,4.63,59.4,0,2,0,1,0
3926.88,0,1,5.27,28.16,28.93,0,8,2,0,0
3439.9,0,3,43.26,7.82,33.95,0,17,0,0,0
4977.34,1,0,41.37,8.87,2.15,0,1,0,0,0
1918.84,1,2,13.83,14.72,91.55,0,16,0,0,0
1236.17,0,1,5.12,14.37,208.35,0,2,0,0,0
3762.09,0,3,100.0,14.87,10.7,0,7,0,0,1
1119.25,0,2,9.93,31.63,32.7,0,23,0,1,0
9213.48,0,1,16.0,13.6,133.41,0,23,0,0,0
2794.69,1,1,18.62,31.4,58.01,0,16,0,0,0
2261.68,0,3,9.31,1.03,62.71,0,4,0,0,0
4974.97,0,1,17.46,9.81,109.92,0,7,0,0,0
2903.39,0,0,19.68,100.0,13.57,0,16,0,0,1
597.02,0,1,16.27,8.09,19.28,0,17,0,0,0
1084.17,0,1,10.95,63.76,136.88,0,0,0,0,0
9024.59,1,3,17.34,34.79,33.42,0,2,0,1,1
3408.01,1,1,18.37,16.94,148.96,0,9,0,0,1
100246.87,1,0,21.04,30.14,107.47,0,10,0,0,0
4456.47,0,1,14.45,3.57,113.74,0,19,0,0,1
1791.38,0,8,20.36,13.46,3327.48,1,23,0,0,0
1307.01,0,2,0.75,13.54,18.36,0,20,1,0,1
997.38,0,1,23.01,94.57,25.1,0,10,0,0,0
8517.94,0,0,39.71,17.47,130.86,0,21,0,1,0
439.0,1,4,8.93,51.25,91.62,0,3,1,1,1
1356.24,1,2,100.0,29.61,129.13,0,6,0,0,0
3533.79,0,1,4.15,27.57,190.78,0,10,0,0,0
74050.1,0,1,4.37,2.86,39.82,0,2,0,0,0
5452.66,1,1,72.09,7.27,50.18,0,23,0,0,0
1344.77,0,4,19.63,19.27,248.58,1,0,0,0,1
14463.07,1,3,8.33,15.16,52.2,0,2,0,0,0
808.25,0,6,30.72,22.83,124.5,0,7,0,0,0
4086.06,0,0,11.2,13.01,99.52,0,3,0,0,0
5104.02,0,13,2.99,21.17,99.99,0,7,0,0,0
1298.4,1,3,14.17,20.48,107.35,0,21,1,0,0
6295.52,0,0,38.91,22.57,300.85,0,6,0,0,0
130305.71,1,9,17.31,23.15,9.92,0,5,0,1,1
6280.11,0,2,11.5,28.48,131.5,0,0,0,1,0
108851.79,0,2,40.13,70.14,78.64,0,5,0,1,1
4380.75,1,0,4.97,23.66,139.14,0,12,0,0,0
2075.37,0,2,34.23,10.26,1569.67,1,10,0,0,0
9894.2,0,0,18.57,14.02,31.95,1,1,0,0,1
2998.96,0,1,7.91,2.43,189.04,0,15,1,0,0
10929.6,1,0,7.84,30.0,49.31,0,9,0,0,0
5206.24,0,1,2.77,24.86,111.49,0,9,0,0,0
2758.64,0,2,17.43,10.01,17.14,0,1,1,0,1
6888.92,1,1,10.61,11.72,40.69,0,15,0,0,1
6933.07,1,0,21.74,5.31,176.02,0,1,2,0,0
5023.64,1,1,34.37,51.46,87.91,0,6,0,0,0
316.62,1,2,38.96,57.08,8.87,0,22,0,0,0
1173.14,1,2,7.0,12.63,121.39,0,22,0,0,0
12507.78,0,1,8.12,41.26,274.95,0,17,0,0,0
892.52,0,9,13.41,29.74,41.88,0,15,0,0,1
41160.79,1,1,30.43,69.79,0.66,0,14,1,0,1
66853.19,1,1,55.08,36.71,148.08,0,13,0,0,1
1516.63,1,10,12.09,14.3,189.81,0,12,1,0,1
426.14,0,10,1.27,2.33,120.62,0,5,1,0,1
1774.17,0,1,16.2,34.45,229.82,0,23,0,0,0
25034.62,0,2,34.01,14.68,100.14,0,11,1,0,0
1321.76,0,2,21.51,14.17,75.98,0,22,2,1,0
81091.24,0,1,2.54,5.56,247.29,0,17,0,0,1
119619.27,1,0,30.61,4.24,26.28,0,10,0,0,0
10559.53,0,0,43.61,23.21,202.96,0,15,0,0,0
2457.95,0,1,80.1,13.32,177.25,0,5,0,0,0
1675.88,0,2,33.03,20.36,30.15,0,20,0,0,0
12880.55,1,1,5.72,25.95,5.06,0,17,0,1,1
5594.25,1,2,32.52,14.54,0.96,0,10,0,0,1
1249.76,0,13,42.99,11.22,104.67,0,20,0,0,0
921.88,0,1,4.06,9.21,208.58,0,13,1,0,0
9978.32,0,2,3.08,20.36,70.69,0,3,0,0,1
3186.85,0,0,18.14,26.44,20.02,0,2,0,0,0
665.76,0,12,29.49,27.87,154.09,0,0,0,0,0
526.83,1,0,87.17,11.8,11.54,0,6,1,1,0
1026.55,1,1,18.64,17.4,10.19,0,2,5,0,1
907.34,0,0,23.16,37.99,182.85,0,10,0,0,0
405.01,0,2,10.55,38.52,47.65,0,15,4,1,0
1043.66,0,1,38.42,44.68,3481.85,1,13,3,0,1
1250.03,0,0,4.31,9.65,10.06,0,12,1,0,0
150438.04,0,0,33.22,23.88,394.57,0,11,0,1,0
17033.04,1,2,8.84,3.19,100.77,0,23,7,0,0
2399.84,0,1,20.84,92.84,19.94,0,7,0,0,0
2650.29,1,0,5.47,21.05,104.88,0,22,0,0,0
5214.8,0,0,12.84,13.74,343.5,0,5,0,1,0
2471.75,1,2,0.24,32.36,30.26,0,9,0,0,0
4675.79,1,0,13.93,7.9,146.13,0,11,0,1,1
4148.97,0,2,8.19,16.66,112.99,0,1,0,0,0
3542.5,0,3,24.45,21.05,35.26,0,15,1,0,0
49834.66,1,0,100.0,15.71,48.84,0,7,0,0,0
111539.86,0,6,3.6,4.88,226.09,0,21,0,0,1
1062.39,0,1,7.8,3.35,24.98,0,17,0,0,0
4537.91,0,3,28.49,15.34,31.04,0,6,1,0,0
1419.79,0,1,8.53,43.01,203.78,0,5,0,0,0
4896.38,1,0,21.27,21.53,63.55,0,23,0,0,0
792.2,0,1,13.73,22.88,73.26,0,0,1,0,0
1035.07,0,1,0.74,4.22,217.6,0,22,1,0,0
4420.06,0,1,14.2,80.64,126.46,0,4,1,0,0
8498.71,1,2,15.78,7.47,29.35,0,4,0,0,0
5180.44,1,1,9.29,2.43,115.41,0,17,0,0,0
7362.22,0,2,16.84,0.79,89.95,0,4,0,1,1
4554.26,0,1,25.84,14.19,42.78,0,16,0,0,0
3723.79,0,14,2.1,9.03,368.94,0,1,1,0,0
1893.74,0,2,27.44,14.02,241.03,0,11,0,0,0
7065.66,0,1,10.32,15.4,178.4,0,15,2,0,0
8733.13,0,0,14.38,31.86,177.34,0,10,1,0,0
2942.12,0,0,20.54,32.5,4407.5,1,10,0,0,0
2787.98,1,2,56.19,31.61,78.28,0,6,0,0,0
15388.96,0,0,2.72,3.46,94.98,0,4,5,0,0
3070.45,1,1,12.74,29.05,8.19,0,9,0,0,0
3380.19,0,1,36.46,10.86,19.51,0,23,1,0,0
164530.8,0,6,0.25,26.92,128.71,0,8,7,0,1
2841.8,0,1,10.98,5.12,0.82,0,15,0,0,0
1379.75,1,2,15.59,15.37,165.94,0,3,2,0,0
4573.19,1,0,11.4,10.0,109.22,0,0,0,0,0
3014.67,0,1,18.77,4.42,113.39,0,9,0,0,0
19776.5,1,2,26.12,23.62,9.45,0,17,0,0,0
6894.29,0,1,40.42,18.06,177.49,0,7,0,1,0
1727.65,0,1,16.38,8.21,59.71,0,14,0,0,0
6496.77,0,0,9.87,4.25,417.53,0,15,0,0,0
4263.59,0,0,71.42,71.68,253.32,0,10,2,1,1
11607.73,0,1,29.2,69.42,65.58,0,5,1,0,0
1854.83,1,1,28.91,15.4,2.34,0,2,1,1,1
3784.53,0,1,1.7,34.4,393.84,0,11,0,0,0
101727.21,0,0,10.06,6.32,0.61,0,17,0,0,1
3322.52,0,0,12.42,22.99,290.04,0,18,0,1,0
1293.1,0,1,26.41,22.72,23.23,0,14,0,0,0
5574.24,0,1,21.23,6.61,341.97,0,1,0,0,0
4759.82,1,2,58.83,29.32,2.31,0,20,0,0,1
11330.16,1,1,20.07,41.11,1.9,0,6,0,0,0
3102.53,0,1,76.63,58.38,140.81,0,0,0,0,0
2075.92,1,1,58.48,17.56,24.36,0,17,0,0,1
6900.12,0,0,18.21,31.73,134.11,0,16,1,0,0
71610.96,0,0,41.95,16.76,314.12,0,15,0,0,0
9274.13,0,6,17.3,33.53,93.6,0,17,0,0,1
9254.29,0,1,19.22,22.36,218.74,0,0,0,1,1
11017.93,0,0,23.03,7.04,52.3,0,21,4,0,1
4567.05,1,1,11.87,63.09,110.06,0,8,0,0,1
1926.58,0,0,100.0,9.84,96.6,0,15,1,1,1
3495.35,1,0,27.84,8.26,102.05,0,11,0,0,0
4582.82,1,2,16.06,7.41,71.26,0,8,0,0,0
1789.8,1,10,17.45,12.21,34.76,0,9,0,0,0
11886.0,0,9,1.4,15.63,447.83,0,5,1,1,0
5597.55,1,2,37.02,5.81,32.07,0,14,0,0,1
1284.05,0,3,8.27,20.27,54.34,0,7,0,0,0
20596.44,0,1,3.84,20.87,15.49,0,8,2,1,0
3454.35,0,0,43.77,7.3,113.84,0,13,2,0,0
1049.32,1,1,3.62,43.71,44.13,0,2,0,1,0
1366.14,0,5,20.48,3.03,238.98,0,8,0,0,0
13874.16,0,6,2.13,11.9,16.83,0,0,1,0,1
19437.99,1,3,79.28,19.32,130.54,0,16,3,0,1
8599.72,0,0,9.41,10.2,44.69,0,17,1,0,0
11723.01,1,3,40.56,19.97,105.25,0,22,1,0,0
10578.89,0,0,17.44,3.07,30.72,0,0,0,1,0
5469.36,0,4,10.81,6.37,89.09,0,8,1,0,0
4354.83,0,2,33.24,27.53,48.96,0,19,0,0,0
5376.88,0,0,12.7,29.07,244.4,0,17,0,0,1
6542.11,0,4,2.41,13.39,8.93,0,6,1,0,0
1492.79,0,1,16.55,19.98,27.11,0,5,0,0,0
6515.63,0,0,27.47,18.57,526.0,0,20,1,0,0
13475.34,1,0,1.93,37.16,223.7,0,8,0,0,1
2549.44,1,5,72.08,0.28,270.41,0,8,0,0,1
2291.02,0,1,6.02,5.16,37.25,0,4,4,1,0
5046.98,0,2,13.84,15.95,521.94,0,12,3,0,0
1636.54,0,0,14.61,72.27,25.16,0,15,0,0,0
839.81,1,2,11.49,38.11,174.98,0,5,0,1,1
9874.58,1,2,6.42,56.69,43.32,0,20,0,0,1
1996.3,0,1,64.27,28.89,416.73,0,14,0,0,0
3192.15,0,2,9.08,19.94,19.8,0,6,1,0,0
1702.54,1,1,2.74,13.4,87.78,0,18,0,0,1
11234.61,1,3,10.8,62.08,130.35,0,14,0,0,0
7355.3,0,0,20.27,12.86,88.24,0,7,0,0,0
2463.31,1,12,12.95,38.93,56.4,0,22,0,0,1
963.05,0,2,18.95,16.3,104.79,0,22,0,0,0
2215.14,0,1,16.6,33.12,4.19,0,8,0,0,0
5542.23,1,2,49.33,33.03,73.29,0,1,0,0,0
3784.37,0,0,21.6,25.09,122.73,0,12,0,1,1
3495.03,0,0,5.64,8.0,405.71,0,3,1,0,0
3872.67,1,1,19.12,3.19,164.74,0,21,0,0,0
6692.86,1,8,15.06,70.71,12.99,0,9,0,0,1
3005.32,0,2,13.75,71.41,186.66,0,4,0,0,1
4914.83,0,10,13.91,10.19,24.66,0,7,0,0,1
1168.04,1,0,1.75,7.39,1715.83,1,20,3,1,1
40289.69,0,3,12.98,1.35,222.07,0,18,1,0,0
2359.35,1,1,8.24,36.84,15.47,0,2,0,0,0
3841.4,1,2,7.56,21.32,21.68,0,3,6,0,1
5521.84,0,3,7.19,0.05,23.45,0,7,0,0,0
2078.1,0,0,46.78,18.1,92.84,0,13,1,1,0
3158.41,1,1,97.19,9.63,141.6,0,2,1,0,1
3120.27,1,0,13.48,10.33,337.01,0,5,0,1,0
1256.34,0,2,2.31,19.15,9.55,0,5,0,0,0
4859.01,0,0,42.5,3.83,25.35,0,12,0,0,0
602.31,1,0,1.48,6.67,51.3,0,7,0,1,0
18082.65,0,2,23.55,21.34,142.17,0,8,0,0,0
6925.54,0,2,32.71,6.6,152.44,0,19,0,0,0
5937.97,1,0,98.91,17.31,124.16,0,12,0,0,0
551.9,1,5,14.42,58.31,147.71,0,11,0,0,0
1418.66,1,2,42.45,20.05,116.85,0,3,0,0,0
12573.48,1,1,14.08,57.53,45.4,0,7,8,0,0
199036.08,0,1,5.85,17.0,235.28,0,15,0,0,1
10349.49,1,1,51.79,6.41,109.8,0,17,0,0,0
8839.13,0,1,89.32,12.1,91.79,0,18,1,0,0
5297.41,0,0,19.31,86.99,25.95,0,12,0,0,0
1342.79,1,3,15.22,13.44,57.52,0,7,0,0,0
8477.53,1,2,67.52,28.53,78.9,0,2,0,0,0
1041.89,1,0,12.21,32.81,13.15,0,18,0,0,0
933.94,0,0,13.19,28.54,36.46,0,22,0,0,0
876.97,1,0,17.35,9.84,237.32,0,6,0,0,0
8314.22,0,1,14.31,9.57,7.17,0,3,0,0,0
2958.94,1,1,14.41,10.33,64.27,0,17,0,0,1
3466.35,1,2,12.09,12.86,16.86,0,8,0,0,0
3085.89,0,0,19.04,1.39,346.51,0,14,0,0,1
1016.67,1,0,34.31,35.89,102.79,0,10,0,0,0
1602.42,1,1,0.73,14.24,7.27,0,11,0,0,0
1685.09,1,1,15.61,43.31,60.96,0,18,1,0,0
768.72,1,0,0.58,43.22,36.2,0,4,0,0,0
1892.76,1,0,19.92,49.44,49.41,0,18,1,0,0
1062.83,0,2,4.74,19.36,3673.77,1,7,0,1,1
5584.08,0,0,46.99,73.82,17.88,0,12,0,0,0
6069.13,1,2,22.17,11.4,40.73,0,1,0,1,1
89119.45,1,1,24.84,5.01,483.7,0,7,0,0,1
2329.41,1,1,37.99,10.32,133.29,0,14,1,1,1
20051.51,0,0,7.13,3.17,46.62,0,1,0,0,0
94963.86,0,0,7.1,2.71,60.01,0,7,7,0,1
161526.33,1,3,28.24,17.57,66.94,0,11,0,0,1
3482.56,1,0,7.36,14.73,45.85,0,4,0,1,1
9347.72,0,1,32.13,8.59,45.77,0,2,0,0,1
4211.05,0,0,69.06,17.41,148.87,0,3,0,0,1
2035.92,0,1,12.06,27.49,223.44,0,14,0,0,0
3350.16,0,4,26.66,21.14,306.13,0,20,0,0,0
58383.95,0,5,14.29,5.2,47.96,0,3,0,0,1
2859.22,0,1,19.56,61.75,100.34,0,22,0,0,1
837.89,0,2,8.12,83.5,124.56,0,17,0,0,0
10862.68,1,1,7.68,13.62,183.39,0,13,2,0,0
9103.68,1,1,2.91,16.24,2.95,0,9,0,0,1
1103.02,1,1,30.45,29.72,15.99,0,10,0,0,0
2319.89,0,9,10.59,8.92,409.95,0,21,0,0,0
2502.17,0,2,22.52,11.72,248.11,0,23,0,1,0
985.83,0,0,5.1,19.12,18.91,0,5,0,0,0
484.54,0,0,22.89,17.53,99.49,0,8,0,0,0
1602.64,0,3,20.37,46.9,4419.68,1,7,0,0,1
77368.73,1,1,15.05,3.9,1.95,0,23,0,0,0
741.57,1,1,21.98,40.84,50.14,0,8,0,0,0
3740.51,1,0,3.4,55.94,1.78,0,19,0,0,0
10025.19,0,2,47.91,62.85,278.09,0,6,0,1,0
7274.4,0,2,6.35,4.54,485.1,0,3,0,0,0
2760.91,0,0,3.0,22.92,11.29,0,8,0,0,0
497.5,0,1,29.3,1.41,114.82,0,15,0,0,0
6410.56,1,2,2.2,94.65,29.86,0,9,0,0,0
3627.84,0,0,50.43,8.44,26.08,0,22,0,0,0
4790.31,1,1,20.79,23.35,422.28,0,4,0,0,0
21722.48,0,8,27.61,20.77,218.0,0,6,0,0,0
75398.12,1,1,27.9,10.6,60.69,0,12,0,1,1
176.83,1,2,15.52,14.9,6.63,0,8,5,0,0
1092.85,0,1,46.82,50.82,190.54,0,3,0,1,0
5095.15,1,1,8.48,11.33,106.2,0,9,0,0,0
3219.32,0,3,19.48,18.19,501.43,0,2,0,0,0
929.24,1,0,5.67,18.96,337.17,0,3,0,0,0
757.7,1,2,72.21,7.59,124.97,0,7,0,0,0
2198.19,1,0,17.04,25.83,14.78,0,19,0,0,0
901.36,1,1,20.38,9.52,102.09,0,8,1,0,0
121340.12,0,1,1.02,8.7,177.78,0,17,0,0,0
2076.78,1,0,30.14,8.62,20.49,0,22,0,1,0
1673.85,1,2,9.26,9.23,12.35,0,8,0,0,0
1468.1,0,0,8.44,19.93,17.6,0,16,0,0,0
4077.02,0,2,4.11,26.33,10.61,0,14,0,0,0
3270.21,1,0,12.28,21.03,83.41,0,15,1,0,0
3835.12,1,1,29.69,30.17,155.31,0,18,0,0,0
3752.32,0,1,16.31,13.85,81.24,0,13,0,0,0
2915.52,1,1,27.2,82.21,195.98,0,6,0,0,0
1115.29,1,1,24.09,42.92,37.84,0,21,0,0,0
1509.63,0,0,79.38,23.35,53.42,0,14,0,0,1
2111.86,0,1,4.05,8.03,2766.54,1,14,1,1,1
24715.73,0,0,11.13,57.32,112.16,0,19,0,1,1
813.35,1,3,27.55,20.25,56.47,0,6,7,0,1
2061.16,0,3,14.87,11.87,93.62,0,23,0,0,0
3457.38,0,1,35.83,41.35,21.92,0,10,0,0,0
2313.85,1,7,12.59,11.64,17.59,0,21,0,1,1
38783.74,1,2,2.74,13.43,3281.73,1,22,0,0,1
2301.93,1,2,17.64,13.41,223.87,0,13,0,0,0
2478.62,0,1,11.75,51.27,181.65,0,4,0,1,0
7077.16,1,0,100.0,10.08,91.33,0,1,0,1,1
117851.94,0,1,7.08,21.9,97.25,0,0,1,0,0
12803.81,0,0,5.84,36.85,429.23,0,20,0,0,0
2733.52,1,0,11.84,9.46,27.69,0,10,0,0,0
104766.65,1,0,13.75,36.0,122.96,0,23,0,0,1
3283.68,0,2,27.52,19.37,226.59,0,9,0,0,0
3630.04,1,2,18.33,33.94,53.63,0,0,2,0,1
1342.99,0,1,42.81,25.05,86.26,0,20,0,0,0
7995.18,0,2,28.94,24.98,573.65,0,10,0,0,0
3853.01,0,3,5.55,44.88,6.11,0,18,0,1,0
2996.33,0,1,94.27,5.16,55.02,0,4,0,1,0
879.06,1,1,8.75,6.61,353.28,0,9,0,0,0
3335.19,1,4,20.8,16.18,219.83,0,18,0,0,0
471.91,1,2,48.1,4.62,146.05,0,19,1,0,0
1751.72,0,2,56.22,71.39,304.3,0,5,0,0,1
1784.52,0,1,73.66,6.3,71.71,0,6,0,0,0
4175.52,0,0,28.14,1.95,194.28,0,11,0,0,0
20534.26,1,0,20.33,24.61,4498.61,1,21,0,0,1
5551.97,0,1,81.15,68.72,594.81,0,14,0,0,1
13338.4,0,1,20.94,6.34,429.21,0,3,1,0,0
5974.24,1,0,8.16,3.58,83.85,0,23,0,0,1
9653.28,1,1,1.93,1.73,187.94,0,17,0,0,0
20072.93,0,2,11.97,4.86,123.84,0,21,0,0,1
1507.43,0,2,13.27,8.53,239.56,0,13,0,0,0
44909.22,1,1,28.7,15.01,99.75,0,10,0,0,0
6116.9,0,1,13.44,27.6,143.72,1,16,0,0,0
3122.29,0,3,8.32,92.82,81.32,0,13,0,0,0
63615.09,1,0,21.04,20.82,37.44,0,5,0,0,0
2443.86,0,2,14.31,40.46,92.9,0,1,0,0,0
1726.31,0,1,95.7,43.19,187.19,0,18,0,0,1
15847.46,0,3,3.83,2.66,226.01,0,0,0,0,0
1043.29,0,1,2.13,25.46,110.71,0,18,0,0,0
6225.4,0,0,17.32,37.9,144.84,0,2,0,0,0
5293.46,0,0,2.52,12.67,1122.17,1,3,0,0,1
646.12,0,0,44.45,70.04,169.28,0,17,1,0,0
1365.42,0,0,14.15,75.24,32.75,0,19,0,0,0
1615.35,1,1,24.07,14.05,304.33,0,21,0,0,0
5511.46,1,0,10.58,64.92,137.13,0,8,0,1,0
2171.05,0,2,20.46,23.73,48.82,0,14,1,0,0
2876.73,0,5,5.76,28.45,56.74,0,13,0,0,0
729.5,1,1,2.67,15.55,27.04,0,9,7,0,0
32077.55,1,0,10.61,67.08,241.46,0,5,0,0,1
3365.04,1,2,11.74,11.87,306.42,0,10,7,0,1
5161.59,0,0,9.53,0.37,14.32,0,2,0,0,0
1825.07,0,14,4.76,17.89,41.49,0,23,1,0,1
1631.69,0,0,5.65,90.14,105.74,0,11,0,1,0
21219.69,1,0,58.68,37.36,66.91,0,13,1,0,0
460.94,0,2,74.06,15.43,14.74,0,21,1,0,0
4140.81,0,1,4.46,43.69,87.7,0,16,0,0,0
51261.46,0,0,4.13,24.55,123.19,0,15,0,0,0
2090.17,0,1,12.74,29.21,163.14,0,7,0,0,0
1655.58,0,2,58.2,20.17,50.08,0,3,0,0,0
1169.14,0,1,9.86,2.8,61.51,0,2,1,0,0
3246.85,1,1,100.0,50.34,113.9,0,9,1,1,0
240.32,1,0,9.75,11.59,24.86,0,21,0,0,0
2285.89,1,0,26.23,24.39,109.4,0,16,0,0,0
2863.24,0,0,76.25,15.05,0.64,0,10,1,0,0
804.9,1,3,7.7,11.37,2805.69,1,17,0,0,1
14231.58,1,2,3.82,27.07,159.31,0,2,0,0,0
1729.42,0,2,9.26,21.37,74.07,0,11,0,0,0
2471.34,0,1,5.47,10.35,7.38,0,5,0,0,0
1733.3,1,0,24.55,24.4,21.76,0,8,0,0,0
2888.33,0,2,12.35,11.56,158.73,0,0,0,0,0
11592.85,0,0,0.97,2.9,14.34,0,16,0,1,0
37161.03,0,0,44.57,8.0,1989.94,1,0,0,0,0
6605.38,0,1,32.01,5.01,70.91,0,6,0,1,0
9302.08,0,0,15.12,55.93,41.78,0,7,0,0,0
17438.36,0,1,53.79,14.96,2.49,0,9,0,0,0
4019.33,0,0,17.02,51.21,404.05,0,15,0,1,0
15066.83,1,0,9.63,1.38,118.6,0,5,0,0,0
6921.59,0,0,20.92,13.05,11.66,0,0,0,0,0
3619.12,0,4,20.07,25.7,57.97,0,2,2,0,1
84558.0,0,2,10.37,13.23,6.1,0,10,0,0,0
507.04,1,0,12.07,9.29,187.79,0,4,0,0,0
4196.97,1,0,24.7,78.7,206.24,0,11,0,0,0
669.31,0,5,8.22,100.0,1377.15,1,19,0,0,0
616.91,0,0,68.7,49.32,503.08,0,21,0,0,1
3800.46,0,7,18.26,19.81,91.51,0,7,0,0,0
74112.67,0,3,36.99,7.18,301.32,0,5,1,0,1
3111.58,1,1,16.7,9.82,95.8,0,23,0,1,0
3599.08,0,3,8.35,17.18,56.93,0,6,0,0,0
3763.29,1,1,12.37,15.17,19.0,0,22,0,0,0
1268.87,0,4,25.56,9.3,102.0,0,16,1,0,0
7697.74,0,1,8.12,13.12,107.47,0,13,0,0,0
2866.26,1,0,23.9,78.39,81.72,0,17,3,0,0
4871.1,0,0,29.41,6.51,54.01,0,22,0,0,0
947.25,1,1,25.03,70.62,101.62,0,11,1,0,0
2621.95,0,1,46.73,1.98,37.76,0,22,1,0,0
9389.0,1,0,18.12,46.59,12.36,0,1,0,1,1
8268.25,0,0,8.18,22.47,162.11,0,6,1,0,0
1411.92,0,0,12.41,13.26,18.21,0,14,0,0,0
1816.09,1,0,13.95,12.62,11.62,0,20,1,0,0
1165.98,0,2,3.08,5.83,104.34,0,20,0,0,0
1625.53,0,3,8.03,28.3,86.88,0,5,0,0,0
773.51,1,1,43.89,3.66,111.12,0,0,2,0,0
2729.36,0,0,42.23,34.31,205.11,0,4,0,0,0
5902.54,1,0,14.69,13.42,203.22,0,22,0,1,0
1429.31,1,13,9.17,33.24,156.63,0,15,0,1,1
2862.34,1,1,22.44,0.93,70.45,0,8,0,1,0
89391.16,0,2,10.77,23.61,19.04,0,5,0,0,1
9001.25,0,4,35.14,11.05,70.7,0,12,0,0,0
1700.04,1,3,9.31,10.79,148.07,0,6,0,1,0
1763.02,0,10,67.04,13.43,59.16,0,0,0,1,0
1344.77,0,6,8.66,28.03,134.61,0,0,0,0,0
1004.75,0,1,0.82,43.79,221.32,0,16,0,1,0
5319.77,0,0,1.83,63.24,206.42,0,23,1,0,1
2737.74,0,1,13.34,4.05,12.16,0,21,1,0,0
3310.35,1,0,12.79,6.74,10.78,0,16,2,0,0
11210.89,1,2,13.89,13.24,11.72,0,4,0,0,0
11873.69,1,0,32.33,100.0,133.23,0,10,0,1,0
604.12,0,0,3.04,27.07,309.69,0,3,1,1,0
5989.93,0,0,10.31,6.41,326.78,0,18,1,0,0
3927.06,0,3,13.56,33.33,14.66,0,8,0,0,0
1975.17,1,3,59.83,39.23,13.58,0,2,0,0,1
4348.92,0,3,37.56,59.24,76.22,1,23,1,0,1
557.59,0,2,10.75,19.42,167.32,0,21,2,0,1
13529.7,0,1,82.6,10.14,20.06,0,20,0,0,0
5244.55,1,2,19.26,23.98,100.04,0,3,0,0,0
83362.97,1,2,20.66,3.62,24.33,0,5,0,0,0
1745.14,1,1,10.9,97.01,196.54,0,14,0,0,1
570.69,0,1,11.88,5.3,174.9,0,17,0,0,0
2289.39,1,0,23.72,16.06,10.22,0,18,1,0,1
1933.85,0,1,30.95,3.83,334.83,0,2,0,0,0
832.88,0,3,4.21,5.27,105.18,0,19,0,0,0
6813.78,0,0,56.57,80.11,219.61,1,2,1,0,1
11235.09,0,1,57.26,55.76,7.23,0,12,0,0,0
98276.13,0,8,14.8,5.71,4364.19,1,8,0,0,1
2308.5,0,1,6.42,20.96,2.88,0,12,0,0,0
4841.52,0,1,3.65,32.68,93.43,0,20,0,0,0
101838.89,1,0,27.1,23.55,82.99,0,0,0,0,1
1061.91,1,1,49.0,9.36,130.13,0,3,0,0,0
73202.82,1,12,14.35,76.47,167.69,0,12,0,0,1
2329.86,0,9,25.13,17.26,7.96,0,3,1,0,1
4016.58,0,1,8.19,72.81,201.95,0,21,0,0,1
3163.19,1,3,95.03,65.88,189.32,0,19,0,1,0
3867.52,0,1,55.15,23.26,22.06,0,14,1,0,0
682.1,0,1,10.5,18.23,372.82,0,0,0,0,0
6094.96,0,0,18.41,5.4,20.01,0,12,0,1,0
3144.52,1,2,99.02,24.81,48.41,0,18,1,0,0
40243.71,0,0,11.76,12.13,23.99,0,16,0,0,1
2126.78,1,3,28.8,27.68,349.01,0,16,1,0,1
4330.59,0,0,10.15,84.5,27.35,0,4,0,0,1
53062.15,0,3,16.3,28.68,52.02,0,13,0,0,1
3805.08,0,1,34.69,9.09,136.34,0,8,0,0,0
2928.86,0,1,19.38,15.07,9.5,0,11,0,0,0
1168.03,0,2,20.94,83.4,10.75,0,11,2,0,1
14447.35,1,1,22.21,38.58,33.53,0,9,1,0,0
983.28,0,3,22.53,85.45,25.57,0,15,0,1,1
4803.6,0,0,83.21,26.46,124.67,0,15,0,0,0
1951.68,1,2,2.96,36.04,237.9,0,4,0,0,0
2593.24,0,6,12.18,4.93,75.67,0,2,0,1,1
754.51,0,0,20.16,6.62,439.24,0,4,0,0,0
12005.58,0,2,24.49,17.99,47.26,0,7,5,0,1
2373.69,0,0,11.46,27.03,34.24,0,13,1,0,0
929.74,0,1,5.37,28.85,64.61,0,10,0,0,0
10967.49,1,0,73.81,15.78,27.39,0,21,1,0,1
1892.9,0,1,15.52,17.2,73.3,0,17,0,0,0
4379.14,1,0,9.96,9.3,118.28,0,20,0,0,1
34442.28,0,0,28.73,62.96,239.88,0,2,4,0,1
5034.32,1,0,2.94,61.24,146.74,0,13,1,0,1
348.4,1,0,36.58,3.53,30.15,0,22,6,0,0
6281.45,0,0,2.43,2.23,21.37,0,17,0,0,0
2833.84,0,0,11.27,27.76,28.33,0,23,0,0,0
2255.15,0,2,16.45,40.17,296.1,0,11,0,0,1
2809.96,1,1,3.03,7.29,687.22,0,10,1,0,0
626.39,1,1,21.52,11.88,168.45,0,10,0,0,0
3797.78,0,0,0.12,20.05,4772.72,1,14,0,0,0
800.8,1,1,37.19,2.05,125.58,0,22,0,0,0
2354.68,0,0,14.67,1.9,115.03,1,12,0,0,0
3663.83,0,1,8.58,25.96,1.31,0,3,3,0,0
9173.16,1,0,10.51,12.07,4468.18,1,11,1,0,1
1380.76,0,0,2.74,14.34,2.63,0,5,6,1,1
13380.95,0,1,6.62,29.31,67.63,0,4,6,0,1
8077.63,1,0,15.76,0.07,106.99,0,18,0,0,0
2039.77,0,1,26.79,8.17,198.32,0,5,0,0,0
55896.52,1,1,13.93,29.28,12.74,0,7,1,1,1
739.65,0,0,17.63,9.7,20.18,0,10,0,0,0
4112.37,0,3,1.6,2.23,5.34,0,2,0,0,0
1499.24,0,2,26.03,22.29,23.33,0,12,0,0,0
10397.88,1,3,9.85,10.29,167.58,0,4,0,0,0
1588.39,0,14,33.35,4.96,120.84,0,17,0,0,0
137895.95,0,3,10.43,1.56,106.02,0,16,0,0,0
3958.52,1,2,31.69,23.56,124.73,0,4,0,0,1
1578.06,1,3,15.37,3.58,18.01,0,16,0,0,0
136026.41,1,1,2.29,54.69,138.41,0,21,0,1,1
8400.02,0,3,19.98,10.38,40.16,0,2,0,0,0
3523.57,0,1,6.6,32.86,137.63,0,5,0,0,0
3536.75,0,2,12.53,33.21,141.21,0,5,0,0,0
3847.38,1,2,9.4,3.82,66.45,0,1,0,1,0
137879.3,1,3,2.7,74.84,116.88,0,22,1,1,0
4637.07,1,2,26.7,5.32,152.21,0,6,0,0,0
